SET FOREIGN_KEY_CHECKS=0;
SET SQL_MODE = "NO_AUTO_VALUE_ON_ZERO";
START TRANSACTION;
SET time_zone = "+00:00";

/*!40101 SET @OLD_CHARACTER_SET_CLIENT=@@CHARACTER_SET_CLIENT */;
/*!40101 SET @OLD_CHARACTER_SET_RESULTS=@@CHARACTER_SET_RESULTS */;
/*!40101 SET @OLD_COLLATION_CONNECTION=@@COLLATION_CONNECTION */;
/*!40101 SET NAMES utf8mb4 */;

CREATE DATABASE IF NOT EXISTS `keycloak` DEFAULT CHARACTER SET utf8mb3 COLLATE utf8mb3_general_ci;
USE `keycloak`;

DROP TABLE IF EXISTS `ADMIN_EVENT_ENTITY`;
CREATE TABLE `ADMIN_EVENT_ENTITY` (
  `ID` varchar(36) NOT NULL,
  `ADMIN_EVENT_TIME` bigint(20) DEFAULT NULL,
  `REALM_ID` varchar(255) DEFAULT NULL,
  `OPERATION_TYPE` varchar(255) DEFAULT NULL,
  `AUTH_REALM_ID` varchar(255) DEFAULT NULL,
  `AUTH_CLIENT_ID` varchar(255) DEFAULT NULL,
  `AUTH_USER_ID` varchar(255) DEFAULT NULL,
  `IP_ADDRESS` varchar(255) DEFAULT NULL,
  `RESOURCE_PATH` text DEFAULT NULL,
  `REPRESENTATION` text DEFAULT NULL,
  `ERROR` varchar(255) DEFAULT NULL,
  `RESOURCE_TYPE` varchar(64) DEFAULT NULL
) ENGINE=InnoDB DEFAULT CHARSET=utf8mb4 COLLATE=utf8mb4_general_ci;

DROP TABLE IF EXISTS `ASSOCIATED_POLICY`;
CREATE TABLE `ASSOCIATED_POLICY` (
  `POLICY_ID` varchar(36) NOT NULL,
  `ASSOCIATED_POLICY_ID` varchar(36) NOT NULL
) ENGINE=InnoDB DEFAULT CHARSET=utf8mb4 COLLATE=utf8mb4_general_ci;

DROP TABLE IF EXISTS `AUTHENTICATION_EXECUTION`;
CREATE TABLE `AUTHENTICATION_EXECUTION` (
  `ID` varchar(36) NOT NULL,
  `ALIAS` varchar(255) DEFAULT NULL,
  `AUTHENTICATOR` varchar(36) DEFAULT NULL,
  `REALM_ID` varchar(36) DEFAULT NULL,
  `FLOW_ID` varchar(36) DEFAULT NULL,
  `REQUIREMENT` int(11) DEFAULT NULL,
  `PRIORITY` int(11) DEFAULT NULL,
  `AUTHENTICATOR_FLOW` bit(1) NOT NULL DEFAULT b'0',
  `AUTH_FLOW_ID` varchar(36) DEFAULT NULL,
  `AUTH_CONFIG` varchar(36) DEFAULT NULL
) ENGINE=InnoDB DEFAULT CHARSET=utf8mb4 COLLATE=utf8mb4_general_ci;

INSERT INTO `AUTHENTICATION_EXECUTION` (`ID`, `ALIAS`, `AUTHENTICATOR`, `REALM_ID`, `FLOW_ID`, `REQUIREMENT`, `PRIORITY`, `AUTHENTICATOR_FLOW`, `AUTH_FLOW_ID`, `AUTH_CONFIG`) VALUES('0260b479-51e5-4deb-a56d-3ac0deb70a8f', NULL, 'basic-auth-otp', 'ca5abdd7-1552-4581-bbd5-442181834c09', 'c072601b-083b-44e2-a649-e297e5987caa', 3, 20, b'0', NULL, NULL);
INSERT INTO `AUTHENTICATION_EXECUTION` (`ID`, `ALIAS`, `AUTHENTICATOR`, `REALM_ID`, `FLOW_ID`, `REQUIREMENT`, `PRIORITY`, `AUTHENTICATOR_FLOW`, `AUTH_FLOW_ID`, `AUTH_CONFIG`) VALUES('02d52d7a-ac32-4db8-890f-a65e80fa196e', NULL, 'docker-http-basic-authenticator', 'ca5abdd7-1552-4581-bbd5-442181834c09', '64a0b0c1-f0c3-4346-9cb3-408f57ca7279', 0, 10, b'0', NULL, NULL);
INSERT INTO `AUTHENTICATION_EXECUTION` (`ID`, `ALIAS`, `AUTHENTICATOR`, `REALM_ID`, `FLOW_ID`, `REQUIREMENT`, `PRIORITY`, `AUTHENTICATOR_FLOW`, `AUTH_FLOW_ID`, `AUTH_CONFIG`) VALUES('03d0dc14-4726-4182-afbd-aaba6c4dd2c0', NULL, NULL, 'fa2d39cd-24de-4543-8c1d-b35954a7576e', '397c8ae3-2994-4b63-9fc5-27e37c3891a6', 0, 20, b'1', '12290ff7-fffb-49a6-a4c4-954e0e00fb12', NULL);
INSERT INTO `AUTHENTICATION_EXECUTION` (`ID`, `ALIAS`, `AUTHENTICATOR`, `REALM_ID`, `FLOW_ID`, `REQUIREMENT`, `PRIORITY`, `AUTHENTICATOR_FLOW`, `AUTH_FLOW_ID`, `AUTH_CONFIG`) VALUES('0be6b465-0483-46bc-a022-cf1036d142a0', NULL, 'reset-otp', 'ca5abdd7-1552-4581-bbd5-442181834c09', '93f9a2fc-4246-43ef-9a52-5769fc7ec378', 0, 20, b'0', NULL, NULL);
INSERT INTO `AUTHENTICATION_EXECUTION` (`ID`, `ALIAS`, `AUTHENTICATOR`, `REALM_ID`, `FLOW_ID`, `REQUIREMENT`, `PRIORITY`, `AUTHENTICATOR_FLOW`, `AUTH_FLOW_ID`, `AUTH_CONFIG`) VALUES('0e066ea7-ec78-4ff0-b5e9-b895bcfaccec', NULL, NULL, 'ca5abdd7-1552-4581-bbd5-442181834c09', '4c3e694c-fda2-4605-9172-589ddd9cbf46', 0, 20, b'1', '1d5fbca0-eab2-4621-95d0-b3280df877b8', NULL);
INSERT INTO `AUTHENTICATION_EXECUTION` (`ID`, `ALIAS`, `AUTHENTICATOR`, `REALM_ID`, `FLOW_ID`, `REQUIREMENT`, `PRIORITY`, `AUTHENTICATOR_FLOW`, `AUTH_FLOW_ID`, `AUTH_CONFIG`) VALUES('0e5d07df-9176-4005-bd4c-f932c7e22c8a', NULL, 'client-secret-jwt', 'ca5abdd7-1552-4581-bbd5-442181834c09', '7992de89-cc18-43e9-96e1-b116080a9124', 2, 30, b'0', NULL, NULL);
INSERT INTO `AUTHENTICATION_EXECUTION` (`ID`, `ALIAS`, `AUTHENTICATOR`, `REALM_ID`, `FLOW_ID`, `REQUIREMENT`, `PRIORITY`, `AUTHENTICATOR_FLOW`, `AUTH_FLOW_ID`, `AUTH_CONFIG`) VALUES('102f221c-fd2f-4a2a-9770-a887f85c14c9', NULL, 'idp-username-password-form', 'ca5abdd7-1552-4581-bbd5-442181834c09', 'e5398a4a-b04e-443d-a9fb-edd511b42260', 0, 10, b'0', NULL, NULL);
INSERT INTO `AUTHENTICATION_EXECUTION` (`ID`, `ALIAS`, `AUTHENTICATOR`, `REALM_ID`, `FLOW_ID`, `REQUIREMENT`, `PRIORITY`, `AUTHENTICATOR_FLOW`, `AUTH_FLOW_ID`, `AUTH_CONFIG`) VALUES('11c23e0e-d735-46b0-8d26-ba7210933816', NULL, 'direct-grant-validate-otp', 'ca5abdd7-1552-4581-bbd5-442181834c09', '0e2c3ebd-238f-40e4-bc3c-822f93e5e9df', 0, 20, b'0', NULL, NULL);
INSERT INTO `AUTHENTICATION_EXECUTION` (`ID`, `ALIAS`, `AUTHENTICATOR`, `REALM_ID`, `FLOW_ID`, `REQUIREMENT`, `PRIORITY`, `AUTHENTICATOR_FLOW`, `AUTH_FLOW_ID`, `AUTH_CONFIG`) VALUES('12913b05-fb13-4e74-bb19-905057196bbe', NULL, 'conditional-user-configured', 'ca5abdd7-1552-4581-bbd5-442181834c09', 'f13950e4-ef36-40c4-baab-0410ab2bdab3', 0, 10, b'0', NULL, NULL);
INSERT INTO `AUTHENTICATION_EXECUTION` (`ID`, `ALIAS`, `AUTHENTICATOR`, `REALM_ID`, `FLOW_ID`, `REQUIREMENT`, `PRIORITY`, `AUTHENTICATOR_FLOW`, `AUTH_FLOW_ID`, `AUTH_CONFIG`) VALUES('146a37cc-35f4-4550-9ef6-0db8c218c6d2', NULL, 'conditional-user-configured', 'fa2d39cd-24de-4543-8c1d-b35954a7576e', 'ce3699d3-2965-47d7-b860-30faf719705a', 0, 10, b'0', NULL, NULL);
INSERT INTO `AUTHENTICATION_EXECUTION` (`ID`, `ALIAS`, `AUTHENTICATOR`, `REALM_ID`, `FLOW_ID`, `REQUIREMENT`, `PRIORITY`, `AUTHENTICATOR_FLOW`, `AUTH_FLOW_ID`, `AUTH_CONFIG`) VALUES('1f8633bf-e806-4e9d-8584-c688a45a2afd', NULL, 'conditional-user-configured', 'ca5abdd7-1552-4581-bbd5-442181834c09', 'ba94971a-fee8-4013-947a-1db5f533e279', 0, 10, b'0', NULL, NULL);
INSERT INTO `AUTHENTICATION_EXECUTION` (`ID`, `ALIAS`, `AUTHENTICATOR`, `REALM_ID`, `FLOW_ID`, `REQUIREMENT`, `PRIORITY`, `AUTHENTICATOR_FLOW`, `AUTH_FLOW_ID`, `AUTH_CONFIG`) VALUES('1ff5caba-a45c-486a-a201-ff1f7378fc8f', NULL, 'reset-credentials-choose-user', 'fa2d39cd-24de-4543-8c1d-b35954a7576e', '23f83e7c-6560-4a9a-b81a-38c51a5d811a', 0, 10, b'0', NULL, NULL);
INSERT INTO `AUTHENTICATION_EXECUTION` (`ID`, `ALIAS`, `AUTHENTICATOR`, `REALM_ID`, `FLOW_ID`, `REQUIREMENT`, `PRIORITY`, `AUTHENTICATOR_FLOW`, `AUTH_FLOW_ID`, `AUTH_CONFIG`) VALUES('210c0981-c284-402e-a480-b7b8e9de0300', NULL, 'docker-http-basic-authenticator', 'fa2d39cd-24de-4543-8c1d-b35954a7576e', '3ea74b9d-207a-4455-b00f-bb6eb2693bfe', 0, 10, b'0', NULL, NULL);
INSERT INTO `AUTHENTICATION_EXECUTION` (`ID`, `ALIAS`, `AUTHENTICATOR`, `REALM_ID`, `FLOW_ID`, `REQUIREMENT`, `PRIORITY`, `AUTHENTICATOR_FLOW`, `AUTH_FLOW_ID`, `AUTH_CONFIG`) VALUES('21e9ffc6-5db5-47f9-8b85-28b45d03a006', NULL, NULL, 'fa2d39cd-24de-4543-8c1d-b35954a7576e', '75d6a394-ca4b-4b9c-94f5-5865a6a46ff3', 2, 20, b'1', '397c8ae3-2994-4b63-9fc5-27e37c3891a6', NULL);
INSERT INTO `AUTHENTICATION_EXECUTION` (`ID`, `ALIAS`, `AUTHENTICATOR`, `REALM_ID`, `FLOW_ID`, `REQUIREMENT`, `PRIORITY`, `AUTHENTICATOR_FLOW`, `AUTH_FLOW_ID`, `AUTH_CONFIG`) VALUES('24dd8f13-b8e1-41a0-bd6b-5070a143d227', NULL, 'registration-recaptcha-action', 'fa2d39cd-24de-4543-8c1d-b35954a7576e', 'cba7bfa6-7e30-491c-9ee6-128cf57ad2e1', 3, 60, b'0', NULL, NULL);
INSERT INTO `AUTHENTICATION_EXECUTION` (`ID`, `ALIAS`, `AUTHENTICATOR`, `REALM_ID`, `FLOW_ID`, `REQUIREMENT`, `PRIORITY`, `AUTHENTICATOR_FLOW`, `AUTH_FLOW_ID`, `AUTH_CONFIG`) VALUES('255801f8-44c3-4603-9281-6f65c3a012b2', NULL, NULL, 'fa2d39cd-24de-4543-8c1d-b35954a7576e', 'a300a91b-903a-4c72-85c1-83b92c2420f4', 2, 30, b'1', 'ffb92ed3-915a-408e-8f7d-765be7bdd222', NULL);
INSERT INTO `AUTHENTICATION_EXECUTION` (`ID`, `ALIAS`, `AUTHENTICATOR`, `REALM_ID`, `FLOW_ID`, `REQUIREMENT`, `PRIORITY`, `AUTHENTICATOR_FLOW`, `AUTH_FLOW_ID`, `AUTH_CONFIG`) VALUES('2803206f-6b86-4a89-844b-92d7597fa8d3', NULL, 'registration-password-action', 'fa2d39cd-24de-4543-8c1d-b35954a7576e', 'cba7bfa6-7e30-491c-9ee6-128cf57ad2e1', 0, 50, b'0', NULL, NULL);
INSERT INTO `AUTHENTICATION_EXECUTION` (`ID`, `ALIAS`, `AUTHENTICATOR`, `REALM_ID`, `FLOW_ID`, `REQUIREMENT`, `PRIORITY`, `AUTHENTICATOR_FLOW`, `AUTH_FLOW_ID`, `AUTH_CONFIG`) VALUES('28cbd99c-36e4-41a8-9daf-947f6d122718', NULL, 'registration-recaptcha-action', 'ca5abdd7-1552-4581-bbd5-442181834c09', '93a47a72-200d-4c3e-9d1a-4f63c2e6a443', 3, 60, b'0', NULL, NULL);
INSERT INTO `AUTHENTICATION_EXECUTION` (`ID`, `ALIAS`, `AUTHENTICATOR`, `REALM_ID`, `FLOW_ID`, `REQUIREMENT`, `PRIORITY`, `AUTHENTICATOR_FLOW`, `AUTH_FLOW_ID`, `AUTH_CONFIG`) VALUES('28ffb9be-8bbb-45a0-8646-a12f43e319e8', NULL, 'direct-grant-validate-otp', 'fa2d39cd-24de-4543-8c1d-b35954a7576e', '58ae1fea-0833-4dc2-8fa5-99860e30cb49', 0, 20, b'0', NULL, NULL);
INSERT INTO `AUTHENTICATION_EXECUTION` (`ID`, `ALIAS`, `AUTHENTICATOR`, `REALM_ID`, `FLOW_ID`, `REQUIREMENT`, `PRIORITY`, `AUTHENTICATOR_FLOW`, `AUTH_FLOW_ID`, `AUTH_CONFIG`) VALUES('29af2b65-3a19-4396-a390-5160f9cf31d6', NULL, NULL, 'fa2d39cd-24de-4543-8c1d-b35954a7576e', 'ffb92ed3-915a-408e-8f7d-765be7bdd222', 1, 20, b'1', '525376c4-454b-4eee-b47f-60da589d9406', NULL);
INSERT INTO `AUTHENTICATION_EXECUTION` (`ID`, `ALIAS`, `AUTHENTICATOR`, `REALM_ID`, `FLOW_ID`, `REQUIREMENT`, `PRIORITY`, `AUTHENTICATOR_FLOW`, `AUTH_FLOW_ID`, `AUTH_CONFIG`) VALUES('2b67b489-3b09-4238-b98e-587b2655507c', NULL, 'registration-page-form', 'fa2d39cd-24de-4543-8c1d-b35954a7576e', 'dc9739c5-6bf8-4d67-a9a2-1c6a054a1afd', 0, 10, b'1', 'cba7bfa6-7e30-491c-9ee6-128cf57ad2e1', NULL);
INSERT INTO `AUTHENTICATION_EXECUTION` (`ID`, `ALIAS`, `AUTHENTICATOR`, `REALM_ID`, `FLOW_ID`, `REQUIREMENT`, `PRIORITY`, `AUTHENTICATOR_FLOW`, `AUTH_FLOW_ID`, `AUTH_CONFIG`) VALUES('2b73b611-7e01-49e9-b520-5b9306523f76', NULL, NULL, 'ca5abdd7-1552-4581-bbd5-442181834c09', '1d5fbca0-eab2-4621-95d0-b3280df877b8', 2, 20, b'1', 'e5398a4a-b04e-443d-a9fb-edd511b42260', NULL);
INSERT INTO `AUTHENTICATION_EXECUTION` (`ID`, `ALIAS`, `AUTHENTICATOR`, `REALM_ID`, `FLOW_ID`, `REQUIREMENT`, `PRIORITY`, `AUTHENTICATOR_FLOW`, `AUTH_FLOW_ID`, `AUTH_CONFIG`) VALUES('2c03da7b-180a-4a8e-ba3b-a7d9b711242f', NULL, 'registration-profile-action', 'fa2d39cd-24de-4543-8c1d-b35954a7576e', 'cba7bfa6-7e30-491c-9ee6-128cf57ad2e1', 0, 40, b'0', NULL, NULL);
INSERT INTO `AUTHENTICATION_EXECUTION` (`ID`, `ALIAS`, `AUTHENTICATOR`, `REALM_ID`, `FLOW_ID`, `REQUIREMENT`, `PRIORITY`, `AUTHENTICATOR_FLOW`, `AUTH_FLOW_ID`, `AUTH_CONFIG`) VALUES('32082a28-1224-4df6-bc44-9438628e10c9', NULL, 'identity-provider-redirector', 'ca5abdd7-1552-4581-bbd5-442181834c09', 'b23d9149-407d-4d29-befb-94914a0ff9f8', 2, 25, b'0', NULL, NULL);
INSERT INTO `AUTHENTICATION_EXECUTION` (`ID`, `ALIAS`, `AUTHENTICATOR`, `REALM_ID`, `FLOW_ID`, `REQUIREMENT`, `PRIORITY`, `AUTHENTICATOR_FLOW`, `AUTH_FLOW_ID`, `AUTH_CONFIG`) VALUES('37e0e243-12d8-4448-9116-e51d8e3e63e0', NULL, 'registration-user-creation', 'fa2d39cd-24de-4543-8c1d-b35954a7576e', 'cba7bfa6-7e30-491c-9ee6-128cf57ad2e1', 0, 20, b'0', NULL, NULL);
INSERT INTO `AUTHENTICATION_EXECUTION` (`ID`, `ALIAS`, `AUTHENTICATOR`, `REALM_ID`, `FLOW_ID`, `REQUIREMENT`, `PRIORITY`, `AUTHENTICATOR_FLOW`, `AUTH_FLOW_ID`, `AUTH_CONFIG`) VALUES('3917fc56-78cb-402d-8f0f-bd3a13c6df2b', NULL, 'auth-otp-form', 'fa2d39cd-24de-4543-8c1d-b35954a7576e', 'ce3699d3-2965-47d7-b860-30faf719705a', 0, 20, b'0', NULL, NULL);
INSERT INTO `AUTHENTICATION_EXECUTION` (`ID`, `ALIAS`, `AUTHENTICATOR`, `REALM_ID`, `FLOW_ID`, `REQUIREMENT`, `PRIORITY`, `AUTHENTICATOR_FLOW`, `AUTH_FLOW_ID`, `AUTH_CONFIG`) VALUES('3b115097-d959-412c-80ce-54f51b9b5d73', NULL, 'basic-auth', 'ca5abdd7-1552-4581-bbd5-442181834c09', 'c072601b-083b-44e2-a649-e297e5987caa', 0, 10, b'0', NULL, NULL);
INSERT INTO `AUTHENTICATION_EXECUTION` (`ID`, `ALIAS`, `AUTHENTICATOR`, `REALM_ID`, `FLOW_ID`, `REQUIREMENT`, `PRIORITY`, `AUTHENTICATOR_FLOW`, `AUTH_FLOW_ID`, `AUTH_CONFIG`) VALUES('3bc08834-e808-4be1-9677-c731332d0a38', NULL, 'idp-email-verification', 'fa2d39cd-24de-4543-8c1d-b35954a7576e', '12290ff7-fffb-49a6-a4c4-954e0e00fb12', 2, 10, b'0', NULL, NULL);
INSERT INTO `AUTHENTICATION_EXECUTION` (`ID`, `ALIAS`, `AUTHENTICATOR`, `REALM_ID`, `FLOW_ID`, `REQUIREMENT`, `PRIORITY`, `AUTHENTICATOR_FLOW`, `AUTH_FLOW_ID`, `AUTH_CONFIG`) VALUES('3ffb1a2f-2479-49cd-8e06-81e7d3df2996', NULL, 'client-secret-jwt', 'fa2d39cd-24de-4543-8c1d-b35954a7576e', '7d785043-9e2f-4fd5-b49e-77c217e99895', 2, 30, b'0', NULL, NULL);
INSERT INTO `AUTHENTICATION_EXECUTION` (`ID`, `ALIAS`, `AUTHENTICATOR`, `REALM_ID`, `FLOW_ID`, `REQUIREMENT`, `PRIORITY`, `AUTHENTICATOR_FLOW`, `AUTH_FLOW_ID`, `AUTH_CONFIG`) VALUES('4065ab69-2c99-4935-ad9e-a5004531e623', NULL, 'conditional-user-configured', 'fa2d39cd-24de-4543-8c1d-b35954a7576e', '525376c4-454b-4eee-b47f-60da589d9406', 0, 10, b'0', NULL, NULL);
INSERT INTO `AUTHENTICATION_EXECUTION` (`ID`, `ALIAS`, `AUTHENTICATOR`, `REALM_ID`, `FLOW_ID`, `REQUIREMENT`, `PRIORITY`, `AUTHENTICATOR_FLOW`, `AUTH_FLOW_ID`, `AUTH_CONFIG`) VALUES('416caa45-6587-4420-ae0f-2bb669de2709', NULL, 'registration-profile-action', 'ca5abdd7-1552-4581-bbd5-442181834c09', '93a47a72-200d-4c3e-9d1a-4f63c2e6a443', 0, 40, b'0', NULL, NULL);
INSERT INTO `AUTHENTICATION_EXECUTION` (`ID`, `ALIAS`, `AUTHENTICATOR`, `REALM_ID`, `FLOW_ID`, `REQUIREMENT`, `PRIORITY`, `AUTHENTICATOR_FLOW`, `AUTH_FLOW_ID`, `AUTH_CONFIG`) VALUES('420196f4-78e0-45e4-b30d-cd75e266e4cb', NULL, 'registration-user-creation', 'ca5abdd7-1552-4581-bbd5-442181834c09', '93a47a72-200d-4c3e-9d1a-4f63c2e6a443', 0, 20, b'0', NULL, NULL);
INSERT INTO `AUTHENTICATION_EXECUTION` (`ID`, `ALIAS`, `AUTHENTICATOR`, `REALM_ID`, `FLOW_ID`, `REQUIREMENT`, `PRIORITY`, `AUTHENTICATOR_FLOW`, `AUTH_FLOW_ID`, `AUTH_CONFIG`) VALUES('43bcc986-692e-4812-9e99-1488f14c1f90', NULL, NULL, 'fa2d39cd-24de-4543-8c1d-b35954a7576e', '23f83e7c-6560-4a9a-b81a-38c51a5d811a', 1, 40, b'1', 'abcc5d32-eee2-45e5-94d8-c740f2d9aa98', NULL);
INSERT INTO `AUTHENTICATION_EXECUTION` (`ID`, `ALIAS`, `AUTHENTICATOR`, `REALM_ID`, `FLOW_ID`, `REQUIREMENT`, `PRIORITY`, `AUTHENTICATOR_FLOW`, `AUTH_FLOW_ID`, `AUTH_CONFIG`) VALUES('45c344a8-8ac8-49d8-bee0-f1e37dbd5198', NULL, 'auth-spnego', 'fa2d39cd-24de-4543-8c1d-b35954a7576e', 'a300a91b-903a-4c72-85c1-83b92c2420f4', 3, 20, b'0', NULL, NULL);
INSERT INTO `AUTHENTICATION_EXECUTION` (`ID`, `ALIAS`, `AUTHENTICATOR`, `REALM_ID`, `FLOW_ID`, `REQUIREMENT`, `PRIORITY`, `AUTHENTICATOR_FLOW`, `AUTH_FLOW_ID`, `AUTH_CONFIG`) VALUES('4a257012-de6a-43b8-b9ca-86d88fe7b89e', NULL, 'conditional-user-configured', 'ca5abdd7-1552-4581-bbd5-442181834c09', '93f9a2fc-4246-43ef-9a52-5769fc7ec378', 0, 10, b'0', NULL, NULL);
INSERT INTO `AUTHENTICATION_EXECUTION` (`ID`, `ALIAS`, `AUTHENTICATOR`, `REALM_ID`, `FLOW_ID`, `REQUIREMENT`, `PRIORITY`, `AUTHENTICATOR_FLOW`, `AUTH_FLOW_ID`, `AUTH_CONFIG`) VALUES('4c52156c-20d7-458f-84eb-ad2a2414d81d', NULL, 'idp-review-profile', 'fa2d39cd-24de-4543-8c1d-b35954a7576e', '5800b357-d723-4949-9e21-0e62effb2741', 0, 10, b'0', NULL, 'cbc1f91a-9edb-4b8d-909a-e1cb0ffd82e5');
INSERT INTO `AUTHENTICATION_EXECUTION` (`ID`, `ALIAS`, `AUTHENTICATOR`, `REALM_ID`, `FLOW_ID`, `REQUIREMENT`, `PRIORITY`, `AUTHENTICATOR_FLOW`, `AUTH_FLOW_ID`, `AUTH_CONFIG`) VALUES('4e690702-c028-4acb-a5ee-2343c5f4b21d', NULL, 'basic-auth', 'fa2d39cd-24de-4543-8c1d-b35954a7576e', 'd862a6f6-dca8-4028-8e0f-eec3e55d50ce', 0, 10, b'0', NULL, NULL);
INSERT INTO `AUTHENTICATION_EXECUTION` (`ID`, `ALIAS`, `AUTHENTICATOR`, `REALM_ID`, `FLOW_ID`, `REQUIREMENT`, `PRIORITY`, `AUTHENTICATOR_FLOW`, `AUTH_FLOW_ID`, `AUTH_CONFIG`) VALUES('5a21c16c-e967-49c4-8aa5-73d6d8f0c344', NULL, 'http-basic-authenticator', 'fa2d39cd-24de-4543-8c1d-b35954a7576e', '8fe0255f-9e0e-4ab6-8d82-46b875174f28', 0, 10, b'0', NULL, NULL);
INSERT INTO `AUTHENTICATION_EXECUTION` (`ID`, `ALIAS`, `AUTHENTICATOR`, `REALM_ID`, `FLOW_ID`, `REQUIREMENT`, `PRIORITY`, `AUTHENTICATOR_FLOW`, `AUTH_FLOW_ID`, `AUTH_CONFIG`) VALUES('5be33018-c94f-4887-bac8-af5a53421cd0', NULL, NULL, 'ca5abdd7-1552-4581-bbd5-442181834c09', '7f76397a-4b71-4e43-a88c-b2b4351c9f08', 0, 20, b'1', '632e893f-03d3-4dcd-8f12-1df37ba5e44d', NULL);
INSERT INTO `AUTHENTICATION_EXECUTION` (`ID`, `ALIAS`, `AUTHENTICATOR`, `REALM_ID`, `FLOW_ID`, `REQUIREMENT`, `PRIORITY`, `AUTHENTICATOR_FLOW`, `AUTH_FLOW_ID`, `AUTH_CONFIG`) VALUES('5c93053a-1cc6-4d48-bd00-9412f0647f0c', NULL, 'idp-username-password-form', 'fa2d39cd-24de-4543-8c1d-b35954a7576e', '4bf899ee-0426-41b9-bdee-bb9a62b3f60f', 0, 10, b'0', NULL, NULL);
INSERT INTO `AUTHENTICATION_EXECUTION` (`ID`, `ALIAS`, `AUTHENTICATOR`, `REALM_ID`, `FLOW_ID`, `REQUIREMENT`, `PRIORITY`, `AUTHENTICATOR_FLOW`, `AUTH_FLOW_ID`, `AUTH_CONFIG`) VALUES('5d8b2ac6-fcd9-4424-b527-d167039c022f', NULL, 'auth-spnego', 'fa2d39cd-24de-4543-8c1d-b35954a7576e', 'd862a6f6-dca8-4028-8e0f-eec3e55d50ce', 3, 30, b'0', NULL, NULL);
INSERT INTO `AUTHENTICATION_EXECUTION` (`ID`, `ALIAS`, `AUTHENTICATOR`, `REALM_ID`, `FLOW_ID`, `REQUIREMENT`, `PRIORITY`, `AUTHENTICATOR_FLOW`, `AUTH_FLOW_ID`, `AUTH_CONFIG`) VALUES('5dd3e1fb-ebf6-457b-aed6-c673133437b4', NULL, 'reset-otp', 'fa2d39cd-24de-4543-8c1d-b35954a7576e', 'abcc5d32-eee2-45e5-94d8-c740f2d9aa98', 0, 20, b'0', NULL, NULL);
INSERT INTO `AUTHENTICATION_EXECUTION` (`ID`, `ALIAS`, `AUTHENTICATOR`, `REALM_ID`, `FLOW_ID`, `REQUIREMENT`, `PRIORITY`, `AUTHENTICATOR_FLOW`, `AUTH_FLOW_ID`, `AUTH_CONFIG`) VALUES('5fd6f01b-3d6e-47c1-8a98-d77ca9e7b081', NULL, NULL, 'ca5abdd7-1552-4581-bbd5-442181834c09', 'b23d9149-407d-4d29-befb-94914a0ff9f8', 2, 30, b'1', '677a65aa-e694-41e8-8e0e-9a1af1d1a253', NULL);
INSERT INTO `AUTHENTICATION_EXECUTION` (`ID`, `ALIAS`, `AUTHENTICATOR`, `REALM_ID`, `FLOW_ID`, `REQUIREMENT`, `PRIORITY`, `AUTHENTICATOR_FLOW`, `AUTH_FLOW_ID`, `AUTH_CONFIG`) VALUES('63c1709c-98e1-4d4a-b249-628840211468', NULL, 'auth-cookie', 'ca5abdd7-1552-4581-bbd5-442181834c09', 'b23d9149-407d-4d29-befb-94914a0ff9f8', 2, 10, b'0', NULL, NULL);
INSERT INTO `AUTHENTICATION_EXECUTION` (`ID`, `ALIAS`, `AUTHENTICATOR`, `REALM_ID`, `FLOW_ID`, `REQUIREMENT`, `PRIORITY`, `AUTHENTICATOR_FLOW`, `AUTH_FLOW_ID`, `AUTH_CONFIG`) VALUES('6daf0fce-c2dd-432b-ba96-241b8591c76e', NULL, 'idp-email-verification', 'ca5abdd7-1552-4581-bbd5-442181834c09', '1d5fbca0-eab2-4621-95d0-b3280df877b8', 2, 10, b'0', NULL, NULL);
INSERT INTO `AUTHENTICATION_EXECUTION` (`ID`, `ALIAS`, `AUTHENTICATOR`, `REALM_ID`, `FLOW_ID`, `REQUIREMENT`, `PRIORITY`, `AUTHENTICATOR_FLOW`, `AUTH_FLOW_ID`, `AUTH_CONFIG`) VALUES('6f6e126b-3c20-4ff9-8a50-8820ac27983a', NULL, 'reset-credentials-choose-user', 'ca5abdd7-1552-4581-bbd5-442181834c09', '128d97f9-9bbe-4f66-92bd-3a47d7f8cd1d', 0, 10, b'0', NULL, NULL);
INSERT INTO `AUTHENTICATION_EXECUTION` (`ID`, `ALIAS`, `AUTHENTICATOR`, `REALM_ID`, `FLOW_ID`, `REQUIREMENT`, `PRIORITY`, `AUTHENTICATOR_FLOW`, `AUTH_FLOW_ID`, `AUTH_CONFIG`) VALUES('770e417c-43e5-4f4d-84b8-0f8a68d336ab', NULL, 'conditional-user-configured', 'fa2d39cd-24de-4543-8c1d-b35954a7576e', 'abcc5d32-eee2-45e5-94d8-c740f2d9aa98', 0, 10, b'0', NULL, NULL);
INSERT INTO `AUTHENTICATION_EXECUTION` (`ID`, `ALIAS`, `AUTHENTICATOR`, `REALM_ID`, `FLOW_ID`, `REQUIREMENT`, `PRIORITY`, `AUTHENTICATOR_FLOW`, `AUTH_FLOW_ID`, `AUTH_CONFIG`) VALUES('79cb46ce-aa08-45fb-9135-13cdeb81b53f', NULL, 'auth-username-password-form', 'ca5abdd7-1552-4581-bbd5-442181834c09', '677a65aa-e694-41e8-8e0e-9a1af1d1a253', 0, 10, b'0', NULL, NULL);
INSERT INTO `AUTHENTICATION_EXECUTION` (`ID`, `ALIAS`, `AUTHENTICATOR`, `REALM_ID`, `FLOW_ID`, `REQUIREMENT`, `PRIORITY`, `AUTHENTICATOR_FLOW`, `AUTH_FLOW_ID`, `AUTH_CONFIG`) VALUES('811d246b-d906-450b-8074-fd7f2f4a46f0', NULL, 'no-cookie-redirect', 'fa2d39cd-24de-4543-8c1d-b35954a7576e', 'cea46c4d-0234-48d7-9b57-943643b4d546', 0, 10, b'0', NULL, NULL);
INSERT INTO `AUTHENTICATION_EXECUTION` (`ID`, `ALIAS`, `AUTHENTICATOR`, `REALM_ID`, `FLOW_ID`, `REQUIREMENT`, `PRIORITY`, `AUTHENTICATOR_FLOW`, `AUTH_FLOW_ID`, `AUTH_CONFIG`) VALUES('81f303f2-7529-40c3-a313-0eaa45939dc9', NULL, NULL, 'ca5abdd7-1552-4581-bbd5-442181834c09', '632e893f-03d3-4dcd-8f12-1df37ba5e44d', 2, 20, b'1', '4c3e694c-fda2-4605-9172-589ddd9cbf46', NULL);
INSERT INTO `AUTHENTICATION_EXECUTION` (`ID`, `ALIAS`, `AUTHENTICATOR`, `REALM_ID`, `FLOW_ID`, `REQUIREMENT`, `PRIORITY`, `AUTHENTICATOR_FLOW`, `AUTH_FLOW_ID`, `AUTH_CONFIG`) VALUES('89618a1c-76f6-40af-952f-85b425fbbedb', NULL, 'direct-grant-validate-password', 'fa2d39cd-24de-4543-8c1d-b35954a7576e', 'b27b1f4f-b9a6-4245-9310-e3cece42b9b1', 0, 20, b'0', NULL, NULL);
INSERT INTO `AUTHENTICATION_EXECUTION` (`ID`, `ALIAS`, `AUTHENTICATOR`, `REALM_ID`, `FLOW_ID`, `REQUIREMENT`, `PRIORITY`, `AUTHENTICATOR_FLOW`, `AUTH_FLOW_ID`, `AUTH_CONFIG`) VALUES('8f16e5c4-0c42-4521-9fe1-ca47cf8f6653', NULL, 'conditional-user-configured', 'ca5abdd7-1552-4581-bbd5-442181834c09', '0e2c3ebd-238f-40e4-bc3c-822f93e5e9df', 0, 10, b'0', NULL, NULL);
INSERT INTO `AUTHENTICATION_EXECUTION` (`ID`, `ALIAS`, `AUTHENTICATOR`, `REALM_ID`, `FLOW_ID`, `REQUIREMENT`, `PRIORITY`, `AUTHENTICATOR_FLOW`, `AUTH_FLOW_ID`, `AUTH_CONFIG`) VALUES('90c1f6a7-a879-4dbf-bec5-043efbdce5ab', NULL, NULL, 'ca5abdd7-1552-4581-bbd5-442181834c09', '128d97f9-9bbe-4f66-92bd-3a47d7f8cd1d', 1, 40, b'1', '93f9a2fc-4246-43ef-9a52-5769fc7ec378', NULL);
INSERT INTO `AUTHENTICATION_EXECUTION` (`ID`, `ALIAS`, `AUTHENTICATOR`, `REALM_ID`, `FLOW_ID`, `REQUIREMENT`, `PRIORITY`, `AUTHENTICATOR_FLOW`, `AUTH_FLOW_ID`, `AUTH_CONFIG`) VALUES('9406225b-225f-46ff-994f-3adb5d5bc679', NULL, 'auth-otp-form', 'ca5abdd7-1552-4581-bbd5-442181834c09', 'ba94971a-fee8-4013-947a-1db5f533e279', 0, 20, b'0', NULL, NULL);
INSERT INTO `AUTHENTICATION_EXECUTION` (`ID`, `ALIAS`, `AUTHENTICATOR`, `REALM_ID`, `FLOW_ID`, `REQUIREMENT`, `PRIORITY`, `AUTHENTICATOR_FLOW`, `AUTH_FLOW_ID`, `AUTH_CONFIG`) VALUES('942c7a08-b326-4cba-b311-0471a559b569', NULL, 'auth-spnego', 'ca5abdd7-1552-4581-bbd5-442181834c09', 'c072601b-083b-44e2-a649-e297e5987caa', 3, 30, b'0', NULL, NULL);
INSERT INTO `AUTHENTICATION_EXECUTION` (`ID`, `ALIAS`, `AUTHENTICATOR`, `REALM_ID`, `FLOW_ID`, `REQUIREMENT`, `PRIORITY`, `AUTHENTICATOR_FLOW`, `AUTH_FLOW_ID`, `AUTH_CONFIG`) VALUES('96efda6a-6069-4430-9dd9-d562f7d4a366', NULL, NULL, 'fa2d39cd-24de-4543-8c1d-b35954a7576e', 'b27b1f4f-b9a6-4245-9310-e3cece42b9b1', 1, 30, b'1', '58ae1fea-0833-4dc2-8fa5-99860e30cb49', NULL);
INSERT INTO `AUTHENTICATION_EXECUTION` (`ID`, `ALIAS`, `AUTHENTICATOR`, `REALM_ID`, `FLOW_ID`, `REQUIREMENT`, `PRIORITY`, `AUTHENTICATOR_FLOW`, `AUTH_FLOW_ID`, `AUTH_CONFIG`) VALUES('99087c1e-80f9-4d14-ba07-6c763a15d011', NULL, NULL, 'ca5abdd7-1552-4581-bbd5-442181834c09', 'e5398a4a-b04e-443d-a9fb-edd511b42260', 1, 20, b'1', 'ba94971a-fee8-4013-947a-1db5f533e279', NULL);
INSERT INTO `AUTHENTICATION_EXECUTION` (`ID`, `ALIAS`, `AUTHENTICATOR`, `REALM_ID`, `FLOW_ID`, `REQUIREMENT`, `PRIORITY`, `AUTHENTICATOR_FLOW`, `AUTH_FLOW_ID`, `AUTH_CONFIG`) VALUES('99a9b364-015c-4572-b2e5-1e4d95efa537', NULL, 'reset-credential-email', 'fa2d39cd-24de-4543-8c1d-b35954a7576e', '23f83e7c-6560-4a9a-b81a-38c51a5d811a', 0, 20, b'0', NULL, NULL);
INSERT INTO `AUTHENTICATION_EXECUTION` (`ID`, `ALIAS`, `AUTHENTICATOR`, `REALM_ID`, `FLOW_ID`, `REQUIREMENT`, `PRIORITY`, `AUTHENTICATOR_FLOW`, `AUTH_FLOW_ID`, `AUTH_CONFIG`) VALUES('9fafc774-6eb3-4c5d-a32a-4ae55c51c7a3', NULL, 'basic-auth-otp', 'fa2d39cd-24de-4543-8c1d-b35954a7576e', 'd862a6f6-dca8-4028-8e0f-eec3e55d50ce', 3, 20, b'0', NULL, NULL);
INSERT INTO `AUTHENTICATION_EXECUTION` (`ID`, `ALIAS`, `AUTHENTICATOR`, `REALM_ID`, `FLOW_ID`, `REQUIREMENT`, `PRIORITY`, `AUTHENTICATOR_FLOW`, `AUTH_FLOW_ID`, `AUTH_CONFIG`) VALUES('a28b7731-656d-41a7-b838-5e70188c7912', NULL, 'idp-create-user-if-unique', 'fa2d39cd-24de-4543-8c1d-b35954a7576e', '75d6a394-ca4b-4b9c-94f5-5865a6a46ff3', 2, 10, b'0', NULL, '929f99d0-45b6-4a34-8db1-1b854e00b33d');
INSERT INTO `AUTHENTICATION_EXECUTION` (`ID`, `ALIAS`, `AUTHENTICATOR`, `REALM_ID`, `FLOW_ID`, `REQUIREMENT`, `PRIORITY`, `AUTHENTICATOR_FLOW`, `AUTH_FLOW_ID`, `AUTH_CONFIG`) VALUES('a47c8889-53ea-4b33-afb4-553aae461267', NULL, NULL, 'fa2d39cd-24de-4543-8c1d-b35954a7576e', '5800b357-d723-4949-9e21-0e62effb2741', 0, 20, b'1', '75d6a394-ca4b-4b9c-94f5-5865a6a46ff3', NULL);
INSERT INTO `AUTHENTICATION_EXECUTION` (`ID`, `ALIAS`, `AUTHENTICATOR`, `REALM_ID`, `FLOW_ID`, `REQUIREMENT`, `PRIORITY`, `AUTHENTICATOR_FLOW`, `AUTH_FLOW_ID`, `AUTH_CONFIG`) VALUES('a83473c2-291a-4e1e-a950-e701f711eb8c', NULL, NULL, 'ca5abdd7-1552-4581-bbd5-442181834c09', '3720c703-ecb7-4c1f-86df-cd5820490ca2', 1, 30, b'1', '0e2c3ebd-238f-40e4-bc3c-822f93e5e9df', NULL);
INSERT INTO `AUTHENTICATION_EXECUTION` (`ID`, `ALIAS`, `AUTHENTICATOR`, `REALM_ID`, `FLOW_ID`, `REQUIREMENT`, `PRIORITY`, `AUTHENTICATOR_FLOW`, `AUTH_FLOW_ID`, `AUTH_CONFIG`) VALUES('ae3548d6-c8b6-4b3b-920a-7b0b4e95a086', NULL, 'idp-create-user-if-unique', 'ca5abdd7-1552-4581-bbd5-442181834c09', '632e893f-03d3-4dcd-8f12-1df37ba5e44d', 2, 10, b'0', NULL, '165fb67f-9bc2-4c92-b16b-4a8762614258');
INSERT INTO `AUTHENTICATION_EXECUTION` (`ID`, `ALIAS`, `AUTHENTICATOR`, `REALM_ID`, `FLOW_ID`, `REQUIREMENT`, `PRIORITY`, `AUTHENTICATOR_FLOW`, `AUTH_FLOW_ID`, `AUTH_CONFIG`) VALUES('aeabcf9e-725b-4a3e-baa7-3dcee4be061b', NULL, 'idp-confirm-link', 'ca5abdd7-1552-4581-bbd5-442181834c09', '4c3e694c-fda2-4605-9172-589ddd9cbf46', 0, 10, b'0', NULL, NULL);
INSERT INTO `AUTHENTICATION_EXECUTION` (`ID`, `ALIAS`, `AUTHENTICATOR`, `REALM_ID`, `FLOW_ID`, `REQUIREMENT`, `PRIORITY`, `AUTHENTICATOR_FLOW`, `AUTH_FLOW_ID`, `AUTH_CONFIG`) VALUES('b4a95808-0637-405d-a362-5f2645788aaf', NULL, NULL, 'ca5abdd7-1552-4581-bbd5-442181834c09', '677a65aa-e694-41e8-8e0e-9a1af1d1a253', 1, 20, b'1', 'f13950e4-ef36-40c4-baab-0410ab2bdab3', NULL);
INSERT INTO `AUTHENTICATION_EXECUTION` (`ID`, `ALIAS`, `AUTHENTICATOR`, `REALM_ID`, `FLOW_ID`, `REQUIREMENT`, `PRIORITY`, `AUTHENTICATOR_FLOW`, `AUTH_FLOW_ID`, `AUTH_CONFIG`) VALUES('b4f9b481-bc14-42b7-bb46-74608b459575', NULL, 'reset-password', 'fa2d39cd-24de-4543-8c1d-b35954a7576e', '23f83e7c-6560-4a9a-b81a-38c51a5d811a', 0, 30, b'0', NULL, NULL);
INSERT INTO `AUTHENTICATION_EXECUTION` (`ID`, `ALIAS`, `AUTHENTICATOR`, `REALM_ID`, `FLOW_ID`, `REQUIREMENT`, `PRIORITY`, `AUTHENTICATOR_FLOW`, `AUTH_FLOW_ID`, `AUTH_CONFIG`) VALUES('b6e1bb41-cb6e-47ec-bb14-2d44c72bca02', NULL, 'client-secret', 'fa2d39cd-24de-4543-8c1d-b35954a7576e', '7d785043-9e2f-4fd5-b49e-77c217e99895', 2, 10, b'0', NULL, NULL);
INSERT INTO `AUTHENTICATION_EXECUTION` (`ID`, `ALIAS`, `AUTHENTICATOR`, `REALM_ID`, `FLOW_ID`, `REQUIREMENT`, `PRIORITY`, `AUTHENTICATOR_FLOW`, `AUTH_FLOW_ID`, `AUTH_CONFIG`) VALUES('b81d9441-36c9-491c-9c43-81f37175807f', NULL, 'conditional-user-configured', 'fa2d39cd-24de-4543-8c1d-b35954a7576e', '58ae1fea-0833-4dc2-8fa5-99860e30cb49', 0, 10, b'0', NULL, NULL);
INSERT INTO `AUTHENTICATION_EXECUTION` (`ID`, `ALIAS`, `AUTHENTICATOR`, `REALM_ID`, `FLOW_ID`, `REQUIREMENT`, `PRIORITY`, `AUTHENTICATOR_FLOW`, `AUTH_FLOW_ID`, `AUTH_CONFIG`) VALUES('ba08ed1c-b3d6-46da-85a7-a4a036dd2d70', NULL, 'client-x509', 'fa2d39cd-24de-4543-8c1d-b35954a7576e', '7d785043-9e2f-4fd5-b49e-77c217e99895', 2, 40, b'0', NULL, NULL);
INSERT INTO `AUTHENTICATION_EXECUTION` (`ID`, `ALIAS`, `AUTHENTICATOR`, `REALM_ID`, `FLOW_ID`, `REQUIREMENT`, `PRIORITY`, `AUTHENTICATOR_FLOW`, `AUTH_FLOW_ID`, `AUTH_CONFIG`) VALUES('ba545872-ced6-4928-940d-f3571abc6d72', NULL, 'reset-credential-email', 'ca5abdd7-1552-4581-bbd5-442181834c09', '128d97f9-9bbe-4f66-92bd-3a47d7f8cd1d', 0, 20, b'0', NULL, NULL);
INSERT INTO `AUTHENTICATION_EXECUTION` (`ID`, `ALIAS`, `AUTHENTICATOR`, `REALM_ID`, `FLOW_ID`, `REQUIREMENT`, `PRIORITY`, `AUTHENTICATOR_FLOW`, `AUTH_FLOW_ID`, `AUTH_CONFIG`) VALUES('bf86afbc-7fdc-48d9-b36e-ec591875d565', NULL, 'client-jwt', 'ca5abdd7-1552-4581-bbd5-442181834c09', '7992de89-cc18-43e9-96e1-b116080a9124', 2, 20, b'0', NULL, NULL);
INSERT INTO `AUTHENTICATION_EXECUTION` (`ID`, `ALIAS`, `AUTHENTICATOR`, `REALM_ID`, `FLOW_ID`, `REQUIREMENT`, `PRIORITY`, `AUTHENTICATOR_FLOW`, `AUTH_FLOW_ID`, `AUTH_CONFIG`) VALUES('bfb7a10d-4dbb-439b-ac34-28a1793c1027', NULL, 'identity-provider-redirector', 'fa2d39cd-24de-4543-8c1d-b35954a7576e', 'a300a91b-903a-4c72-85c1-83b92c2420f4', 2, 25, b'0', NULL, NULL);
INSERT INTO `AUTHENTICATION_EXECUTION` (`ID`, `ALIAS`, `AUTHENTICATOR`, `REALM_ID`, `FLOW_ID`, `REQUIREMENT`, `PRIORITY`, `AUTHENTICATOR_FLOW`, `AUTH_FLOW_ID`, `AUTH_CONFIG`) VALUES('c11fd952-f412-4a5e-bedd-0c4fed71e394', NULL, NULL, 'fa2d39cd-24de-4543-8c1d-b35954a7576e', '12290ff7-fffb-49a6-a4c4-954e0e00fb12', 2, 20, b'1', '4bf899ee-0426-41b9-bdee-bb9a62b3f60f', NULL);
INSERT INTO `AUTHENTICATION_EXECUTION` (`ID`, `ALIAS`, `AUTHENTICATOR`, `REALM_ID`, `FLOW_ID`, `REQUIREMENT`, `PRIORITY`, `AUTHENTICATOR_FLOW`, `AUTH_FLOW_ID`, `AUTH_CONFIG`) VALUES('c19868d9-9193-44a3-86a9-d06acbafd48b', NULL, 'auth-cookie', 'fa2d39cd-24de-4543-8c1d-b35954a7576e', 'a300a91b-903a-4c72-85c1-83b92c2420f4', 2, 10, b'0', NULL, NULL);
INSERT INTO `AUTHENTICATION_EXECUTION` (`ID`, `ALIAS`, `AUTHENTICATOR`, `REALM_ID`, `FLOW_ID`, `REQUIREMENT`, `PRIORITY`, `AUTHENTICATOR_FLOW`, `AUTH_FLOW_ID`, `AUTH_CONFIG`) VALUES('cc9a2c59-a0de-4561-a4b3-aa679d5bcb8a', NULL, 'client-x509', 'ca5abdd7-1552-4581-bbd5-442181834c09', '7992de89-cc18-43e9-96e1-b116080a9124', 2, 40, b'0', NULL, NULL);
INSERT INTO `AUTHENTICATION_EXECUTION` (`ID`, `ALIAS`, `AUTHENTICATOR`, `REALM_ID`, `FLOW_ID`, `REQUIREMENT`, `PRIORITY`, `AUTHENTICATOR_FLOW`, `AUTH_FLOW_ID`, `AUTH_CONFIG`) VALUES('cd557ed6-1fa4-486a-a8ab-a5871adcc2a7', NULL, 'idp-review-profile', 'ca5abdd7-1552-4581-bbd5-442181834c09', '7f76397a-4b71-4e43-a88c-b2b4351c9f08', 0, 10, b'0', NULL, 'a7275a9c-97cd-4384-afb7-0838a21a5486');
INSERT INTO `AUTHENTICATION_EXECUTION` (`ID`, `ALIAS`, `AUTHENTICATOR`, `REALM_ID`, `FLOW_ID`, `REQUIREMENT`, `PRIORITY`, `AUTHENTICATOR_FLOW`, `AUTH_FLOW_ID`, `AUTH_CONFIG`) VALUES('d0e0a218-dca8-416c-9804-7495e37900e6', NULL, 'reset-password', 'ca5abdd7-1552-4581-bbd5-442181834c09', '128d97f9-9bbe-4f66-92bd-3a47d7f8cd1d', 0, 30, b'0', NULL, NULL);
INSERT INTO `AUTHENTICATION_EXECUTION` (`ID`, `ALIAS`, `AUTHENTICATOR`, `REALM_ID`, `FLOW_ID`, `REQUIREMENT`, `PRIORITY`, `AUTHENTICATOR_FLOW`, `AUTH_FLOW_ID`, `AUTH_CONFIG`) VALUES('d3d96b30-dc6a-45a8-8aec-be98f8d87200', NULL, 'idp-confirm-link', 'fa2d39cd-24de-4543-8c1d-b35954a7576e', '397c8ae3-2994-4b63-9fc5-27e37c3891a6', 0, 10, b'0', NULL, NULL);
INSERT INTO `AUTHENTICATION_EXECUTION` (`ID`, `ALIAS`, `AUTHENTICATOR`, `REALM_ID`, `FLOW_ID`, `REQUIREMENT`, `PRIORITY`, `AUTHENTICATOR_FLOW`, `AUTH_FLOW_ID`, `AUTH_CONFIG`) VALUES('d733b31c-bd3e-420f-9459-28a0fe7dcfdc', NULL, NULL, 'fa2d39cd-24de-4543-8c1d-b35954a7576e', 'cea46c4d-0234-48d7-9b57-943643b4d546', 0, 20, b'1', 'd862a6f6-dca8-4028-8e0f-eec3e55d50ce', NULL);
INSERT INTO `AUTHENTICATION_EXECUTION` (`ID`, `ALIAS`, `AUTHENTICATOR`, `REALM_ID`, `FLOW_ID`, `REQUIREMENT`, `PRIORITY`, `AUTHENTICATOR_FLOW`, `AUTH_FLOW_ID`, `AUTH_CONFIG`) VALUES('dd59f97f-9e1e-483e-ac9f-7282d02d7498', NULL, 'auth-username-password-form', 'fa2d39cd-24de-4543-8c1d-b35954a7576e', 'ffb92ed3-915a-408e-8f7d-765be7bdd222', 0, 10, b'0', NULL, NULL);
INSERT INTO `AUTHENTICATION_EXECUTION` (`ID`, `ALIAS`, `AUTHENTICATOR`, `REALM_ID`, `FLOW_ID`, `REQUIREMENT`, `PRIORITY`, `AUTHENTICATOR_FLOW`, `AUTH_FLOW_ID`, `AUTH_CONFIG`) VALUES('e45ff1bb-6246-4a2d-a945-ceb3f5e5cb24', NULL, 'direct-grant-validate-username', 'ca5abdd7-1552-4581-bbd5-442181834c09', '3720c703-ecb7-4c1f-86df-cd5820490ca2', 0, 10, b'0', NULL, NULL);
INSERT INTO `AUTHENTICATION_EXECUTION` (`ID`, `ALIAS`, `AUTHENTICATOR`, `REALM_ID`, `FLOW_ID`, `REQUIREMENT`, `PRIORITY`, `AUTHENTICATOR_FLOW`, `AUTH_FLOW_ID`, `AUTH_CONFIG`) VALUES('e4c86a38-1582-4093-8f44-62f5089b53ab', NULL, 'auth-otp-form', 'ca5abdd7-1552-4581-bbd5-442181834c09', 'f13950e4-ef36-40c4-baab-0410ab2bdab3', 0, 20, b'0', NULL, NULL);
INSERT INTO `AUTHENTICATION_EXECUTION` (`ID`, `ALIAS`, `AUTHENTICATOR`, `REALM_ID`, `FLOW_ID`, `REQUIREMENT`, `PRIORITY`, `AUTHENTICATOR_FLOW`, `AUTH_FLOW_ID`, `AUTH_CONFIG`) VALUES('e7814092-ac25-4319-b5c5-e0d17a1ade56', NULL, NULL, 'fa2d39cd-24de-4543-8c1d-b35954a7576e', '4bf899ee-0426-41b9-bdee-bb9a62b3f60f', 1, 20, b'1', 'ce3699d3-2965-47d7-b860-30faf719705a', NULL);
INSERT INTO `AUTHENTICATION_EXECUTION` (`ID`, `ALIAS`, `AUTHENTICATOR`, `REALM_ID`, `FLOW_ID`, `REQUIREMENT`, `PRIORITY`, `AUTHENTICATOR_FLOW`, `AUTH_FLOW_ID`, `AUTH_CONFIG`) VALUES('e881ea54-744a-423b-9bef-d64fc8eb3c5d', NULL, 'auth-otp-form', 'fa2d39cd-24de-4543-8c1d-b35954a7576e', '525376c4-454b-4eee-b47f-60da589d9406', 0, 20, b'0', NULL, NULL);
INSERT INTO `AUTHENTICATION_EXECUTION` (`ID`, `ALIAS`, `AUTHENTICATOR`, `REALM_ID`, `FLOW_ID`, `REQUIREMENT`, `PRIORITY`, `AUTHENTICATOR_FLOW`, `AUTH_FLOW_ID`, `AUTH_CONFIG`) VALUES('ec2ca92d-a7ce-4d8a-9d52-0a619946ec86', NULL, 'http-basic-authenticator', 'ca5abdd7-1552-4581-bbd5-442181834c09', '749ccf95-562b-4db7-ad3b-057d91639d17', 0, 10, b'0', NULL, NULL);
INSERT INTO `AUTHENTICATION_EXECUTION` (`ID`, `ALIAS`, `AUTHENTICATOR`, `REALM_ID`, `FLOW_ID`, `REQUIREMENT`, `PRIORITY`, `AUTHENTICATOR_FLOW`, `AUTH_FLOW_ID`, `AUTH_CONFIG`) VALUES('ed3007f8-f078-4080-822b-9ba79e8cc15c', NULL, 'no-cookie-redirect', 'ca5abdd7-1552-4581-bbd5-442181834c09', '55896cfe-94e0-4a7f-8671-8caad0b2a2fe', 0, 10, b'0', NULL, NULL);
INSERT INTO `AUTHENTICATION_EXECUTION` (`ID`, `ALIAS`, `AUTHENTICATOR`, `REALM_ID`, `FLOW_ID`, `REQUIREMENT`, `PRIORITY`, `AUTHENTICATOR_FLOW`, `AUTH_FLOW_ID`, `AUTH_CONFIG`) VALUES('ef0a3f70-6800-4436-b32f-691420638a5f', NULL, 'auth-spnego', 'ca5abdd7-1552-4581-bbd5-442181834c09', 'b23d9149-407d-4d29-befb-94914a0ff9f8', 3, 20, b'0', NULL, NULL);
INSERT INTO `AUTHENTICATION_EXECUTION` (`ID`, `ALIAS`, `AUTHENTICATOR`, `REALM_ID`, `FLOW_ID`, `REQUIREMENT`, `PRIORITY`, `AUTHENTICATOR_FLOW`, `AUTH_FLOW_ID`, `AUTH_CONFIG`) VALUES('f358f613-552b-4766-8cdf-7907ab90a41e', NULL, 'registration-password-action', 'ca5abdd7-1552-4581-bbd5-442181834c09', '93a47a72-200d-4c3e-9d1a-4f63c2e6a443', 0, 50, b'0', NULL, NULL);
INSERT INTO `AUTHENTICATION_EXECUTION` (`ID`, `ALIAS`, `AUTHENTICATOR`, `REALM_ID`, `FLOW_ID`, `REQUIREMENT`, `PRIORITY`, `AUTHENTICATOR_FLOW`, `AUTH_FLOW_ID`, `AUTH_CONFIG`) VALUES('f7b7dff0-098b-4776-9272-71341eb52e42', NULL, 'registration-page-form', 'ca5abdd7-1552-4581-bbd5-442181834c09', 'b3ea4296-9f25-47fa-9dc5-b19f5d9985e2', 0, 10, b'1', '93a47a72-200d-4c3e-9d1a-4f63c2e6a443', NULL);
INSERT INTO `AUTHENTICATION_EXECUTION` (`ID`, `ALIAS`, `AUTHENTICATOR`, `REALM_ID`, `FLOW_ID`, `REQUIREMENT`, `PRIORITY`, `AUTHENTICATOR_FLOW`, `AUTH_FLOW_ID`, `AUTH_CONFIG`) VALUES('f814a65c-8212-4171-8a8f-b8bde9c8a8d4', NULL, 'direct-grant-validate-username', 'fa2d39cd-24de-4543-8c1d-b35954a7576e', 'b27b1f4f-b9a6-4245-9310-e3cece42b9b1', 0, 10, b'0', NULL, NULL);
INSERT INTO `AUTHENTICATION_EXECUTION` (`ID`, `ALIAS`, `AUTHENTICATOR`, `REALM_ID`, `FLOW_ID`, `REQUIREMENT`, `PRIORITY`, `AUTHENTICATOR_FLOW`, `AUTH_FLOW_ID`, `AUTH_CONFIG`) VALUES('f83dea17-6f5a-4a99-b771-0d774bc293cc', NULL, 'client-jwt', 'fa2d39cd-24de-4543-8c1d-b35954a7576e', '7d785043-9e2f-4fd5-b49e-77c217e99895', 2, 20, b'0', NULL, NULL);
INSERT INTO `AUTHENTICATION_EXECUTION` (`ID`, `ALIAS`, `AUTHENTICATOR`, `REALM_ID`, `FLOW_ID`, `REQUIREMENT`, `PRIORITY`, `AUTHENTICATOR_FLOW`, `AUTH_FLOW_ID`, `AUTH_CONFIG`) VALUES('fd029ec2-06cc-4452-ae03-3bf3b0fc754f', NULL, NULL, 'ca5abdd7-1552-4581-bbd5-442181834c09', '55896cfe-94e0-4a7f-8671-8caad0b2a2fe', 0, 20, b'1', 'c072601b-083b-44e2-a649-e297e5987caa', NULL);
INSERT INTO `AUTHENTICATION_EXECUTION` (`ID`, `ALIAS`, `AUTHENTICATOR`, `REALM_ID`, `FLOW_ID`, `REQUIREMENT`, `PRIORITY`, `AUTHENTICATOR_FLOW`, `AUTH_FLOW_ID`, `AUTH_CONFIG`) VALUES('fd46a74d-1345-43dd-a28f-f8fce164cb1e', NULL, 'client-secret', 'ca5abdd7-1552-4581-bbd5-442181834c09', '7992de89-cc18-43e9-96e1-b116080a9124', 2, 10, b'0', NULL, NULL);
INSERT INTO `AUTHENTICATION_EXECUTION` (`ID`, `ALIAS`, `AUTHENTICATOR`, `REALM_ID`, `FLOW_ID`, `REQUIREMENT`, `PRIORITY`, `AUTHENTICATOR_FLOW`, `AUTH_FLOW_ID`, `AUTH_CONFIG`) VALUES('fdbdd300-9419-406e-be64-c7789549af1f', NULL, 'direct-grant-validate-password', 'ca5abdd7-1552-4581-bbd5-442181834c09', '3720c703-ecb7-4c1f-86df-cd5820490ca2', 0, 20, b'0', NULL, NULL);

DROP TABLE IF EXISTS `AUTHENTICATION_FLOW`;
CREATE TABLE `AUTHENTICATION_FLOW` (
  `ID` varchar(36) NOT NULL,
  `ALIAS` varchar(255) DEFAULT NULL,
  `DESCRIPTION` varchar(255) CHARACTER SET utf8mb3 COLLATE utf8mb3_general_ci DEFAULT NULL,
  `REALM_ID` varchar(36) DEFAULT NULL,
  `PROVIDER_ID` varchar(36) NOT NULL DEFAULT 'basic-flow',
  `TOP_LEVEL` bit(1) NOT NULL DEFAULT b'0',
  `BUILT_IN` bit(1) NOT NULL DEFAULT b'0'
) ENGINE=InnoDB DEFAULT CHARSET=utf8mb4 COLLATE=utf8mb4_general_ci;

INSERT INTO `AUTHENTICATION_FLOW` (`ID`, `ALIAS`, `DESCRIPTION`, `REALM_ID`, `PROVIDER_ID`, `TOP_LEVEL`, `BUILT_IN`) VALUES('0e2c3ebd-238f-40e4-bc3c-822f93e5e9df', 'Direct Grant - Conditional OTP', 'Flow to determine if the OTP is required for the authentication', 'ca5abdd7-1552-4581-bbd5-442181834c09', 'basic-flow', b'0', b'1');
INSERT INTO `AUTHENTICATION_FLOW` (`ID`, `ALIAS`, `DESCRIPTION`, `REALM_ID`, `PROVIDER_ID`, `TOP_LEVEL`, `BUILT_IN`) VALUES('12290ff7-fffb-49a6-a4c4-954e0e00fb12', 'Account verification options', 'Method with which to verity the existing account', 'fa2d39cd-24de-4543-8c1d-b35954a7576e', 'basic-flow', b'0', b'1');
INSERT INTO `AUTHENTICATION_FLOW` (`ID`, `ALIAS`, `DESCRIPTION`, `REALM_ID`, `PROVIDER_ID`, `TOP_LEVEL`, `BUILT_IN`) VALUES('128d97f9-9bbe-4f66-92bd-3a47d7f8cd1d', 'reset credentials', 'Reset credentials for a user if they forgot their password or something', 'ca5abdd7-1552-4581-bbd5-442181834c09', 'basic-flow', b'1', b'1');
INSERT INTO `AUTHENTICATION_FLOW` (`ID`, `ALIAS`, `DESCRIPTION`, `REALM_ID`, `PROVIDER_ID`, `TOP_LEVEL`, `BUILT_IN`) VALUES('1d5fbca0-eab2-4621-95d0-b3280df877b8', 'Account verification options', 'Method with which to verity the existing account', 'ca5abdd7-1552-4581-bbd5-442181834c09', 'basic-flow', b'0', b'1');
INSERT INTO `AUTHENTICATION_FLOW` (`ID`, `ALIAS`, `DESCRIPTION`, `REALM_ID`, `PROVIDER_ID`, `TOP_LEVEL`, `BUILT_IN`) VALUES('23f83e7c-6560-4a9a-b81a-38c51a5d811a', 'reset credentials', 'Reset credentials for a user if they forgot their password or something', 'fa2d39cd-24de-4543-8c1d-b35954a7576e', 'basic-flow', b'1', b'1');
INSERT INTO `AUTHENTICATION_FLOW` (`ID`, `ALIAS`, `DESCRIPTION`, `REALM_ID`, `PROVIDER_ID`, `TOP_LEVEL`, `BUILT_IN`) VALUES('3720c703-ecb7-4c1f-86df-cd5820490ca2', 'direct grant', 'OpenID Connect Resource Owner Grant', 'ca5abdd7-1552-4581-bbd5-442181834c09', 'basic-flow', b'1', b'1');
INSERT INTO `AUTHENTICATION_FLOW` (`ID`, `ALIAS`, `DESCRIPTION`, `REALM_ID`, `PROVIDER_ID`, `TOP_LEVEL`, `BUILT_IN`) VALUES('397c8ae3-2994-4b63-9fc5-27e37c3891a6', 'Handle Existing Account', 'Handle what to do if there is existing account with same email/username like authenticated identity provider', 'fa2d39cd-24de-4543-8c1d-b35954a7576e', 'basic-flow', b'0', b'1');
INSERT INTO `AUTHENTICATION_FLOW` (`ID`, `ALIAS`, `DESCRIPTION`, `REALM_ID`, `PROVIDER_ID`, `TOP_LEVEL`, `BUILT_IN`) VALUES('3ea74b9d-207a-4455-b00f-bb6eb2693bfe', 'docker auth', 'Used by Docker clients to authenticate against the IDP', 'fa2d39cd-24de-4543-8c1d-b35954a7576e', 'basic-flow', b'1', b'1');
INSERT INTO `AUTHENTICATION_FLOW` (`ID`, `ALIAS`, `DESCRIPTION`, `REALM_ID`, `PROVIDER_ID`, `TOP_LEVEL`, `BUILT_IN`) VALUES('4bf899ee-0426-41b9-bdee-bb9a62b3f60f', 'Verify Existing Account by Re-authentication', 'Reauthentication of existing account', 'fa2d39cd-24de-4543-8c1d-b35954a7576e', 'basic-flow', b'0', b'1');
INSERT INTO `AUTHENTICATION_FLOW` (`ID`, `ALIAS`, `DESCRIPTION`, `REALM_ID`, `PROVIDER_ID`, `TOP_LEVEL`, `BUILT_IN`) VALUES('4c3e694c-fda2-4605-9172-589ddd9cbf46', 'Handle Existing Account', 'Handle what to do if there is existing account with same email/username like authenticated identity provider', 'ca5abdd7-1552-4581-bbd5-442181834c09', 'basic-flow', b'0', b'1');
INSERT INTO `AUTHENTICATION_FLOW` (`ID`, `ALIAS`, `DESCRIPTION`, `REALM_ID`, `PROVIDER_ID`, `TOP_LEVEL`, `BUILT_IN`) VALUES('525376c4-454b-4eee-b47f-60da589d9406', 'Browser - Conditional OTP', 'Flow to determine if the OTP is required for the authentication', 'fa2d39cd-24de-4543-8c1d-b35954a7576e', 'basic-flow', b'0', b'1');
INSERT INTO `AUTHENTICATION_FLOW` (`ID`, `ALIAS`, `DESCRIPTION`, `REALM_ID`, `PROVIDER_ID`, `TOP_LEVEL`, `BUILT_IN`) VALUES('55896cfe-94e0-4a7f-8671-8caad0b2a2fe', 'http challenge', 'An authentication flow based on challenge-response HTTP Authentication Schemes', 'ca5abdd7-1552-4581-bbd5-442181834c09', 'basic-flow', b'1', b'1');
INSERT INTO `AUTHENTICATION_FLOW` (`ID`, `ALIAS`, `DESCRIPTION`, `REALM_ID`, `PROVIDER_ID`, `TOP_LEVEL`, `BUILT_IN`) VALUES('5800b357-d723-4949-9e21-0e62effb2741', 'first broker login', 'Actions taken after first broker login with identity provider account, which is not yet linked to any Keycloak account', 'fa2d39cd-24de-4543-8c1d-b35954a7576e', 'basic-flow', b'1', b'1');
INSERT INTO `AUTHENTICATION_FLOW` (`ID`, `ALIAS`, `DESCRIPTION`, `REALM_ID`, `PROVIDER_ID`, `TOP_LEVEL`, `BUILT_IN`) VALUES('58ae1fea-0833-4dc2-8fa5-99860e30cb49', 'Direct Grant - Conditional OTP', 'Flow to determine if the OTP is required for the authentication', 'fa2d39cd-24de-4543-8c1d-b35954a7576e', 'basic-flow', b'0', b'1');
INSERT INTO `AUTHENTICATION_FLOW` (`ID`, `ALIAS`, `DESCRIPTION`, `REALM_ID`, `PROVIDER_ID`, `TOP_LEVEL`, `BUILT_IN`) VALUES('632e893f-03d3-4dcd-8f12-1df37ba5e44d', 'User creation or linking', 'Flow for the existing/non-existing user alternatives', 'ca5abdd7-1552-4581-bbd5-442181834c09', 'basic-flow', b'0', b'1');
INSERT INTO `AUTHENTICATION_FLOW` (`ID`, `ALIAS`, `DESCRIPTION`, `REALM_ID`, `PROVIDER_ID`, `TOP_LEVEL`, `BUILT_IN`) VALUES('64a0b0c1-f0c3-4346-9cb3-408f57ca7279', 'docker auth', 'Used by Docker clients to authenticate against the IDP', 'ca5abdd7-1552-4581-bbd5-442181834c09', 'basic-flow', b'1', b'1');
INSERT INTO `AUTHENTICATION_FLOW` (`ID`, `ALIAS`, `DESCRIPTION`, `REALM_ID`, `PROVIDER_ID`, `TOP_LEVEL`, `BUILT_IN`) VALUES('677a65aa-e694-41e8-8e0e-9a1af1d1a253', 'forms', 'Username, password, otp and other auth forms.', 'ca5abdd7-1552-4581-bbd5-442181834c09', 'basic-flow', b'0', b'1');
INSERT INTO `AUTHENTICATION_FLOW` (`ID`, `ALIAS`, `DESCRIPTION`, `REALM_ID`, `PROVIDER_ID`, `TOP_LEVEL`, `BUILT_IN`) VALUES('749ccf95-562b-4db7-ad3b-057d91639d17', 'saml ecp', 'SAML ECP Profile Authentication Flow', 'ca5abdd7-1552-4581-bbd5-442181834c09', 'basic-flow', b'1', b'1');
INSERT INTO `AUTHENTICATION_FLOW` (`ID`, `ALIAS`, `DESCRIPTION`, `REALM_ID`, `PROVIDER_ID`, `TOP_LEVEL`, `BUILT_IN`) VALUES('75d6a394-ca4b-4b9c-94f5-5865a6a46ff3', 'User creation or linking', 'Flow for the existing/non-existing user alternatives', 'fa2d39cd-24de-4543-8c1d-b35954a7576e', 'basic-flow', b'0', b'1');
INSERT INTO `AUTHENTICATION_FLOW` (`ID`, `ALIAS`, `DESCRIPTION`, `REALM_ID`, `PROVIDER_ID`, `TOP_LEVEL`, `BUILT_IN`) VALUES('7992de89-cc18-43e9-96e1-b116080a9124', 'clients', 'Base authentication for clients', 'ca5abdd7-1552-4581-bbd5-442181834c09', 'client-flow', b'1', b'1');
INSERT INTO `AUTHENTICATION_FLOW` (`ID`, `ALIAS`, `DESCRIPTION`, `REALM_ID`, `PROVIDER_ID`, `TOP_LEVEL`, `BUILT_IN`) VALUES('7d785043-9e2f-4fd5-b49e-77c217e99895', 'clients', 'Base authentication for clients', 'fa2d39cd-24de-4543-8c1d-b35954a7576e', 'client-flow', b'1', b'1');
INSERT INTO `AUTHENTICATION_FLOW` (`ID`, `ALIAS`, `DESCRIPTION`, `REALM_ID`, `PROVIDER_ID`, `TOP_LEVEL`, `BUILT_IN`) VALUES('7f76397a-4b71-4e43-a88c-b2b4351c9f08', 'first broker login', 'Actions taken after first broker login with identity provider account, which is not yet linked to any Keycloak account', 'ca5abdd7-1552-4581-bbd5-442181834c09', 'basic-flow', b'1', b'1');
INSERT INTO `AUTHENTICATION_FLOW` (`ID`, `ALIAS`, `DESCRIPTION`, `REALM_ID`, `PROVIDER_ID`, `TOP_LEVEL`, `BUILT_IN`) VALUES('8fe0255f-9e0e-4ab6-8d82-46b875174f28', 'saml ecp', 'SAML ECP Profile Authentication Flow', 'fa2d39cd-24de-4543-8c1d-b35954a7576e', 'basic-flow', b'1', b'1');
INSERT INTO `AUTHENTICATION_FLOW` (`ID`, `ALIAS`, `DESCRIPTION`, `REALM_ID`, `PROVIDER_ID`, `TOP_LEVEL`, `BUILT_IN`) VALUES('93a47a72-200d-4c3e-9d1a-4f63c2e6a443', 'registration form', 'registration form', 'ca5abdd7-1552-4581-bbd5-442181834c09', 'form-flow', b'0', b'1');
INSERT INTO `AUTHENTICATION_FLOW` (`ID`, `ALIAS`, `DESCRIPTION`, `REALM_ID`, `PROVIDER_ID`, `TOP_LEVEL`, `BUILT_IN`) VALUES('93f9a2fc-4246-43ef-9a52-5769fc7ec378', 'Reset - Conditional OTP', 'Flow to determine if the OTP should be reset or not. Set to REQUIRED to force.', 'ca5abdd7-1552-4581-bbd5-442181834c09', 'basic-flow', b'0', b'1');
INSERT INTO `AUTHENTICATION_FLOW` (`ID`, `ALIAS`, `DESCRIPTION`, `REALM_ID`, `PROVIDER_ID`, `TOP_LEVEL`, `BUILT_IN`) VALUES('a300a91b-903a-4c72-85c1-83b92c2420f4', 'browser', 'browser based authentication', 'fa2d39cd-24de-4543-8c1d-b35954a7576e', 'basic-flow', b'1', b'1');
INSERT INTO `AUTHENTICATION_FLOW` (`ID`, `ALIAS`, `DESCRIPTION`, `REALM_ID`, `PROVIDER_ID`, `TOP_LEVEL`, `BUILT_IN`) VALUES('abcc5d32-eee2-45e5-94d8-c740f2d9aa98', 'Reset - Conditional OTP', 'Flow to determine if the OTP should be reset or not. Set to REQUIRED to force.', 'fa2d39cd-24de-4543-8c1d-b35954a7576e', 'basic-flow', b'0', b'1');
INSERT INTO `AUTHENTICATION_FLOW` (`ID`, `ALIAS`, `DESCRIPTION`, `REALM_ID`, `PROVIDER_ID`, `TOP_LEVEL`, `BUILT_IN`) VALUES('b23d9149-407d-4d29-befb-94914a0ff9f8', 'browser', 'browser based authentication', 'ca5abdd7-1552-4581-bbd5-442181834c09', 'basic-flow', b'1', b'1');
INSERT INTO `AUTHENTICATION_FLOW` (`ID`, `ALIAS`, `DESCRIPTION`, `REALM_ID`, `PROVIDER_ID`, `TOP_LEVEL`, `BUILT_IN`) VALUES('b27b1f4f-b9a6-4245-9310-e3cece42b9b1', 'direct grant', 'OpenID Connect Resource Owner Grant', 'fa2d39cd-24de-4543-8c1d-b35954a7576e', 'basic-flow', b'1', b'1');
INSERT INTO `AUTHENTICATION_FLOW` (`ID`, `ALIAS`, `DESCRIPTION`, `REALM_ID`, `PROVIDER_ID`, `TOP_LEVEL`, `BUILT_IN`) VALUES('b3ea4296-9f25-47fa-9dc5-b19f5d9985e2', 'registration', 'registration flow', 'ca5abdd7-1552-4581-bbd5-442181834c09', 'basic-flow', b'1', b'1');
INSERT INTO `AUTHENTICATION_FLOW` (`ID`, `ALIAS`, `DESCRIPTION`, `REALM_ID`, `PROVIDER_ID`, `TOP_LEVEL`, `BUILT_IN`) VALUES('ba94971a-fee8-4013-947a-1db5f533e279', 'First broker login - Conditional OTP', 'Flow to determine if the OTP is required for the authentication', 'ca5abdd7-1552-4581-bbd5-442181834c09', 'basic-flow', b'0', b'1');
INSERT INTO `AUTHENTICATION_FLOW` (`ID`, `ALIAS`, `DESCRIPTION`, `REALM_ID`, `PROVIDER_ID`, `TOP_LEVEL`, `BUILT_IN`) VALUES('c072601b-083b-44e2-a649-e297e5987caa', 'Authentication Options', 'Authentication options.', 'ca5abdd7-1552-4581-bbd5-442181834c09', 'basic-flow', b'0', b'1');
INSERT INTO `AUTHENTICATION_FLOW` (`ID`, `ALIAS`, `DESCRIPTION`, `REALM_ID`, `PROVIDER_ID`, `TOP_LEVEL`, `BUILT_IN`) VALUES('cba7bfa6-7e30-491c-9ee6-128cf57ad2e1', 'registration form', 'registration form', 'fa2d39cd-24de-4543-8c1d-b35954a7576e', 'form-flow', b'0', b'1');
INSERT INTO `AUTHENTICATION_FLOW` (`ID`, `ALIAS`, `DESCRIPTION`, `REALM_ID`, `PROVIDER_ID`, `TOP_LEVEL`, `BUILT_IN`) VALUES('ce3699d3-2965-47d7-b860-30faf719705a', 'First broker login - Conditional OTP', 'Flow to determine if the OTP is required for the authentication', 'fa2d39cd-24de-4543-8c1d-b35954a7576e', 'basic-flow', b'0', b'1');
INSERT INTO `AUTHENTICATION_FLOW` (`ID`, `ALIAS`, `DESCRIPTION`, `REALM_ID`, `PROVIDER_ID`, `TOP_LEVEL`, `BUILT_IN`) VALUES('cea46c4d-0234-48d7-9b57-943643b4d546', 'http challenge', 'An authentication flow based on challenge-response HTTP Authentication Schemes', 'fa2d39cd-24de-4543-8c1d-b35954a7576e', 'basic-flow', b'1', b'1');
INSERT INTO `AUTHENTICATION_FLOW` (`ID`, `ALIAS`, `DESCRIPTION`, `REALM_ID`, `PROVIDER_ID`, `TOP_LEVEL`, `BUILT_IN`) VALUES('d862a6f6-dca8-4028-8e0f-eec3e55d50ce', 'Authentication Options', 'Authentication options.', 'fa2d39cd-24de-4543-8c1d-b35954a7576e', 'basic-flow', b'0', b'1');
INSERT INTO `AUTHENTICATION_FLOW` (`ID`, `ALIAS`, `DESCRIPTION`, `REALM_ID`, `PROVIDER_ID`, `TOP_LEVEL`, `BUILT_IN`) VALUES('dc9739c5-6bf8-4d67-a9a2-1c6a054a1afd', 'registration', 'registration flow', 'fa2d39cd-24de-4543-8c1d-b35954a7576e', 'basic-flow', b'1', b'1');
INSERT INTO `AUTHENTICATION_FLOW` (`ID`, `ALIAS`, `DESCRIPTION`, `REALM_ID`, `PROVIDER_ID`, `TOP_LEVEL`, `BUILT_IN`) VALUES('e5398a4a-b04e-443d-a9fb-edd511b42260', 'Verify Existing Account by Re-authentication', 'Reauthentication of existing account', 'ca5abdd7-1552-4581-bbd5-442181834c09', 'basic-flow', b'0', b'1');
INSERT INTO `AUTHENTICATION_FLOW` (`ID`, `ALIAS`, `DESCRIPTION`, `REALM_ID`, `PROVIDER_ID`, `TOP_LEVEL`, `BUILT_IN`) VALUES('f13950e4-ef36-40c4-baab-0410ab2bdab3', 'Browser - Conditional OTP', 'Flow to determine if the OTP is required for the authentication', 'ca5abdd7-1552-4581-bbd5-442181834c09', 'basic-flow', b'0', b'1');
INSERT INTO `AUTHENTICATION_FLOW` (`ID`, `ALIAS`, `DESCRIPTION`, `REALM_ID`, `PROVIDER_ID`, `TOP_LEVEL`, `BUILT_IN`) VALUES('ffb92ed3-915a-408e-8f7d-765be7bdd222', 'forms', 'Username, password, otp and other auth forms.', 'fa2d39cd-24de-4543-8c1d-b35954a7576e', 'basic-flow', b'0', b'1');

DROP TABLE IF EXISTS `AUTHENTICATOR_CONFIG`;
CREATE TABLE `AUTHENTICATOR_CONFIG` (
  `ID` varchar(36) NOT NULL,
  `ALIAS` varchar(255) DEFAULT NULL,
  `REALM_ID` varchar(36) DEFAULT NULL
) ENGINE=InnoDB DEFAULT CHARSET=utf8mb4 COLLATE=utf8mb4_general_ci;

INSERT INTO `AUTHENTICATOR_CONFIG` (`ID`, `ALIAS`, `REALM_ID`) VALUES('165fb67f-9bc2-4c92-b16b-4a8762614258', 'create unique user config', 'ca5abdd7-1552-4581-bbd5-442181834c09');
INSERT INTO `AUTHENTICATOR_CONFIG` (`ID`, `ALIAS`, `REALM_ID`) VALUES('929f99d0-45b6-4a34-8db1-1b854e00b33d', 'create unique user config', 'fa2d39cd-24de-4543-8c1d-b35954a7576e');
INSERT INTO `AUTHENTICATOR_CONFIG` (`ID`, `ALIAS`, `REALM_ID`) VALUES('a7275a9c-97cd-4384-afb7-0838a21a5486', 'review profile config', 'ca5abdd7-1552-4581-bbd5-442181834c09');
INSERT INTO `AUTHENTICATOR_CONFIG` (`ID`, `ALIAS`, `REALM_ID`) VALUES('cbc1f91a-9edb-4b8d-909a-e1cb0ffd82e5', 'review profile config', 'fa2d39cd-24de-4543-8c1d-b35954a7576e');

DROP TABLE IF EXISTS `AUTHENTICATOR_CONFIG_ENTRY`;
CREATE TABLE `AUTHENTICATOR_CONFIG_ENTRY` (
  `AUTHENTICATOR_ID` varchar(36) NOT NULL,
  `VALUE` longtext DEFAULT NULL,
  `NAME` varchar(255) NOT NULL
) ENGINE=InnoDB DEFAULT CHARSET=utf8mb4 COLLATE=utf8mb4_general_ci;

INSERT INTO `AUTHENTICATOR_CONFIG_ENTRY` (`AUTHENTICATOR_ID`, `VALUE`, `NAME`) VALUES('165fb67f-9bc2-4c92-b16b-4a8762614258', 'false', 'require.password.update.after.registration');
INSERT INTO `AUTHENTICATOR_CONFIG_ENTRY` (`AUTHENTICATOR_ID`, `VALUE`, `NAME`) VALUES('929f99d0-45b6-4a34-8db1-1b854e00b33d', 'false', 'require.password.update.after.registration');
INSERT INTO `AUTHENTICATOR_CONFIG_ENTRY` (`AUTHENTICATOR_ID`, `VALUE`, `NAME`) VALUES('a7275a9c-97cd-4384-afb7-0838a21a5486', 'missing', 'update.profile.on.first.login');
INSERT INTO `AUTHENTICATOR_CONFIG_ENTRY` (`AUTHENTICATOR_ID`, `VALUE`, `NAME`) VALUES('cbc1f91a-9edb-4b8d-909a-e1cb0ffd82e5', 'missing', 'update.profile.on.first.login');

DROP TABLE IF EXISTS `BROKER_LINK`;
CREATE TABLE `BROKER_LINK` (
  `IDENTITY_PROVIDER` varchar(255) NOT NULL,
  `STORAGE_PROVIDER_ID` varchar(255) DEFAULT NULL,
  `REALM_ID` varchar(36) NOT NULL,
  `BROKER_USER_ID` varchar(255) DEFAULT NULL,
  `BROKER_USERNAME` varchar(255) DEFAULT NULL,
  `TOKEN` text DEFAULT NULL,
  `USER_ID` varchar(255) NOT NULL
) ENGINE=InnoDB DEFAULT CHARSET=utf8mb4 COLLATE=utf8mb4_general_ci;

DROP TABLE IF EXISTS `CLIENT`;
CREATE TABLE `CLIENT` (
  `ID` varchar(36) NOT NULL,
  `ENABLED` bit(1) NOT NULL DEFAULT b'0',
  `FULL_SCOPE_ALLOWED` bit(1) NOT NULL DEFAULT b'0',
  `CLIENT_ID` varchar(255) DEFAULT NULL,
  `NOT_BEFORE` int(11) DEFAULT NULL,
  `PUBLIC_CLIENT` bit(1) NOT NULL DEFAULT b'0',
  `SECRET` varchar(255) DEFAULT NULL,
  `BASE_URL` varchar(255) DEFAULT NULL,
  `BEARER_ONLY` bit(1) NOT NULL DEFAULT b'0',
  `MANAGEMENT_URL` varchar(255) DEFAULT NULL,
  `SURROGATE_AUTH_REQUIRED` bit(1) NOT NULL DEFAULT b'0',
  `REALM_ID` varchar(36) DEFAULT NULL,
  `PROTOCOL` varchar(255) DEFAULT NULL,
  `NODE_REREG_TIMEOUT` int(11) DEFAULT 0,
  `FRONTCHANNEL_LOGOUT` bit(1) NOT NULL DEFAULT b'0',
  `CONSENT_REQUIRED` bit(1) NOT NULL DEFAULT b'0',
  `NAME` varchar(255) CHARACTER SET utf8mb3 COLLATE utf8mb3_general_ci DEFAULT NULL,
  `SERVICE_ACCOUNTS_ENABLED` bit(1) NOT NULL DEFAULT b'0',
  `CLIENT_AUTHENTICATOR_TYPE` varchar(255) DEFAULT NULL,
  `ROOT_URL` varchar(255) DEFAULT NULL,
  `DESCRIPTION` varchar(255) CHARACTER SET utf8mb3 COLLATE utf8mb3_general_ci DEFAULT NULL,
  `REGISTRATION_TOKEN` varchar(255) DEFAULT NULL,
  `STANDARD_FLOW_ENABLED` bit(1) NOT NULL DEFAULT b'1',
  `IMPLICIT_FLOW_ENABLED` bit(1) NOT NULL DEFAULT b'0',
  `DIRECT_ACCESS_GRANTS_ENABLED` bit(1) NOT NULL DEFAULT b'0',
  `ALWAYS_DISPLAY_IN_CONSOLE` bit(1) NOT NULL DEFAULT b'0'
) ENGINE=InnoDB DEFAULT CHARSET=utf8mb4 COLLATE=utf8mb4_general_ci;

INSERT INTO `CLIENT` (`ID`, `ENABLED`, `FULL_SCOPE_ALLOWED`, `CLIENT_ID`, `NOT_BEFORE`, `PUBLIC_CLIENT`, `SECRET`, `BASE_URL`, `BEARER_ONLY`, `MANAGEMENT_URL`, `SURROGATE_AUTH_REQUIRED`, `REALM_ID`, `PROTOCOL`, `NODE_REREG_TIMEOUT`, `FRONTCHANNEL_LOGOUT`, `CONSENT_REQUIRED`, `NAME`, `SERVICE_ACCOUNTS_ENABLED`, `CLIENT_AUTHENTICATOR_TYPE`, `ROOT_URL`, `DESCRIPTION`, `REGISTRATION_TOKEN`, `STANDARD_FLOW_ENABLED`, `IMPLICIT_FLOW_ENABLED`, `DIRECT_ACCESS_GRANTS_ENABLED`, `ALWAYS_DISPLAY_IN_CONSOLE`) VALUES('045c702a-3731-46e6-80fb-74664c400734', b'1', b'0', 'admin-cli', 0, b'1', NULL, NULL, b'0', NULL, b'0', 'fa2d39cd-24de-4543-8c1d-b35954a7576e', 'openid-connect', 0, b'0', b'0', '${client_admin-cli}', b'0', 'client-secret', NULL, NULL, NULL, b'0', b'0', b'1', b'0');
INSERT INTO `CLIENT` (`ID`, `ENABLED`, `FULL_SCOPE_ALLOWED`, `CLIENT_ID`, `NOT_BEFORE`, `PUBLIC_CLIENT`, `SECRET`, `BASE_URL`, `BEARER_ONLY`, `MANAGEMENT_URL`, `SURROGATE_AUTH_REQUIRED`, `REALM_ID`, `PROTOCOL`, `NODE_REREG_TIMEOUT`, `FRONTCHANNEL_LOGOUT`, `CONSENT_REQUIRED`, `NAME`, `SERVICE_ACCOUNTS_ENABLED`, `CLIENT_AUTHENTICATOR_TYPE`, `ROOT_URL`, `DESCRIPTION`, `REGISTRATION_TOKEN`, `STANDARD_FLOW_ENABLED`, `IMPLICIT_FLOW_ENABLED`, `DIRECT_ACCESS_GRANTS_ENABLED`, `ALWAYS_DISPLAY_IN_CONSOLE`) VALUES('2055e995-b383-4cf5-9e2d-d102aeca1a24', b'1', b'0', 'security-admin-console', 0, b'1', NULL, '/admin/master/console/', b'0', NULL, b'0', 'ca5abdd7-1552-4581-bbd5-442181834c09', 'openid-connect', 0, b'0', b'0', '${client_security-admin-console}', b'0', 'client-secret', '${authAdminUrl}', NULL, NULL, b'1', b'0', b'0', b'0');
INSERT INTO `CLIENT` (`ID`, `ENABLED`, `FULL_SCOPE_ALLOWED`, `CLIENT_ID`, `NOT_BEFORE`, `PUBLIC_CLIENT`, `SECRET`, `BASE_URL`, `BEARER_ONLY`, `MANAGEMENT_URL`, `SURROGATE_AUTH_REQUIRED`, `REALM_ID`, `PROTOCOL`, `NODE_REREG_TIMEOUT`, `FRONTCHANNEL_LOGOUT`, `CONSENT_REQUIRED`, `NAME`, `SERVICE_ACCOUNTS_ENABLED`, `CLIENT_AUTHENTICATOR_TYPE`, `ROOT_URL`, `DESCRIPTION`, `REGISTRATION_TOKEN`, `STANDARD_FLOW_ENABLED`, `IMPLICIT_FLOW_ENABLED`, `DIRECT_ACCESS_GRANTS_ENABLED`, `ALWAYS_DISPLAY_IN_CONSOLE`) VALUES('2758a53d-c1f8-4d98-9c66-39b507cf092b', b'1', b'0', 'broker', 0, b'0', NULL, NULL, b'1', NULL, b'0', 'ca5abdd7-1552-4581-bbd5-442181834c09', 'openid-connect', 0, b'0', b'0', '${client_broker}', b'0', 'client-secret', NULL, NULL, NULL, b'1', b'0', b'0', b'0');
INSERT INTO `CLIENT` (`ID`, `ENABLED`, `FULL_SCOPE_ALLOWED`, `CLIENT_ID`, `NOT_BEFORE`, `PUBLIC_CLIENT`, `SECRET`, `BASE_URL`, `BEARER_ONLY`, `MANAGEMENT_URL`, `SURROGATE_AUTH_REQUIRED`, `REALM_ID`, `PROTOCOL`, `NODE_REREG_TIMEOUT`, `FRONTCHANNEL_LOGOUT`, `CONSENT_REQUIRED`, `NAME`, `SERVICE_ACCOUNTS_ENABLED`, `CLIENT_AUTHENTICATOR_TYPE`, `ROOT_URL`, `DESCRIPTION`, `REGISTRATION_TOKEN`, `STANDARD_FLOW_ENABLED`, `IMPLICIT_FLOW_ENABLED`, `DIRECT_ACCESS_GRANTS_ENABLED`, `ALWAYS_DISPLAY_IN_CONSOLE`) VALUES('3cebacfc-b1d9-4ada-909e-e8634caf12b9', b'1', b'0', 'security-admin-console', 0, b'1', NULL, '/admin/primary/console/', b'0', NULL, b'0', 'fa2d39cd-24de-4543-8c1d-b35954a7576e', 'openid-connect', 0, b'0', b'0', '${client_security-admin-console}', b'0', 'client-secret', '${authAdminUrl}', NULL, NULL, b'1', b'0', b'0', b'0');
INSERT INTO `CLIENT` (`ID`, `ENABLED`, `FULL_SCOPE_ALLOWED`, `CLIENT_ID`, `NOT_BEFORE`, `PUBLIC_CLIENT`, `SECRET`, `BASE_URL`, `BEARER_ONLY`, `MANAGEMENT_URL`, `SURROGATE_AUTH_REQUIRED`, `REALM_ID`, `PROTOCOL`, `NODE_REREG_TIMEOUT`, `FRONTCHANNEL_LOGOUT`, `CONSENT_REQUIRED`, `NAME`, `SERVICE_ACCOUNTS_ENABLED`, `CLIENT_AUTHENTICATOR_TYPE`, `ROOT_URL`, `DESCRIPTION`, `REGISTRATION_TOKEN`, `STANDARD_FLOW_ENABLED`, `IMPLICIT_FLOW_ENABLED`, `DIRECT_ACCESS_GRANTS_ENABLED`, `ALWAYS_DISPLAY_IN_CONSOLE`) VALUES('52b6c78a-99f1-44eb-9265-853f866e524e', b'1', b'0', 'master-realm', 0, b'0', NULL, NULL, b'1', NULL, b'0', 'ca5abdd7-1552-4581-bbd5-442181834c09', NULL, 0, b'0', b'0', 'master Realm', b'0', 'client-secret', NULL, NULL, NULL, b'1', b'0', b'0', b'0');
INSERT INTO `CLIENT` (`ID`, `ENABLED`, `FULL_SCOPE_ALLOWED`, `CLIENT_ID`, `NOT_BEFORE`, `PUBLIC_CLIENT`, `SECRET`, `BASE_URL`, `BEARER_ONLY`, `MANAGEMENT_URL`, `SURROGATE_AUTH_REQUIRED`, `REALM_ID`, `PROTOCOL`, `NODE_REREG_TIMEOUT`, `FRONTCHANNEL_LOGOUT`, `CONSENT_REQUIRED`, `NAME`, `SERVICE_ACCOUNTS_ENABLED`, `CLIENT_AUTHENTICATOR_TYPE`, `ROOT_URL`, `DESCRIPTION`, `REGISTRATION_TOKEN`, `STANDARD_FLOW_ENABLED`, `IMPLICIT_FLOW_ENABLED`, `DIRECT_ACCESS_GRANTS_ENABLED`, `ALWAYS_DISPLAY_IN_CONSOLE`) VALUES('6a2fba4f-23dc-4376-904a-65db43c653f9', b'1', b'0', 'admin-cli', 0, b'1', NULL, NULL, b'0', NULL, b'0', 'ca5abdd7-1552-4581-bbd5-442181834c09', 'openid-connect', 0, b'0', b'0', '${client_admin-cli}', b'0', 'client-secret', NULL, NULL, NULL, b'0', b'0', b'1', b'0');
INSERT INTO `CLIENT` (`ID`, `ENABLED`, `FULL_SCOPE_ALLOWED`, `CLIENT_ID`, `NOT_BEFORE`, `PUBLIC_CLIENT`, `SECRET`, `BASE_URL`, `BEARER_ONLY`, `MANAGEMENT_URL`, `SURROGATE_AUTH_REQUIRED`, `REALM_ID`, `PROTOCOL`, `NODE_REREG_TIMEOUT`, `FRONTCHANNEL_LOGOUT`, `CONSENT_REQUIRED`, `NAME`, `SERVICE_ACCOUNTS_ENABLED`, `CLIENT_AUTHENTICATOR_TYPE`, `ROOT_URL`, `DESCRIPTION`, `REGISTRATION_TOKEN`, `STANDARD_FLOW_ENABLED`, `IMPLICIT_FLOW_ENABLED`, `DIRECT_ACCESS_GRANTS_ENABLED`, `ALWAYS_DISPLAY_IN_CONSOLE`) VALUES('7ce8f350-b98b-41fc-bc1b-a1d1d3ba1adb', b'1', b'0', 'account', 0, b'1', NULL, '/realms/master/account/', b'0', NULL, b'0', 'ca5abdd7-1552-4581-bbd5-442181834c09', 'openid-connect', 0, b'0', b'0', '${client_account}', b'0', 'client-secret', '${authBaseUrl}', NULL, NULL, b'1', b'0', b'0', b'0');
INSERT INTO `CLIENT` (`ID`, `ENABLED`, `FULL_SCOPE_ALLOWED`, `CLIENT_ID`, `NOT_BEFORE`, `PUBLIC_CLIENT`, `SECRET`, `BASE_URL`, `BEARER_ONLY`, `MANAGEMENT_URL`, `SURROGATE_AUTH_REQUIRED`, `REALM_ID`, `PROTOCOL`, `NODE_REREG_TIMEOUT`, `FRONTCHANNEL_LOGOUT`, `CONSENT_REQUIRED`, `NAME`, `SERVICE_ACCOUNTS_ENABLED`, `CLIENT_AUTHENTICATOR_TYPE`, `ROOT_URL`, `DESCRIPTION`, `REGISTRATION_TOKEN`, `STANDARD_FLOW_ENABLED`, `IMPLICIT_FLOW_ENABLED`, `DIRECT_ACCESS_GRANTS_ENABLED`, `ALWAYS_DISPLAY_IN_CONSOLE`) VALUES('8621536a-97cc-4557-9c22-30e2a7a3c57a', b'1', b'0', 'broker', 0, b'0', NULL, NULL, b'1', NULL, b'0', 'fa2d39cd-24de-4543-8c1d-b35954a7576e', 'openid-connect', 0, b'0', b'0', '${client_broker}', b'0', 'client-secret', NULL, NULL, NULL, b'1', b'0', b'0', b'0');
INSERT INTO `CLIENT` (`ID`, `ENABLED`, `FULL_SCOPE_ALLOWED`, `CLIENT_ID`, `NOT_BEFORE`, `PUBLIC_CLIENT`, `SECRET`, `BASE_URL`, `BEARER_ONLY`, `MANAGEMENT_URL`, `SURROGATE_AUTH_REQUIRED`, `REALM_ID`, `PROTOCOL`, `NODE_REREG_TIMEOUT`, `FRONTCHANNEL_LOGOUT`, `CONSENT_REQUIRED`, `NAME`, `SERVICE_ACCOUNTS_ENABLED`, `CLIENT_AUTHENTICATOR_TYPE`, `ROOT_URL`, `DESCRIPTION`, `REGISTRATION_TOKEN`, `STANDARD_FLOW_ENABLED`, `IMPLICIT_FLOW_ENABLED`, `DIRECT_ACCESS_GRANTS_ENABLED`, `ALWAYS_DISPLAY_IN_CONSOLE`) VALUES('8bf34cfa-4a11-4eda-8803-6ca132b5e9a2', b'1', b'0', 'account', 0, b'1', NULL, '/realms/primary/account/', b'0', NULL, b'0', 'fa2d39cd-24de-4543-8c1d-b35954a7576e', 'openid-connect', 0, b'0', b'0', '${client_account}', b'0', 'client-secret', '${authBaseUrl}', NULL, NULL, b'1', b'0', b'0', b'0');
INSERT INTO `CLIENT` (`ID`, `ENABLED`, `FULL_SCOPE_ALLOWED`, `CLIENT_ID`, `NOT_BEFORE`, `PUBLIC_CLIENT`, `SECRET`, `BASE_URL`, `BEARER_ONLY`, `MANAGEMENT_URL`, `SURROGATE_AUTH_REQUIRED`, `REALM_ID`, `PROTOCOL`, `NODE_REREG_TIMEOUT`, `FRONTCHANNEL_LOGOUT`, `CONSENT_REQUIRED`, `NAME`, `SERVICE_ACCOUNTS_ENABLED`, `CLIENT_AUTHENTICATOR_TYPE`, `ROOT_URL`, `DESCRIPTION`, `REGISTRATION_TOKEN`, `STANDARD_FLOW_ENABLED`, `IMPLICIT_FLOW_ENABLED`, `DIRECT_ACCESS_GRANTS_ENABLED`, `ALWAYS_DISPLAY_IN_CONSOLE`) VALUES('926c5af6-1841-4ccc-83eb-99a65d483dfc', b'1', b'0', 'realm-management', 0, b'0', NULL, NULL, b'1', NULL, b'0', 'fa2d39cd-24de-4543-8c1d-b35954a7576e', 'openid-connect', 0, b'0', b'0', '${client_realm-management}', b'0', 'client-secret', NULL, NULL, NULL, b'1', b'0', b'0', b'0');
INSERT INTO `CLIENT` (`ID`, `ENABLED`, `FULL_SCOPE_ALLOWED`, `CLIENT_ID`, `NOT_BEFORE`, `PUBLIC_CLIENT`, `SECRET`, `BASE_URL`, `BEARER_ONLY`, `MANAGEMENT_URL`, `SURROGATE_AUTH_REQUIRED`, `REALM_ID`, `PROTOCOL`, `NODE_REREG_TIMEOUT`, `FRONTCHANNEL_LOGOUT`, `CONSENT_REQUIRED`, `NAME`, `SERVICE_ACCOUNTS_ENABLED`, `CLIENT_AUTHENTICATOR_TYPE`, `ROOT_URL`, `DESCRIPTION`, `REGISTRATION_TOKEN`, `STANDARD_FLOW_ENABLED`, `IMPLICIT_FLOW_ENABLED`, `DIRECT_ACCESS_GRANTS_ENABLED`, `ALWAYS_DISPLAY_IN_CONSOLE`) VALUES('b3ba5987-e40e-4f72-b0bd-453ed3d987ef', b'1', b'0', 'account-console', 0, b'1', NULL, '/realms/primary/account/', b'0', NULL, b'0', 'fa2d39cd-24de-4543-8c1d-b35954a7576e', 'openid-connect', 0, b'0', b'0', '${client_account-console}', b'0', 'client-secret', '${authBaseUrl}', NULL, NULL, b'1', b'0', b'0', b'0');
INSERT INTO `CLIENT` (`ID`, `ENABLED`, `FULL_SCOPE_ALLOWED`, `CLIENT_ID`, `NOT_BEFORE`, `PUBLIC_CLIENT`, `SECRET`, `BASE_URL`, `BEARER_ONLY`, `MANAGEMENT_URL`, `SURROGATE_AUTH_REQUIRED`, `REALM_ID`, `PROTOCOL`, `NODE_REREG_TIMEOUT`, `FRONTCHANNEL_LOGOUT`, `CONSENT_REQUIRED`, `NAME`, `SERVICE_ACCOUNTS_ENABLED`, `CLIENT_AUTHENTICATOR_TYPE`, `ROOT_URL`, `DESCRIPTION`, `REGISTRATION_TOKEN`, `STANDARD_FLOW_ENABLED`, `IMPLICIT_FLOW_ENABLED`, `DIRECT_ACCESS_GRANTS_ENABLED`, `ALWAYS_DISPLAY_IN_CONSOLE`) VALUES('b476c4c6-59a9-4f12-97b2-a9bfc0d4f0e2', b'1', b'0', 'primary-realm', 0, b'0', NULL, NULL, b'1', NULL, b'0', 'ca5abdd7-1552-4581-bbd5-442181834c09', NULL, 0, b'0', b'0', 'primary Realm', b'0', 'client-secret', NULL, NULL, NULL, b'1', b'0', b'0', b'0');
INSERT INTO `CLIENT` (`ID`, `ENABLED`, `FULL_SCOPE_ALLOWED`, `CLIENT_ID`, `NOT_BEFORE`, `PUBLIC_CLIENT`, `SECRET`, `BASE_URL`, `BEARER_ONLY`, `MANAGEMENT_URL`, `SURROGATE_AUTH_REQUIRED`, `REALM_ID`, `PROTOCOL`, `NODE_REREG_TIMEOUT`, `FRONTCHANNEL_LOGOUT`, `CONSENT_REQUIRED`, `NAME`, `SERVICE_ACCOUNTS_ENABLED`, `CLIENT_AUTHENTICATOR_TYPE`, `ROOT_URL`, `DESCRIPTION`, `REGISTRATION_TOKEN`, `STANDARD_FLOW_ENABLED`, `IMPLICIT_FLOW_ENABLED`, `DIRECT_ACCESS_GRANTS_ENABLED`, `ALWAYS_DISPLAY_IN_CONSOLE`) VALUES('e4100cfe-9ccb-4c70-8d7e-5fd21a08e97b', b'1', b'0', 'account-console', 0, b'1', NULL, '/realms/master/account/', b'0', NULL, b'0', 'ca5abdd7-1552-4581-bbd5-442181834c09', 'openid-connect', 0, b'0', b'0', '${client_account-console}', b'0', 'client-secret', '${authBaseUrl}', NULL, NULL, b'1', b'0', b'0', b'0');

DROP TABLE IF EXISTS `CLIENT_ATTRIBUTES`;
CREATE TABLE `CLIENT_ATTRIBUTES` (
  `CLIENT_ID` varchar(36) NOT NULL,
  `NAME` varchar(255) NOT NULL,
  `VALUE` longtext CHARACTER SET utf8mb3 COLLATE utf8mb3_general_ci DEFAULT NULL
) ENGINE=InnoDB DEFAULT CHARSET=utf8mb4 COLLATE=utf8mb4_general_ci;

INSERT INTO `CLIENT_ATTRIBUTES` (`CLIENT_ID`, `NAME`, `VALUE`) VALUES('2055e995-b383-4cf5-9e2d-d102aeca1a24', 'pkce.code.challenge.method', 'S256');
INSERT INTO `CLIENT_ATTRIBUTES` (`CLIENT_ID`, `NAME`, `VALUE`) VALUES('2055e995-b383-4cf5-9e2d-d102aeca1a24', 'post.logout.redirect.uris', '+');
INSERT INTO `CLIENT_ATTRIBUTES` (`CLIENT_ID`, `NAME`, `VALUE`) VALUES('3cebacfc-b1d9-4ada-909e-e8634caf12b9', 'pkce.code.challenge.method', 'S256');
INSERT INTO `CLIENT_ATTRIBUTES` (`CLIENT_ID`, `NAME`, `VALUE`) VALUES('3cebacfc-b1d9-4ada-909e-e8634caf12b9', 'post.logout.redirect.uris', '+');
INSERT INTO `CLIENT_ATTRIBUTES` (`CLIENT_ID`, `NAME`, `VALUE`) VALUES('7ce8f350-b98b-41fc-bc1b-a1d1d3ba1adb', 'post.logout.redirect.uris', '+');
INSERT INTO `CLIENT_ATTRIBUTES` (`CLIENT_ID`, `NAME`, `VALUE`) VALUES('8bf34cfa-4a11-4eda-8803-6ca132b5e9a2', 'post.logout.redirect.uris', '+');
INSERT INTO `CLIENT_ATTRIBUTES` (`CLIENT_ID`, `NAME`, `VALUE`) VALUES('b3ba5987-e40e-4f72-b0bd-453ed3d987ef', 'pkce.code.challenge.method', 'S256');
INSERT INTO `CLIENT_ATTRIBUTES` (`CLIENT_ID`, `NAME`, `VALUE`) VALUES('b3ba5987-e40e-4f72-b0bd-453ed3d987ef', 'post.logout.redirect.uris', '+');
INSERT INTO `CLIENT_ATTRIBUTES` (`CLIENT_ID`, `NAME`, `VALUE`) VALUES('e4100cfe-9ccb-4c70-8d7e-5fd21a08e97b', 'pkce.code.challenge.method', 'S256');
INSERT INTO `CLIENT_ATTRIBUTES` (`CLIENT_ID`, `NAME`, `VALUE`) VALUES('e4100cfe-9ccb-4c70-8d7e-5fd21a08e97b', 'post.logout.redirect.uris', '+');

DROP TABLE IF EXISTS `CLIENT_AUTH_FLOW_BINDINGS`;
CREATE TABLE `CLIENT_AUTH_FLOW_BINDINGS` (
  `CLIENT_ID` varchar(36) NOT NULL,
  `FLOW_ID` varchar(36) DEFAULT NULL,
  `BINDING_NAME` varchar(255) NOT NULL
) ENGINE=InnoDB DEFAULT CHARSET=utf8mb4 COLLATE=utf8mb4_general_ci;

DROP TABLE IF EXISTS `CLIENT_INITIAL_ACCESS`;
CREATE TABLE `CLIENT_INITIAL_ACCESS` (
  `ID` varchar(36) NOT NULL,
  `REALM_ID` varchar(36) NOT NULL,
  `TIMESTAMP` int(11) DEFAULT NULL,
  `EXPIRATION` int(11) DEFAULT NULL,
  `COUNT` int(11) DEFAULT NULL,
  `REMAINING_COUNT` int(11) DEFAULT NULL
) ENGINE=InnoDB DEFAULT CHARSET=utf8mb4 COLLATE=utf8mb4_general_ci;

DROP TABLE IF EXISTS `CLIENT_NODE_REGISTRATIONS`;
CREATE TABLE `CLIENT_NODE_REGISTRATIONS` (
  `CLIENT_ID` varchar(36) NOT NULL,
  `VALUE` int(11) DEFAULT NULL,
  `NAME` varchar(255) NOT NULL
) ENGINE=InnoDB DEFAULT CHARSET=utf8mb4 COLLATE=utf8mb4_general_ci;

DROP TABLE IF EXISTS `CLIENT_SCOPE`;
CREATE TABLE `CLIENT_SCOPE` (
  `ID` varchar(36) NOT NULL,
  `NAME` varchar(255) DEFAULT NULL,
  `REALM_ID` varchar(36) DEFAULT NULL,
  `DESCRIPTION` varchar(255) CHARACTER SET utf8mb3 COLLATE utf8mb3_general_ci DEFAULT NULL,
  `PROTOCOL` varchar(255) DEFAULT NULL
) ENGINE=InnoDB DEFAULT CHARSET=utf8mb4 COLLATE=utf8mb4_general_ci;

INSERT INTO `CLIENT_SCOPE` (`ID`, `NAME`, `REALM_ID`, `DESCRIPTION`, `PROTOCOL`) VALUES('2321a7a0-b213-4c92-b9ae-243b1e45b95b', 'email', 'fa2d39cd-24de-4543-8c1d-b35954a7576e', 'OpenID Connect built-in scope: email', 'openid-connect');
INSERT INTO `CLIENT_SCOPE` (`ID`, `NAME`, `REALM_ID`, `DESCRIPTION`, `PROTOCOL`) VALUES('2458bdd0-61f2-4385-a11e-fd70e033f755', 'acr', 'ca5abdd7-1552-4581-bbd5-442181834c09', 'OpenID Connect scope for add acr (authentication context class reference) to the token', 'openid-connect');
INSERT INTO `CLIENT_SCOPE` (`ID`, `NAME`, `REALM_ID`, `DESCRIPTION`, `PROTOCOL`) VALUES('5aec5122-bbf6-4e9d-97f7-fdc4c8fbdc44', 'roles', 'ca5abdd7-1552-4581-bbd5-442181834c09', 'OpenID Connect scope for add user roles to the access token', 'openid-connect');
INSERT INTO `CLIENT_SCOPE` (`ID`, `NAME`, `REALM_ID`, `DESCRIPTION`, `PROTOCOL`) VALUES('5b9e52cc-2dba-432a-a053-0a2253f53b65', 'address', 'fa2d39cd-24de-4543-8c1d-b35954a7576e', 'OpenID Connect built-in scope: address', 'openid-connect');
INSERT INTO `CLIENT_SCOPE` (`ID`, `NAME`, `REALM_ID`, `DESCRIPTION`, `PROTOCOL`) VALUES('5ce8cd97-cbcd-4474-84d4-d6aa3cd48783', 'phone', 'ca5abdd7-1552-4581-bbd5-442181834c09', 'OpenID Connect built-in scope: phone', 'openid-connect');
INSERT INTO `CLIENT_SCOPE` (`ID`, `NAME`, `REALM_ID`, `DESCRIPTION`, `PROTOCOL`) VALUES('5edf09d2-16fb-4086-bf7e-782cd5718f20', 'role_list', 'ca5abdd7-1552-4581-bbd5-442181834c09', 'SAML role list', 'saml');
INSERT INTO `CLIENT_SCOPE` (`ID`, `NAME`, `REALM_ID`, `DESCRIPTION`, `PROTOCOL`) VALUES('65cd034a-2193-4fbe-9030-da9d0ac069b4', 'web-origins', 'fa2d39cd-24de-4543-8c1d-b35954a7576e', 'OpenID Connect scope for add allowed web origins to the access token', 'openid-connect');
INSERT INTO `CLIENT_SCOPE` (`ID`, `NAME`, `REALM_ID`, `DESCRIPTION`, `PROTOCOL`) VALUES('74742973-174d-40d4-a2ac-640fe739879d', 'web-origins', 'ca5abdd7-1552-4581-bbd5-442181834c09', 'OpenID Connect scope for add allowed web origins to the access token', 'openid-connect');
INSERT INTO `CLIENT_SCOPE` (`ID`, `NAME`, `REALM_ID`, `DESCRIPTION`, `PROTOCOL`) VALUES('9d2d258e-2d55-4869-8e79-1ca41d8db567', 'microprofile-jwt', 'fa2d39cd-24de-4543-8c1d-b35954a7576e', 'Microprofile - JWT built-in scope', 'openid-connect');
INSERT INTO `CLIENT_SCOPE` (`ID`, `NAME`, `REALM_ID`, `DESCRIPTION`, `PROTOCOL`) VALUES('a06ff3a2-c2e8-4985-a839-4ad5cf27862b', 'microprofile-jwt', 'ca5abdd7-1552-4581-bbd5-442181834c09', 'Microprofile - JWT built-in scope', 'openid-connect');
INSERT INTO `CLIENT_SCOPE` (`ID`, `NAME`, `REALM_ID`, `DESCRIPTION`, `PROTOCOL`) VALUES('a7190ef9-4563-492d-9ea5-858a89eb49aa', 'phone', 'fa2d39cd-24de-4543-8c1d-b35954a7576e', 'OpenID Connect built-in scope: phone', 'openid-connect');
INSERT INTO `CLIENT_SCOPE` (`ID`, `NAME`, `REALM_ID`, `DESCRIPTION`, `PROTOCOL`) VALUES('b61057fe-4555-48f0-b103-a684764fe615', 'email', 'ca5abdd7-1552-4581-bbd5-442181834c09', 'OpenID Connect built-in scope: email', 'openid-connect');
INSERT INTO `CLIENT_SCOPE` (`ID`, `NAME`, `REALM_ID`, `DESCRIPTION`, `PROTOCOL`) VALUES('c69774b5-93ed-4fe3-9ad5-a9fad51b191f', 'role_list', 'fa2d39cd-24de-4543-8c1d-b35954a7576e', 'SAML role list', 'saml');
INSERT INTO `CLIENT_SCOPE` (`ID`, `NAME`, `REALM_ID`, `DESCRIPTION`, `PROTOCOL`) VALUES('d897ffec-3669-41b7-ae2f-87bdc7d5db9e', 'acr', 'fa2d39cd-24de-4543-8c1d-b35954a7576e', 'OpenID Connect scope for add acr (authentication context class reference) to the token', 'openid-connect');
INSERT INTO `CLIENT_SCOPE` (`ID`, `NAME`, `REALM_ID`, `DESCRIPTION`, `PROTOCOL`) VALUES('e06f4f3a-3b18-4509-9ba5-59f91d543f8c', 'offline_access', 'ca5abdd7-1552-4581-bbd5-442181834c09', 'OpenID Connect built-in scope: offline_access', 'openid-connect');
INSERT INTO `CLIENT_SCOPE` (`ID`, `NAME`, `REALM_ID`, `DESCRIPTION`, `PROTOCOL`) VALUES('e1db8d63-0e54-4362-beb9-152596d3aba3', 'profile', 'ca5abdd7-1552-4581-bbd5-442181834c09', 'OpenID Connect built-in scope: profile', 'openid-connect');
INSERT INTO `CLIENT_SCOPE` (`ID`, `NAME`, `REALM_ID`, `DESCRIPTION`, `PROTOCOL`) VALUES('e251a72b-75db-44a3-96da-6a0cff583a30', 'offline_access', 'fa2d39cd-24de-4543-8c1d-b35954a7576e', 'OpenID Connect built-in scope: offline_access', 'openid-connect');
INSERT INTO `CLIENT_SCOPE` (`ID`, `NAME`, `REALM_ID`, `DESCRIPTION`, `PROTOCOL`) VALUES('ef90a3be-9a0e-48a3-97d3-fbaacd36b60c', 'address', 'ca5abdd7-1552-4581-bbd5-442181834c09', 'OpenID Connect built-in scope: address', 'openid-connect');
INSERT INTO `CLIENT_SCOPE` (`ID`, `NAME`, `REALM_ID`, `DESCRIPTION`, `PROTOCOL`) VALUES('f625c452-38e7-4d33-bcac-934a76a5aa46', 'roles', 'fa2d39cd-24de-4543-8c1d-b35954a7576e', 'OpenID Connect scope for add user roles to the access token', 'openid-connect');
INSERT INTO `CLIENT_SCOPE` (`ID`, `NAME`, `REALM_ID`, `DESCRIPTION`, `PROTOCOL`) VALUES('f8728cf4-c24a-49b0-bb7a-6810ed7129d5', 'profile', 'fa2d39cd-24de-4543-8c1d-b35954a7576e', 'OpenID Connect built-in scope: profile', 'openid-connect');

DROP TABLE IF EXISTS `CLIENT_SCOPE_ATTRIBUTES`;
CREATE TABLE `CLIENT_SCOPE_ATTRIBUTES` (
  `SCOPE_ID` varchar(36) NOT NULL,
  `VALUE` text DEFAULT NULL,
  `NAME` varchar(255) NOT NULL
) ENGINE=InnoDB DEFAULT CHARSET=utf8mb4 COLLATE=utf8mb4_general_ci;

INSERT INTO `CLIENT_SCOPE_ATTRIBUTES` (`SCOPE_ID`, `VALUE`, `NAME`) VALUES('2321a7a0-b213-4c92-b9ae-243b1e45b95b', '${emailScopeConsentText}', 'consent.screen.text');
INSERT INTO `CLIENT_SCOPE_ATTRIBUTES` (`SCOPE_ID`, `VALUE`, `NAME`) VALUES('2321a7a0-b213-4c92-b9ae-243b1e45b95b', 'true', 'display.on.consent.screen');
INSERT INTO `CLIENT_SCOPE_ATTRIBUTES` (`SCOPE_ID`, `VALUE`, `NAME`) VALUES('2321a7a0-b213-4c92-b9ae-243b1e45b95b', 'true', 'include.in.token.scope');
INSERT INTO `CLIENT_SCOPE_ATTRIBUTES` (`SCOPE_ID`, `VALUE`, `NAME`) VALUES('2458bdd0-61f2-4385-a11e-fd70e033f755', 'false', 'display.on.consent.screen');
INSERT INTO `CLIENT_SCOPE_ATTRIBUTES` (`SCOPE_ID`, `VALUE`, `NAME`) VALUES('2458bdd0-61f2-4385-a11e-fd70e033f755', 'false', 'include.in.token.scope');
INSERT INTO `CLIENT_SCOPE_ATTRIBUTES` (`SCOPE_ID`, `VALUE`, `NAME`) VALUES('5aec5122-bbf6-4e9d-97f7-fdc4c8fbdc44', '${rolesScopeConsentText}', 'consent.screen.text');
INSERT INTO `CLIENT_SCOPE_ATTRIBUTES` (`SCOPE_ID`, `VALUE`, `NAME`) VALUES('5aec5122-bbf6-4e9d-97f7-fdc4c8fbdc44', 'true', 'display.on.consent.screen');
INSERT INTO `CLIENT_SCOPE_ATTRIBUTES` (`SCOPE_ID`, `VALUE`, `NAME`) VALUES('5aec5122-bbf6-4e9d-97f7-fdc4c8fbdc44', 'false', 'include.in.token.scope');
INSERT INTO `CLIENT_SCOPE_ATTRIBUTES` (`SCOPE_ID`, `VALUE`, `NAME`) VALUES('5b9e52cc-2dba-432a-a053-0a2253f53b65', '${addressScopeConsentText}', 'consent.screen.text');
INSERT INTO `CLIENT_SCOPE_ATTRIBUTES` (`SCOPE_ID`, `VALUE`, `NAME`) VALUES('5b9e52cc-2dba-432a-a053-0a2253f53b65', 'true', 'display.on.consent.screen');
INSERT INTO `CLIENT_SCOPE_ATTRIBUTES` (`SCOPE_ID`, `VALUE`, `NAME`) VALUES('5b9e52cc-2dba-432a-a053-0a2253f53b65', 'true', 'include.in.token.scope');
INSERT INTO `CLIENT_SCOPE_ATTRIBUTES` (`SCOPE_ID`, `VALUE`, `NAME`) VALUES('5ce8cd97-cbcd-4474-84d4-d6aa3cd48783', '${phoneScopeConsentText}', 'consent.screen.text');
INSERT INTO `CLIENT_SCOPE_ATTRIBUTES` (`SCOPE_ID`, `VALUE`, `NAME`) VALUES('5ce8cd97-cbcd-4474-84d4-d6aa3cd48783', 'true', 'display.on.consent.screen');
INSERT INTO `CLIENT_SCOPE_ATTRIBUTES` (`SCOPE_ID`, `VALUE`, `NAME`) VALUES('5ce8cd97-cbcd-4474-84d4-d6aa3cd48783', 'true', 'include.in.token.scope');
INSERT INTO `CLIENT_SCOPE_ATTRIBUTES` (`SCOPE_ID`, `VALUE`, `NAME`) VALUES('5edf09d2-16fb-4086-bf7e-782cd5718f20', '${samlRoleListScopeConsentText}', 'consent.screen.text');
INSERT INTO `CLIENT_SCOPE_ATTRIBUTES` (`SCOPE_ID`, `VALUE`, `NAME`) VALUES('5edf09d2-16fb-4086-bf7e-782cd5718f20', 'true', 'display.on.consent.screen');
INSERT INTO `CLIENT_SCOPE_ATTRIBUTES` (`SCOPE_ID`, `VALUE`, `NAME`) VALUES('65cd034a-2193-4fbe-9030-da9d0ac069b4', '', 'consent.screen.text');
INSERT INTO `CLIENT_SCOPE_ATTRIBUTES` (`SCOPE_ID`, `VALUE`, `NAME`) VALUES('65cd034a-2193-4fbe-9030-da9d0ac069b4', 'false', 'display.on.consent.screen');
INSERT INTO `CLIENT_SCOPE_ATTRIBUTES` (`SCOPE_ID`, `VALUE`, `NAME`) VALUES('65cd034a-2193-4fbe-9030-da9d0ac069b4', 'false', 'include.in.token.scope');
INSERT INTO `CLIENT_SCOPE_ATTRIBUTES` (`SCOPE_ID`, `VALUE`, `NAME`) VALUES('74742973-174d-40d4-a2ac-640fe739879d', '', 'consent.screen.text');
INSERT INTO `CLIENT_SCOPE_ATTRIBUTES` (`SCOPE_ID`, `VALUE`, `NAME`) VALUES('74742973-174d-40d4-a2ac-640fe739879d', 'false', 'display.on.consent.screen');
INSERT INTO `CLIENT_SCOPE_ATTRIBUTES` (`SCOPE_ID`, `VALUE`, `NAME`) VALUES('74742973-174d-40d4-a2ac-640fe739879d', 'false', 'include.in.token.scope');
INSERT INTO `CLIENT_SCOPE_ATTRIBUTES` (`SCOPE_ID`, `VALUE`, `NAME`) VALUES('9d2d258e-2d55-4869-8e79-1ca41d8db567', 'false', 'display.on.consent.screen');
INSERT INTO `CLIENT_SCOPE_ATTRIBUTES` (`SCOPE_ID`, `VALUE`, `NAME`) VALUES('9d2d258e-2d55-4869-8e79-1ca41d8db567', 'true', 'include.in.token.scope');
INSERT INTO `CLIENT_SCOPE_ATTRIBUTES` (`SCOPE_ID`, `VALUE`, `NAME`) VALUES('a06ff3a2-c2e8-4985-a839-4ad5cf27862b', 'false', 'display.on.consent.screen');
INSERT INTO `CLIENT_SCOPE_ATTRIBUTES` (`SCOPE_ID`, `VALUE`, `NAME`) VALUES('a06ff3a2-c2e8-4985-a839-4ad5cf27862b', 'true', 'include.in.token.scope');
INSERT INTO `CLIENT_SCOPE_ATTRIBUTES` (`SCOPE_ID`, `VALUE`, `NAME`) VALUES('a7190ef9-4563-492d-9ea5-858a89eb49aa', '${phoneScopeConsentText}', 'consent.screen.text');
INSERT INTO `CLIENT_SCOPE_ATTRIBUTES` (`SCOPE_ID`, `VALUE`, `NAME`) VALUES('a7190ef9-4563-492d-9ea5-858a89eb49aa', 'true', 'display.on.consent.screen');
INSERT INTO `CLIENT_SCOPE_ATTRIBUTES` (`SCOPE_ID`, `VALUE`, `NAME`) VALUES('a7190ef9-4563-492d-9ea5-858a89eb49aa', 'true', 'include.in.token.scope');
INSERT INTO `CLIENT_SCOPE_ATTRIBUTES` (`SCOPE_ID`, `VALUE`, `NAME`) VALUES('b61057fe-4555-48f0-b103-a684764fe615', '${emailScopeConsentText}', 'consent.screen.text');
INSERT INTO `CLIENT_SCOPE_ATTRIBUTES` (`SCOPE_ID`, `VALUE`, `NAME`) VALUES('b61057fe-4555-48f0-b103-a684764fe615', 'true', 'display.on.consent.screen');
INSERT INTO `CLIENT_SCOPE_ATTRIBUTES` (`SCOPE_ID`, `VALUE`, `NAME`) VALUES('b61057fe-4555-48f0-b103-a684764fe615', 'true', 'include.in.token.scope');
INSERT INTO `CLIENT_SCOPE_ATTRIBUTES` (`SCOPE_ID`, `VALUE`, `NAME`) VALUES('c69774b5-93ed-4fe3-9ad5-a9fad51b191f', '${samlRoleListScopeConsentText}', 'consent.screen.text');
INSERT INTO `CLIENT_SCOPE_ATTRIBUTES` (`SCOPE_ID`, `VALUE`, `NAME`) VALUES('c69774b5-93ed-4fe3-9ad5-a9fad51b191f', 'true', 'display.on.consent.screen');
INSERT INTO `CLIENT_SCOPE_ATTRIBUTES` (`SCOPE_ID`, `VALUE`, `NAME`) VALUES('d897ffec-3669-41b7-ae2f-87bdc7d5db9e', 'false', 'display.on.consent.screen');
INSERT INTO `CLIENT_SCOPE_ATTRIBUTES` (`SCOPE_ID`, `VALUE`, `NAME`) VALUES('d897ffec-3669-41b7-ae2f-87bdc7d5db9e', 'false', 'include.in.token.scope');
INSERT INTO `CLIENT_SCOPE_ATTRIBUTES` (`SCOPE_ID`, `VALUE`, `NAME`) VALUES('e06f4f3a-3b18-4509-9ba5-59f91d543f8c', '${offlineAccessScopeConsentText}', 'consent.screen.text');
INSERT INTO `CLIENT_SCOPE_ATTRIBUTES` (`SCOPE_ID`, `VALUE`, `NAME`) VALUES('e06f4f3a-3b18-4509-9ba5-59f91d543f8c', 'true', 'display.on.consent.screen');
INSERT INTO `CLIENT_SCOPE_ATTRIBUTES` (`SCOPE_ID`, `VALUE`, `NAME`) VALUES('e1db8d63-0e54-4362-beb9-152596d3aba3', '${profileScopeConsentText}', 'consent.screen.text');
INSERT INTO `CLIENT_SCOPE_ATTRIBUTES` (`SCOPE_ID`, `VALUE`, `NAME`) VALUES('e1db8d63-0e54-4362-beb9-152596d3aba3', 'true', 'display.on.consent.screen');
INSERT INTO `CLIENT_SCOPE_ATTRIBUTES` (`SCOPE_ID`, `VALUE`, `NAME`) VALUES('e1db8d63-0e54-4362-beb9-152596d3aba3', 'true', 'include.in.token.scope');
INSERT INTO `CLIENT_SCOPE_ATTRIBUTES` (`SCOPE_ID`, `VALUE`, `NAME`) VALUES('e251a72b-75db-44a3-96da-6a0cff583a30', '${offlineAccessScopeConsentText}', 'consent.screen.text');
INSERT INTO `CLIENT_SCOPE_ATTRIBUTES` (`SCOPE_ID`, `VALUE`, `NAME`) VALUES('e251a72b-75db-44a3-96da-6a0cff583a30', 'true', 'display.on.consent.screen');
INSERT INTO `CLIENT_SCOPE_ATTRIBUTES` (`SCOPE_ID`, `VALUE`, `NAME`) VALUES('ef90a3be-9a0e-48a3-97d3-fbaacd36b60c', '${addressScopeConsentText}', 'consent.screen.text');
INSERT INTO `CLIENT_SCOPE_ATTRIBUTES` (`SCOPE_ID`, `VALUE`, `NAME`) VALUES('ef90a3be-9a0e-48a3-97d3-fbaacd36b60c', 'true', 'display.on.consent.screen');
INSERT INTO `CLIENT_SCOPE_ATTRIBUTES` (`SCOPE_ID`, `VALUE`, `NAME`) VALUES('ef90a3be-9a0e-48a3-97d3-fbaacd36b60c', 'true', 'include.in.token.scope');
INSERT INTO `CLIENT_SCOPE_ATTRIBUTES` (`SCOPE_ID`, `VALUE`, `NAME`) VALUES('f625c452-38e7-4d33-bcac-934a76a5aa46', '${rolesScopeConsentText}', 'consent.screen.text');
INSERT INTO `CLIENT_SCOPE_ATTRIBUTES` (`SCOPE_ID`, `VALUE`, `NAME`) VALUES('f625c452-38e7-4d33-bcac-934a76a5aa46', 'true', 'display.on.consent.screen');
INSERT INTO `CLIENT_SCOPE_ATTRIBUTES` (`SCOPE_ID`, `VALUE`, `NAME`) VALUES('f625c452-38e7-4d33-bcac-934a76a5aa46', 'false', 'include.in.token.scope');
INSERT INTO `CLIENT_SCOPE_ATTRIBUTES` (`SCOPE_ID`, `VALUE`, `NAME`) VALUES('f8728cf4-c24a-49b0-bb7a-6810ed7129d5', '${profileScopeConsentText}', 'consent.screen.text');
INSERT INTO `CLIENT_SCOPE_ATTRIBUTES` (`SCOPE_ID`, `VALUE`, `NAME`) VALUES('f8728cf4-c24a-49b0-bb7a-6810ed7129d5', 'true', 'display.on.consent.screen');
INSERT INTO `CLIENT_SCOPE_ATTRIBUTES` (`SCOPE_ID`, `VALUE`, `NAME`) VALUES('f8728cf4-c24a-49b0-bb7a-6810ed7129d5', 'true', 'include.in.token.scope');

DROP TABLE IF EXISTS `CLIENT_SCOPE_CLIENT`;
CREATE TABLE `CLIENT_SCOPE_CLIENT` (
  `CLIENT_ID` varchar(255) NOT NULL,
  `SCOPE_ID` varchar(255) NOT NULL,
  `DEFAULT_SCOPE` bit(1) NOT NULL DEFAULT b'0'
) ENGINE=InnoDB DEFAULT CHARSET=utf8mb4 COLLATE=utf8mb4_general_ci;

INSERT INTO `CLIENT_SCOPE_CLIENT` (`CLIENT_ID`, `SCOPE_ID`, `DEFAULT_SCOPE`) VALUES('045c702a-3731-46e6-80fb-74664c400734', '2321a7a0-b213-4c92-b9ae-243b1e45b95b', b'1');
INSERT INTO `CLIENT_SCOPE_CLIENT` (`CLIENT_ID`, `SCOPE_ID`, `DEFAULT_SCOPE`) VALUES('045c702a-3731-46e6-80fb-74664c400734', '5b9e52cc-2dba-432a-a053-0a2253f53b65', b'0');
INSERT INTO `CLIENT_SCOPE_CLIENT` (`CLIENT_ID`, `SCOPE_ID`, `DEFAULT_SCOPE`) VALUES('045c702a-3731-46e6-80fb-74664c400734', '65cd034a-2193-4fbe-9030-da9d0ac069b4', b'1');
INSERT INTO `CLIENT_SCOPE_CLIENT` (`CLIENT_ID`, `SCOPE_ID`, `DEFAULT_SCOPE`) VALUES('045c702a-3731-46e6-80fb-74664c400734', '9d2d258e-2d55-4869-8e79-1ca41d8db567', b'0');
INSERT INTO `CLIENT_SCOPE_CLIENT` (`CLIENT_ID`, `SCOPE_ID`, `DEFAULT_SCOPE`) VALUES('045c702a-3731-46e6-80fb-74664c400734', 'a7190ef9-4563-492d-9ea5-858a89eb49aa', b'0');
INSERT INTO `CLIENT_SCOPE_CLIENT` (`CLIENT_ID`, `SCOPE_ID`, `DEFAULT_SCOPE`) VALUES('045c702a-3731-46e6-80fb-74664c400734', 'd897ffec-3669-41b7-ae2f-87bdc7d5db9e', b'1');
INSERT INTO `CLIENT_SCOPE_CLIENT` (`CLIENT_ID`, `SCOPE_ID`, `DEFAULT_SCOPE`) VALUES('045c702a-3731-46e6-80fb-74664c400734', 'e251a72b-75db-44a3-96da-6a0cff583a30', b'0');
INSERT INTO `CLIENT_SCOPE_CLIENT` (`CLIENT_ID`, `SCOPE_ID`, `DEFAULT_SCOPE`) VALUES('045c702a-3731-46e6-80fb-74664c400734', 'f625c452-38e7-4d33-bcac-934a76a5aa46', b'1');
INSERT INTO `CLIENT_SCOPE_CLIENT` (`CLIENT_ID`, `SCOPE_ID`, `DEFAULT_SCOPE`) VALUES('045c702a-3731-46e6-80fb-74664c400734', 'f8728cf4-c24a-49b0-bb7a-6810ed7129d5', b'1');
INSERT INTO `CLIENT_SCOPE_CLIENT` (`CLIENT_ID`, `SCOPE_ID`, `DEFAULT_SCOPE`) VALUES('2055e995-b383-4cf5-9e2d-d102aeca1a24', '2458bdd0-61f2-4385-a11e-fd70e033f755', b'1');
INSERT INTO `CLIENT_SCOPE_CLIENT` (`CLIENT_ID`, `SCOPE_ID`, `DEFAULT_SCOPE`) VALUES('2055e995-b383-4cf5-9e2d-d102aeca1a24', '5aec5122-bbf6-4e9d-97f7-fdc4c8fbdc44', b'1');
INSERT INTO `CLIENT_SCOPE_CLIENT` (`CLIENT_ID`, `SCOPE_ID`, `DEFAULT_SCOPE`) VALUES('2055e995-b383-4cf5-9e2d-d102aeca1a24', '5ce8cd97-cbcd-4474-84d4-d6aa3cd48783', b'0');
INSERT INTO `CLIENT_SCOPE_CLIENT` (`CLIENT_ID`, `SCOPE_ID`, `DEFAULT_SCOPE`) VALUES('2055e995-b383-4cf5-9e2d-d102aeca1a24', '74742973-174d-40d4-a2ac-640fe739879d', b'1');
INSERT INTO `CLIENT_SCOPE_CLIENT` (`CLIENT_ID`, `SCOPE_ID`, `DEFAULT_SCOPE`) VALUES('2055e995-b383-4cf5-9e2d-d102aeca1a24', 'a06ff3a2-c2e8-4985-a839-4ad5cf27862b', b'0');
INSERT INTO `CLIENT_SCOPE_CLIENT` (`CLIENT_ID`, `SCOPE_ID`, `DEFAULT_SCOPE`) VALUES('2055e995-b383-4cf5-9e2d-d102aeca1a24', 'b61057fe-4555-48f0-b103-a684764fe615', b'1');
INSERT INTO `CLIENT_SCOPE_CLIENT` (`CLIENT_ID`, `SCOPE_ID`, `DEFAULT_SCOPE`) VALUES('2055e995-b383-4cf5-9e2d-d102aeca1a24', 'e06f4f3a-3b18-4509-9ba5-59f91d543f8c', b'0');
INSERT INTO `CLIENT_SCOPE_CLIENT` (`CLIENT_ID`, `SCOPE_ID`, `DEFAULT_SCOPE`) VALUES('2055e995-b383-4cf5-9e2d-d102aeca1a24', 'e1db8d63-0e54-4362-beb9-152596d3aba3', b'1');
INSERT INTO `CLIENT_SCOPE_CLIENT` (`CLIENT_ID`, `SCOPE_ID`, `DEFAULT_SCOPE`) VALUES('2055e995-b383-4cf5-9e2d-d102aeca1a24', 'ef90a3be-9a0e-48a3-97d3-fbaacd36b60c', b'0');
INSERT INTO `CLIENT_SCOPE_CLIENT` (`CLIENT_ID`, `SCOPE_ID`, `DEFAULT_SCOPE`) VALUES('2758a53d-c1f8-4d98-9c66-39b507cf092b', '2458bdd0-61f2-4385-a11e-fd70e033f755', b'1');
INSERT INTO `CLIENT_SCOPE_CLIENT` (`CLIENT_ID`, `SCOPE_ID`, `DEFAULT_SCOPE`) VALUES('2758a53d-c1f8-4d98-9c66-39b507cf092b', '5aec5122-bbf6-4e9d-97f7-fdc4c8fbdc44', b'1');
INSERT INTO `CLIENT_SCOPE_CLIENT` (`CLIENT_ID`, `SCOPE_ID`, `DEFAULT_SCOPE`) VALUES('2758a53d-c1f8-4d98-9c66-39b507cf092b', '5ce8cd97-cbcd-4474-84d4-d6aa3cd48783', b'0');
INSERT INTO `CLIENT_SCOPE_CLIENT` (`CLIENT_ID`, `SCOPE_ID`, `DEFAULT_SCOPE`) VALUES('2758a53d-c1f8-4d98-9c66-39b507cf092b', '74742973-174d-40d4-a2ac-640fe739879d', b'1');
INSERT INTO `CLIENT_SCOPE_CLIENT` (`CLIENT_ID`, `SCOPE_ID`, `DEFAULT_SCOPE`) VALUES('2758a53d-c1f8-4d98-9c66-39b507cf092b', 'a06ff3a2-c2e8-4985-a839-4ad5cf27862b', b'0');
INSERT INTO `CLIENT_SCOPE_CLIENT` (`CLIENT_ID`, `SCOPE_ID`, `DEFAULT_SCOPE`) VALUES('2758a53d-c1f8-4d98-9c66-39b507cf092b', 'b61057fe-4555-48f0-b103-a684764fe615', b'1');
INSERT INTO `CLIENT_SCOPE_CLIENT` (`CLIENT_ID`, `SCOPE_ID`, `DEFAULT_SCOPE`) VALUES('2758a53d-c1f8-4d98-9c66-39b507cf092b', 'e06f4f3a-3b18-4509-9ba5-59f91d543f8c', b'0');
INSERT INTO `CLIENT_SCOPE_CLIENT` (`CLIENT_ID`, `SCOPE_ID`, `DEFAULT_SCOPE`) VALUES('2758a53d-c1f8-4d98-9c66-39b507cf092b', 'e1db8d63-0e54-4362-beb9-152596d3aba3', b'1');
INSERT INTO `CLIENT_SCOPE_CLIENT` (`CLIENT_ID`, `SCOPE_ID`, `DEFAULT_SCOPE`) VALUES('2758a53d-c1f8-4d98-9c66-39b507cf092b', 'ef90a3be-9a0e-48a3-97d3-fbaacd36b60c', b'0');
INSERT INTO `CLIENT_SCOPE_CLIENT` (`CLIENT_ID`, `SCOPE_ID`, `DEFAULT_SCOPE`) VALUES('3cebacfc-b1d9-4ada-909e-e8634caf12b9', '2321a7a0-b213-4c92-b9ae-243b1e45b95b', b'1');
INSERT INTO `CLIENT_SCOPE_CLIENT` (`CLIENT_ID`, `SCOPE_ID`, `DEFAULT_SCOPE`) VALUES('3cebacfc-b1d9-4ada-909e-e8634caf12b9', '5b9e52cc-2dba-432a-a053-0a2253f53b65', b'0');
INSERT INTO `CLIENT_SCOPE_CLIENT` (`CLIENT_ID`, `SCOPE_ID`, `DEFAULT_SCOPE`) VALUES('3cebacfc-b1d9-4ada-909e-e8634caf12b9', '65cd034a-2193-4fbe-9030-da9d0ac069b4', b'1');
INSERT INTO `CLIENT_SCOPE_CLIENT` (`CLIENT_ID`, `SCOPE_ID`, `DEFAULT_SCOPE`) VALUES('3cebacfc-b1d9-4ada-909e-e8634caf12b9', '9d2d258e-2d55-4869-8e79-1ca41d8db567', b'0');
INSERT INTO `CLIENT_SCOPE_CLIENT` (`CLIENT_ID`, `SCOPE_ID`, `DEFAULT_SCOPE`) VALUES('3cebacfc-b1d9-4ada-909e-e8634caf12b9', 'a7190ef9-4563-492d-9ea5-858a89eb49aa', b'0');
INSERT INTO `CLIENT_SCOPE_CLIENT` (`CLIENT_ID`, `SCOPE_ID`, `DEFAULT_SCOPE`) VALUES('3cebacfc-b1d9-4ada-909e-e8634caf12b9', 'd897ffec-3669-41b7-ae2f-87bdc7d5db9e', b'1');
INSERT INTO `CLIENT_SCOPE_CLIENT` (`CLIENT_ID`, `SCOPE_ID`, `DEFAULT_SCOPE`) VALUES('3cebacfc-b1d9-4ada-909e-e8634caf12b9', 'e251a72b-75db-44a3-96da-6a0cff583a30', b'0');
INSERT INTO `CLIENT_SCOPE_CLIENT` (`CLIENT_ID`, `SCOPE_ID`, `DEFAULT_SCOPE`) VALUES('3cebacfc-b1d9-4ada-909e-e8634caf12b9', 'f625c452-38e7-4d33-bcac-934a76a5aa46', b'1');
INSERT INTO `CLIENT_SCOPE_CLIENT` (`CLIENT_ID`, `SCOPE_ID`, `DEFAULT_SCOPE`) VALUES('3cebacfc-b1d9-4ada-909e-e8634caf12b9', 'f8728cf4-c24a-49b0-bb7a-6810ed7129d5', b'1');
INSERT INTO `CLIENT_SCOPE_CLIENT` (`CLIENT_ID`, `SCOPE_ID`, `DEFAULT_SCOPE`) VALUES('52b6c78a-99f1-44eb-9265-853f866e524e', '2458bdd0-61f2-4385-a11e-fd70e033f755', b'1');
INSERT INTO `CLIENT_SCOPE_CLIENT` (`CLIENT_ID`, `SCOPE_ID`, `DEFAULT_SCOPE`) VALUES('52b6c78a-99f1-44eb-9265-853f866e524e', '5aec5122-bbf6-4e9d-97f7-fdc4c8fbdc44', b'1');
INSERT INTO `CLIENT_SCOPE_CLIENT` (`CLIENT_ID`, `SCOPE_ID`, `DEFAULT_SCOPE`) VALUES('52b6c78a-99f1-44eb-9265-853f866e524e', '5ce8cd97-cbcd-4474-84d4-d6aa3cd48783', b'0');
INSERT INTO `CLIENT_SCOPE_CLIENT` (`CLIENT_ID`, `SCOPE_ID`, `DEFAULT_SCOPE`) VALUES('52b6c78a-99f1-44eb-9265-853f866e524e', '74742973-174d-40d4-a2ac-640fe739879d', b'1');
INSERT INTO `CLIENT_SCOPE_CLIENT` (`CLIENT_ID`, `SCOPE_ID`, `DEFAULT_SCOPE`) VALUES('52b6c78a-99f1-44eb-9265-853f866e524e', 'a06ff3a2-c2e8-4985-a839-4ad5cf27862b', b'0');
INSERT INTO `CLIENT_SCOPE_CLIENT` (`CLIENT_ID`, `SCOPE_ID`, `DEFAULT_SCOPE`) VALUES('52b6c78a-99f1-44eb-9265-853f866e524e', 'b61057fe-4555-48f0-b103-a684764fe615', b'1');
INSERT INTO `CLIENT_SCOPE_CLIENT` (`CLIENT_ID`, `SCOPE_ID`, `DEFAULT_SCOPE`) VALUES('52b6c78a-99f1-44eb-9265-853f866e524e', 'e06f4f3a-3b18-4509-9ba5-59f91d543f8c', b'0');
INSERT INTO `CLIENT_SCOPE_CLIENT` (`CLIENT_ID`, `SCOPE_ID`, `DEFAULT_SCOPE`) VALUES('52b6c78a-99f1-44eb-9265-853f866e524e', 'e1db8d63-0e54-4362-beb9-152596d3aba3', b'1');
INSERT INTO `CLIENT_SCOPE_CLIENT` (`CLIENT_ID`, `SCOPE_ID`, `DEFAULT_SCOPE`) VALUES('52b6c78a-99f1-44eb-9265-853f866e524e', 'ef90a3be-9a0e-48a3-97d3-fbaacd36b60c', b'0');
INSERT INTO `CLIENT_SCOPE_CLIENT` (`CLIENT_ID`, `SCOPE_ID`, `DEFAULT_SCOPE`) VALUES('6a2fba4f-23dc-4376-904a-65db43c653f9', '2458bdd0-61f2-4385-a11e-fd70e033f755', b'1');
INSERT INTO `CLIENT_SCOPE_CLIENT` (`CLIENT_ID`, `SCOPE_ID`, `DEFAULT_SCOPE`) VALUES('6a2fba4f-23dc-4376-904a-65db43c653f9', '5aec5122-bbf6-4e9d-97f7-fdc4c8fbdc44', b'1');
INSERT INTO `CLIENT_SCOPE_CLIENT` (`CLIENT_ID`, `SCOPE_ID`, `DEFAULT_SCOPE`) VALUES('6a2fba4f-23dc-4376-904a-65db43c653f9', '5ce8cd97-cbcd-4474-84d4-d6aa3cd48783', b'0');
INSERT INTO `CLIENT_SCOPE_CLIENT` (`CLIENT_ID`, `SCOPE_ID`, `DEFAULT_SCOPE`) VALUES('6a2fba4f-23dc-4376-904a-65db43c653f9', '74742973-174d-40d4-a2ac-640fe739879d', b'1');
INSERT INTO `CLIENT_SCOPE_CLIENT` (`CLIENT_ID`, `SCOPE_ID`, `DEFAULT_SCOPE`) VALUES('6a2fba4f-23dc-4376-904a-65db43c653f9', 'a06ff3a2-c2e8-4985-a839-4ad5cf27862b', b'0');
INSERT INTO `CLIENT_SCOPE_CLIENT` (`CLIENT_ID`, `SCOPE_ID`, `DEFAULT_SCOPE`) VALUES('6a2fba4f-23dc-4376-904a-65db43c653f9', 'b61057fe-4555-48f0-b103-a684764fe615', b'1');
INSERT INTO `CLIENT_SCOPE_CLIENT` (`CLIENT_ID`, `SCOPE_ID`, `DEFAULT_SCOPE`) VALUES('6a2fba4f-23dc-4376-904a-65db43c653f9', 'e06f4f3a-3b18-4509-9ba5-59f91d543f8c', b'0');
INSERT INTO `CLIENT_SCOPE_CLIENT` (`CLIENT_ID`, `SCOPE_ID`, `DEFAULT_SCOPE`) VALUES('6a2fba4f-23dc-4376-904a-65db43c653f9', 'e1db8d63-0e54-4362-beb9-152596d3aba3', b'1');
INSERT INTO `CLIENT_SCOPE_CLIENT` (`CLIENT_ID`, `SCOPE_ID`, `DEFAULT_SCOPE`) VALUES('6a2fba4f-23dc-4376-904a-65db43c653f9', 'ef90a3be-9a0e-48a3-97d3-fbaacd36b60c', b'0');
INSERT INTO `CLIENT_SCOPE_CLIENT` (`CLIENT_ID`, `SCOPE_ID`, `DEFAULT_SCOPE`) VALUES('7ce8f350-b98b-41fc-bc1b-a1d1d3ba1adb', '2458bdd0-61f2-4385-a11e-fd70e033f755', b'1');
INSERT INTO `CLIENT_SCOPE_CLIENT` (`CLIENT_ID`, `SCOPE_ID`, `DEFAULT_SCOPE`) VALUES('7ce8f350-b98b-41fc-bc1b-a1d1d3ba1adb', '5aec5122-bbf6-4e9d-97f7-fdc4c8fbdc44', b'1');
INSERT INTO `CLIENT_SCOPE_CLIENT` (`CLIENT_ID`, `SCOPE_ID`, `DEFAULT_SCOPE`) VALUES('7ce8f350-b98b-41fc-bc1b-a1d1d3ba1adb', '5ce8cd97-cbcd-4474-84d4-d6aa3cd48783', b'0');
INSERT INTO `CLIENT_SCOPE_CLIENT` (`CLIENT_ID`, `SCOPE_ID`, `DEFAULT_SCOPE`) VALUES('7ce8f350-b98b-41fc-bc1b-a1d1d3ba1adb', '74742973-174d-40d4-a2ac-640fe739879d', b'1');
INSERT INTO `CLIENT_SCOPE_CLIENT` (`CLIENT_ID`, `SCOPE_ID`, `DEFAULT_SCOPE`) VALUES('7ce8f350-b98b-41fc-bc1b-a1d1d3ba1adb', 'a06ff3a2-c2e8-4985-a839-4ad5cf27862b', b'0');
INSERT INTO `CLIENT_SCOPE_CLIENT` (`CLIENT_ID`, `SCOPE_ID`, `DEFAULT_SCOPE`) VALUES('7ce8f350-b98b-41fc-bc1b-a1d1d3ba1adb', 'b61057fe-4555-48f0-b103-a684764fe615', b'1');
INSERT INTO `CLIENT_SCOPE_CLIENT` (`CLIENT_ID`, `SCOPE_ID`, `DEFAULT_SCOPE`) VALUES('7ce8f350-b98b-41fc-bc1b-a1d1d3ba1adb', 'e06f4f3a-3b18-4509-9ba5-59f91d543f8c', b'0');
INSERT INTO `CLIENT_SCOPE_CLIENT` (`CLIENT_ID`, `SCOPE_ID`, `DEFAULT_SCOPE`) VALUES('7ce8f350-b98b-41fc-bc1b-a1d1d3ba1adb', 'e1db8d63-0e54-4362-beb9-152596d3aba3', b'1');
INSERT INTO `CLIENT_SCOPE_CLIENT` (`CLIENT_ID`, `SCOPE_ID`, `DEFAULT_SCOPE`) VALUES('7ce8f350-b98b-41fc-bc1b-a1d1d3ba1adb', 'ef90a3be-9a0e-48a3-97d3-fbaacd36b60c', b'0');
INSERT INTO `CLIENT_SCOPE_CLIENT` (`CLIENT_ID`, `SCOPE_ID`, `DEFAULT_SCOPE`) VALUES('8621536a-97cc-4557-9c22-30e2a7a3c57a', '2321a7a0-b213-4c92-b9ae-243b1e45b95b', b'1');
INSERT INTO `CLIENT_SCOPE_CLIENT` (`CLIENT_ID`, `SCOPE_ID`, `DEFAULT_SCOPE`) VALUES('8621536a-97cc-4557-9c22-30e2a7a3c57a', '5b9e52cc-2dba-432a-a053-0a2253f53b65', b'0');
INSERT INTO `CLIENT_SCOPE_CLIENT` (`CLIENT_ID`, `SCOPE_ID`, `DEFAULT_SCOPE`) VALUES('8621536a-97cc-4557-9c22-30e2a7a3c57a', '65cd034a-2193-4fbe-9030-da9d0ac069b4', b'1');
INSERT INTO `CLIENT_SCOPE_CLIENT` (`CLIENT_ID`, `SCOPE_ID`, `DEFAULT_SCOPE`) VALUES('8621536a-97cc-4557-9c22-30e2a7a3c57a', '9d2d258e-2d55-4869-8e79-1ca41d8db567', b'0');
INSERT INTO `CLIENT_SCOPE_CLIENT` (`CLIENT_ID`, `SCOPE_ID`, `DEFAULT_SCOPE`) VALUES('8621536a-97cc-4557-9c22-30e2a7a3c57a', 'a7190ef9-4563-492d-9ea5-858a89eb49aa', b'0');
INSERT INTO `CLIENT_SCOPE_CLIENT` (`CLIENT_ID`, `SCOPE_ID`, `DEFAULT_SCOPE`) VALUES('8621536a-97cc-4557-9c22-30e2a7a3c57a', 'd897ffec-3669-41b7-ae2f-87bdc7d5db9e', b'1');
INSERT INTO `CLIENT_SCOPE_CLIENT` (`CLIENT_ID`, `SCOPE_ID`, `DEFAULT_SCOPE`) VALUES('8621536a-97cc-4557-9c22-30e2a7a3c57a', 'e251a72b-75db-44a3-96da-6a0cff583a30', b'0');
INSERT INTO `CLIENT_SCOPE_CLIENT` (`CLIENT_ID`, `SCOPE_ID`, `DEFAULT_SCOPE`) VALUES('8621536a-97cc-4557-9c22-30e2a7a3c57a', 'f625c452-38e7-4d33-bcac-934a76a5aa46', b'1');
INSERT INTO `CLIENT_SCOPE_CLIENT` (`CLIENT_ID`, `SCOPE_ID`, `DEFAULT_SCOPE`) VALUES('8621536a-97cc-4557-9c22-30e2a7a3c57a', 'f8728cf4-c24a-49b0-bb7a-6810ed7129d5', b'1');
INSERT INTO `CLIENT_SCOPE_CLIENT` (`CLIENT_ID`, `SCOPE_ID`, `DEFAULT_SCOPE`) VALUES('8bf34cfa-4a11-4eda-8803-6ca132b5e9a2', '2321a7a0-b213-4c92-b9ae-243b1e45b95b', b'1');
INSERT INTO `CLIENT_SCOPE_CLIENT` (`CLIENT_ID`, `SCOPE_ID`, `DEFAULT_SCOPE`) VALUES('8bf34cfa-4a11-4eda-8803-6ca132b5e9a2', '5b9e52cc-2dba-432a-a053-0a2253f53b65', b'0');
INSERT INTO `CLIENT_SCOPE_CLIENT` (`CLIENT_ID`, `SCOPE_ID`, `DEFAULT_SCOPE`) VALUES('8bf34cfa-4a11-4eda-8803-6ca132b5e9a2', '65cd034a-2193-4fbe-9030-da9d0ac069b4', b'1');
INSERT INTO `CLIENT_SCOPE_CLIENT` (`CLIENT_ID`, `SCOPE_ID`, `DEFAULT_SCOPE`) VALUES('8bf34cfa-4a11-4eda-8803-6ca132b5e9a2', '9d2d258e-2d55-4869-8e79-1ca41d8db567', b'0');
INSERT INTO `CLIENT_SCOPE_CLIENT` (`CLIENT_ID`, `SCOPE_ID`, `DEFAULT_SCOPE`) VALUES('8bf34cfa-4a11-4eda-8803-6ca132b5e9a2', 'a7190ef9-4563-492d-9ea5-858a89eb49aa', b'0');
INSERT INTO `CLIENT_SCOPE_CLIENT` (`CLIENT_ID`, `SCOPE_ID`, `DEFAULT_SCOPE`) VALUES('8bf34cfa-4a11-4eda-8803-6ca132b5e9a2', 'd897ffec-3669-41b7-ae2f-87bdc7d5db9e', b'1');
INSERT INTO `CLIENT_SCOPE_CLIENT` (`CLIENT_ID`, `SCOPE_ID`, `DEFAULT_SCOPE`) VALUES('8bf34cfa-4a11-4eda-8803-6ca132b5e9a2', 'e251a72b-75db-44a3-96da-6a0cff583a30', b'0');
INSERT INTO `CLIENT_SCOPE_CLIENT` (`CLIENT_ID`, `SCOPE_ID`, `DEFAULT_SCOPE`) VALUES('8bf34cfa-4a11-4eda-8803-6ca132b5e9a2', 'f625c452-38e7-4d33-bcac-934a76a5aa46', b'1');
INSERT INTO `CLIENT_SCOPE_CLIENT` (`CLIENT_ID`, `SCOPE_ID`, `DEFAULT_SCOPE`) VALUES('8bf34cfa-4a11-4eda-8803-6ca132b5e9a2', 'f8728cf4-c24a-49b0-bb7a-6810ed7129d5', b'1');
INSERT INTO `CLIENT_SCOPE_CLIENT` (`CLIENT_ID`, `SCOPE_ID`, `DEFAULT_SCOPE`) VALUES('926c5af6-1841-4ccc-83eb-99a65d483dfc', '2321a7a0-b213-4c92-b9ae-243b1e45b95b', b'1');
INSERT INTO `CLIENT_SCOPE_CLIENT` (`CLIENT_ID`, `SCOPE_ID`, `DEFAULT_SCOPE`) VALUES('926c5af6-1841-4ccc-83eb-99a65d483dfc', '5b9e52cc-2dba-432a-a053-0a2253f53b65', b'0');
INSERT INTO `CLIENT_SCOPE_CLIENT` (`CLIENT_ID`, `SCOPE_ID`, `DEFAULT_SCOPE`) VALUES('926c5af6-1841-4ccc-83eb-99a65d483dfc', '65cd034a-2193-4fbe-9030-da9d0ac069b4', b'1');
INSERT INTO `CLIENT_SCOPE_CLIENT` (`CLIENT_ID`, `SCOPE_ID`, `DEFAULT_SCOPE`) VALUES('926c5af6-1841-4ccc-83eb-99a65d483dfc', '9d2d258e-2d55-4869-8e79-1ca41d8db567', b'0');
INSERT INTO `CLIENT_SCOPE_CLIENT` (`CLIENT_ID`, `SCOPE_ID`, `DEFAULT_SCOPE`) VALUES('926c5af6-1841-4ccc-83eb-99a65d483dfc', 'a7190ef9-4563-492d-9ea5-858a89eb49aa', b'0');
INSERT INTO `CLIENT_SCOPE_CLIENT` (`CLIENT_ID`, `SCOPE_ID`, `DEFAULT_SCOPE`) VALUES('926c5af6-1841-4ccc-83eb-99a65d483dfc', 'd897ffec-3669-41b7-ae2f-87bdc7d5db9e', b'1');
INSERT INTO `CLIENT_SCOPE_CLIENT` (`CLIENT_ID`, `SCOPE_ID`, `DEFAULT_SCOPE`) VALUES('926c5af6-1841-4ccc-83eb-99a65d483dfc', 'e251a72b-75db-44a3-96da-6a0cff583a30', b'0');
INSERT INTO `CLIENT_SCOPE_CLIENT` (`CLIENT_ID`, `SCOPE_ID`, `DEFAULT_SCOPE`) VALUES('926c5af6-1841-4ccc-83eb-99a65d483dfc', 'f625c452-38e7-4d33-bcac-934a76a5aa46', b'1');
INSERT INTO `CLIENT_SCOPE_CLIENT` (`CLIENT_ID`, `SCOPE_ID`, `DEFAULT_SCOPE`) VALUES('926c5af6-1841-4ccc-83eb-99a65d483dfc', 'f8728cf4-c24a-49b0-bb7a-6810ed7129d5', b'1');
INSERT INTO `CLIENT_SCOPE_CLIENT` (`CLIENT_ID`, `SCOPE_ID`, `DEFAULT_SCOPE`) VALUES('b3ba5987-e40e-4f72-b0bd-453ed3d987ef', '2321a7a0-b213-4c92-b9ae-243b1e45b95b', b'1');
INSERT INTO `CLIENT_SCOPE_CLIENT` (`CLIENT_ID`, `SCOPE_ID`, `DEFAULT_SCOPE`) VALUES('b3ba5987-e40e-4f72-b0bd-453ed3d987ef', '5b9e52cc-2dba-432a-a053-0a2253f53b65', b'0');
INSERT INTO `CLIENT_SCOPE_CLIENT` (`CLIENT_ID`, `SCOPE_ID`, `DEFAULT_SCOPE`) VALUES('b3ba5987-e40e-4f72-b0bd-453ed3d987ef', '65cd034a-2193-4fbe-9030-da9d0ac069b4', b'1');
INSERT INTO `CLIENT_SCOPE_CLIENT` (`CLIENT_ID`, `SCOPE_ID`, `DEFAULT_SCOPE`) VALUES('b3ba5987-e40e-4f72-b0bd-453ed3d987ef', '9d2d258e-2d55-4869-8e79-1ca41d8db567', b'0');
INSERT INTO `CLIENT_SCOPE_CLIENT` (`CLIENT_ID`, `SCOPE_ID`, `DEFAULT_SCOPE`) VALUES('b3ba5987-e40e-4f72-b0bd-453ed3d987ef', 'a7190ef9-4563-492d-9ea5-858a89eb49aa', b'0');
INSERT INTO `CLIENT_SCOPE_CLIENT` (`CLIENT_ID`, `SCOPE_ID`, `DEFAULT_SCOPE`) VALUES('b3ba5987-e40e-4f72-b0bd-453ed3d987ef', 'd897ffec-3669-41b7-ae2f-87bdc7d5db9e', b'1');
INSERT INTO `CLIENT_SCOPE_CLIENT` (`CLIENT_ID`, `SCOPE_ID`, `DEFAULT_SCOPE`) VALUES('b3ba5987-e40e-4f72-b0bd-453ed3d987ef', 'e251a72b-75db-44a3-96da-6a0cff583a30', b'0');
INSERT INTO `CLIENT_SCOPE_CLIENT` (`CLIENT_ID`, `SCOPE_ID`, `DEFAULT_SCOPE`) VALUES('b3ba5987-e40e-4f72-b0bd-453ed3d987ef', 'f625c452-38e7-4d33-bcac-934a76a5aa46', b'1');
INSERT INTO `CLIENT_SCOPE_CLIENT` (`CLIENT_ID`, `SCOPE_ID`, `DEFAULT_SCOPE`) VALUES('b3ba5987-e40e-4f72-b0bd-453ed3d987ef', 'f8728cf4-c24a-49b0-bb7a-6810ed7129d5', b'1');
INSERT INTO `CLIENT_SCOPE_CLIENT` (`CLIENT_ID`, `SCOPE_ID`, `DEFAULT_SCOPE`) VALUES('e4100cfe-9ccb-4c70-8d7e-5fd21a08e97b', '2458bdd0-61f2-4385-a11e-fd70e033f755', b'1');
INSERT INTO `CLIENT_SCOPE_CLIENT` (`CLIENT_ID`, `SCOPE_ID`, `DEFAULT_SCOPE`) VALUES('e4100cfe-9ccb-4c70-8d7e-5fd21a08e97b', '5aec5122-bbf6-4e9d-97f7-fdc4c8fbdc44', b'1');
INSERT INTO `CLIENT_SCOPE_CLIENT` (`CLIENT_ID`, `SCOPE_ID`, `DEFAULT_SCOPE`) VALUES('e4100cfe-9ccb-4c70-8d7e-5fd21a08e97b', '5ce8cd97-cbcd-4474-84d4-d6aa3cd48783', b'0');
INSERT INTO `CLIENT_SCOPE_CLIENT` (`CLIENT_ID`, `SCOPE_ID`, `DEFAULT_SCOPE`) VALUES('e4100cfe-9ccb-4c70-8d7e-5fd21a08e97b', '74742973-174d-40d4-a2ac-640fe739879d', b'1');
INSERT INTO `CLIENT_SCOPE_CLIENT` (`CLIENT_ID`, `SCOPE_ID`, `DEFAULT_SCOPE`) VALUES('e4100cfe-9ccb-4c70-8d7e-5fd21a08e97b', 'a06ff3a2-c2e8-4985-a839-4ad5cf27862b', b'0');
INSERT INTO `CLIENT_SCOPE_CLIENT` (`CLIENT_ID`, `SCOPE_ID`, `DEFAULT_SCOPE`) VALUES('e4100cfe-9ccb-4c70-8d7e-5fd21a08e97b', 'b61057fe-4555-48f0-b103-a684764fe615', b'1');
INSERT INTO `CLIENT_SCOPE_CLIENT` (`CLIENT_ID`, `SCOPE_ID`, `DEFAULT_SCOPE`) VALUES('e4100cfe-9ccb-4c70-8d7e-5fd21a08e97b', 'e06f4f3a-3b18-4509-9ba5-59f91d543f8c', b'0');
INSERT INTO `CLIENT_SCOPE_CLIENT` (`CLIENT_ID`, `SCOPE_ID`, `DEFAULT_SCOPE`) VALUES('e4100cfe-9ccb-4c70-8d7e-5fd21a08e97b', 'e1db8d63-0e54-4362-beb9-152596d3aba3', b'1');
INSERT INTO `CLIENT_SCOPE_CLIENT` (`CLIENT_ID`, `SCOPE_ID`, `DEFAULT_SCOPE`) VALUES('e4100cfe-9ccb-4c70-8d7e-5fd21a08e97b', 'ef90a3be-9a0e-48a3-97d3-fbaacd36b60c', b'0');

DROP TABLE IF EXISTS `CLIENT_SCOPE_ROLE_MAPPING`;
CREATE TABLE `CLIENT_SCOPE_ROLE_MAPPING` (
  `SCOPE_ID` varchar(36) NOT NULL,
  `ROLE_ID` varchar(36) NOT NULL
) ENGINE=InnoDB DEFAULT CHARSET=utf8mb4 COLLATE=utf8mb4_general_ci;

INSERT INTO `CLIENT_SCOPE_ROLE_MAPPING` (`SCOPE_ID`, `ROLE_ID`) VALUES('e06f4f3a-3b18-4509-9ba5-59f91d543f8c', '924c513a-b36f-4fca-afbe-046d5cc3fc58');
INSERT INTO `CLIENT_SCOPE_ROLE_MAPPING` (`SCOPE_ID`, `ROLE_ID`) VALUES('e251a72b-75db-44a3-96da-6a0cff583a30', '09627cf9-0fa8-4da7-ad04-2ca6de4b3cec');

DROP TABLE IF EXISTS `CLIENT_SESSION`;
CREATE TABLE `CLIENT_SESSION` (
  `ID` varchar(36) NOT NULL,
  `CLIENT_ID` varchar(36) DEFAULT NULL,
  `REDIRECT_URI` varchar(255) DEFAULT NULL,
  `STATE` varchar(255) DEFAULT NULL,
  `TIMESTAMP` int(11) DEFAULT NULL,
  `SESSION_ID` varchar(36) DEFAULT NULL,
  `AUTH_METHOD` varchar(255) DEFAULT NULL,
  `REALM_ID` varchar(255) DEFAULT NULL,
  `AUTH_USER_ID` varchar(36) DEFAULT NULL,
  `CURRENT_ACTION` varchar(36) DEFAULT NULL
) ENGINE=InnoDB DEFAULT CHARSET=utf8mb4 COLLATE=utf8mb4_general_ci;

DROP TABLE IF EXISTS `CLIENT_SESSION_AUTH_STATUS`;
CREATE TABLE `CLIENT_SESSION_AUTH_STATUS` (
  `AUTHENTICATOR` varchar(36) NOT NULL,
  `STATUS` int(11) DEFAULT NULL,
  `CLIENT_SESSION` varchar(36) NOT NULL
) ENGINE=InnoDB DEFAULT CHARSET=utf8mb4 COLLATE=utf8mb4_general_ci;

DROP TABLE IF EXISTS `CLIENT_SESSION_NOTE`;
CREATE TABLE `CLIENT_SESSION_NOTE` (
  `NAME` varchar(255) NOT NULL,
  `VALUE` varchar(255) DEFAULT NULL,
  `CLIENT_SESSION` varchar(36) NOT NULL
) ENGINE=InnoDB DEFAULT CHARSET=utf8mb4 COLLATE=utf8mb4_general_ci;

DROP TABLE IF EXISTS `CLIENT_SESSION_PROT_MAPPER`;
CREATE TABLE `CLIENT_SESSION_PROT_MAPPER` (
  `PROTOCOL_MAPPER_ID` varchar(36) NOT NULL,
  `CLIENT_SESSION` varchar(36) NOT NULL
) ENGINE=InnoDB DEFAULT CHARSET=utf8mb4 COLLATE=utf8mb4_general_ci;

DROP TABLE IF EXISTS `CLIENT_SESSION_ROLE`;
CREATE TABLE `CLIENT_SESSION_ROLE` (
  `ROLE_ID` varchar(255) NOT NULL,
  `CLIENT_SESSION` varchar(36) NOT NULL
) ENGINE=InnoDB DEFAULT CHARSET=utf8mb4 COLLATE=utf8mb4_general_ci;

DROP TABLE IF EXISTS `CLIENT_USER_SESSION_NOTE`;
CREATE TABLE `CLIENT_USER_SESSION_NOTE` (
  `NAME` varchar(255) NOT NULL,
  `VALUE` text DEFAULT NULL,
  `CLIENT_SESSION` varchar(36) NOT NULL
) ENGINE=InnoDB DEFAULT CHARSET=utf8mb4 COLLATE=utf8mb4_general_ci;

DROP TABLE IF EXISTS `COMPONENT`;
CREATE TABLE `COMPONENT` (
  `ID` varchar(36) NOT NULL,
  `NAME` varchar(255) DEFAULT NULL,
  `PARENT_ID` varchar(36) DEFAULT NULL,
  `PROVIDER_ID` varchar(36) DEFAULT NULL,
  `PROVIDER_TYPE` varchar(255) DEFAULT NULL,
  `REALM_ID` varchar(36) DEFAULT NULL,
  `SUB_TYPE` varchar(255) DEFAULT NULL
) ENGINE=InnoDB DEFAULT CHARSET=utf8mb4 COLLATE=utf8mb4_general_ci;

INSERT INTO `COMPONENT` (`ID`, `NAME`, `PARENT_ID`, `PROVIDER_ID`, `PROVIDER_TYPE`, `REALM_ID`, `SUB_TYPE`) VALUES('04b054c3-7922-438f-acbc-f5f84272d3dd', 'Allowed Protocol Mapper Types', 'ca5abdd7-1552-4581-bbd5-442181834c09', 'allowed-protocol-mappers', 'org.keycloak.services.clientregistration.policy.ClientRegistrationPolicy', 'ca5abdd7-1552-4581-bbd5-442181834c09', 'anonymous');
INSERT INTO `COMPONENT` (`ID`, `NAME`, `PARENT_ID`, `PROVIDER_ID`, `PROVIDER_TYPE`, `REALM_ID`, `SUB_TYPE`) VALUES('0e861d5b-53a4-4f11-bf99-d6718ff1802c', 'Max Clients Limit', 'fa2d39cd-24de-4543-8c1d-b35954a7576e', 'max-clients', 'org.keycloak.services.clientregistration.policy.ClientRegistrationPolicy', 'fa2d39cd-24de-4543-8c1d-b35954a7576e', 'anonymous');
INSERT INTO `COMPONENT` (`ID`, `NAME`, `PARENT_ID`, `PROVIDER_ID`, `PROVIDER_TYPE`, `REALM_ID`, `SUB_TYPE`) VALUES('12d25177-a59b-46e0-8adc-19a129391df1', 'rsa-generated', 'ca5abdd7-1552-4581-bbd5-442181834c09', 'rsa-generated', 'org.keycloak.keys.KeyProvider', 'ca5abdd7-1552-4581-bbd5-442181834c09', NULL);
INSERT INTO `COMPONENT` (`ID`, `NAME`, `PARENT_ID`, `PROVIDER_ID`, `PROVIDER_TYPE`, `REALM_ID`, `SUB_TYPE`) VALUES('2b6b81f9-a46a-4294-a104-877a7f62ebd7', 'Trusted Hosts', 'ca5abdd7-1552-4581-bbd5-442181834c09', 'trusted-hosts', 'org.keycloak.services.clientregistration.policy.ClientRegistrationPolicy', 'ca5abdd7-1552-4581-bbd5-442181834c09', 'anonymous');
INSERT INTO `COMPONENT` (`ID`, `NAME`, `PARENT_ID`, `PROVIDER_ID`, `PROVIDER_TYPE`, `REALM_ID`, `SUB_TYPE`) VALUES('2d0893c8-350b-4b52-8418-6631f0523dd0', 'aes-generated', 'ca5abdd7-1552-4581-bbd5-442181834c09', 'aes-generated', 'org.keycloak.keys.KeyProvider', 'ca5abdd7-1552-4581-bbd5-442181834c09', NULL);
INSERT INTO `COMPONENT` (`ID`, `NAME`, `PARENT_ID`, `PROVIDER_ID`, `PROVIDER_TYPE`, `REALM_ID`, `SUB_TYPE`) VALUES('3c7629df-3c1d-4f74-a965-3525ed204833', 'Allowed Protocol Mapper Types', 'fa2d39cd-24de-4543-8c1d-b35954a7576e', 'allowed-protocol-mappers', 'org.keycloak.services.clientregistration.policy.ClientRegistrationPolicy', 'fa2d39cd-24de-4543-8c1d-b35954a7576e', 'anonymous');
INSERT INTO `COMPONENT` (`ID`, `NAME`, `PARENT_ID`, `PROVIDER_ID`, `PROVIDER_TYPE`, `REALM_ID`, `SUB_TYPE`) VALUES('572ea66e-9455-4f1d-ab6e-2a607d288423', 'Allowed Protocol Mapper Types', 'fa2d39cd-24de-4543-8c1d-b35954a7576e', 'allowed-protocol-mappers', 'org.keycloak.services.clientregistration.policy.ClientRegistrationPolicy', 'fa2d39cd-24de-4543-8c1d-b35954a7576e', 'authenticated');
INSERT INTO `COMPONENT` (`ID`, `NAME`, `PARENT_ID`, `PROVIDER_ID`, `PROVIDER_TYPE`, `REALM_ID`, `SUB_TYPE`) VALUES('64e617dd-2b57-47e0-a1bc-1bea486ff5c3', 'Consent Required', 'ca5abdd7-1552-4581-bbd5-442181834c09', 'consent-required', 'org.keycloak.services.clientregistration.policy.ClientRegistrationPolicy', 'ca5abdd7-1552-4581-bbd5-442181834c09', 'anonymous');
INSERT INTO `COMPONENT` (`ID`, `NAME`, `PARENT_ID`, `PROVIDER_ID`, `PROVIDER_TYPE`, `REALM_ID`, `SUB_TYPE`) VALUES('6b4ff4c2-452b-409c-8800-8f4ad801867c', 'rsa-enc-generated', 'fa2d39cd-24de-4543-8c1d-b35954a7576e', 'rsa-enc-generated', 'org.keycloak.keys.KeyProvider', 'fa2d39cd-24de-4543-8c1d-b35954a7576e', NULL);
INSERT INTO `COMPONENT` (`ID`, `NAME`, `PARENT_ID`, `PROVIDER_ID`, `PROVIDER_TYPE`, `REALM_ID`, `SUB_TYPE`) VALUES('71c7a589-1230-460d-b10c-9d7fef8ed82e', 'Consent Required', 'fa2d39cd-24de-4543-8c1d-b35954a7576e', 'consent-required', 'org.keycloak.services.clientregistration.policy.ClientRegistrationPolicy', 'fa2d39cd-24de-4543-8c1d-b35954a7576e', 'anonymous');
INSERT INTO `COMPONENT` (`ID`, `NAME`, `PARENT_ID`, `PROVIDER_ID`, `PROVIDER_TYPE`, `REALM_ID`, `SUB_TYPE`) VALUES('7b03ebbe-6dad-4511-9cfe-3c416bfc1849', 'Allowed Client Scopes', 'ca5abdd7-1552-4581-bbd5-442181834c09', 'allowed-client-templates', 'org.keycloak.services.clientregistration.policy.ClientRegistrationPolicy', 'ca5abdd7-1552-4581-bbd5-442181834c09', 'authenticated');
INSERT INTO `COMPONENT` (`ID`, `NAME`, `PARENT_ID`, `PROVIDER_ID`, `PROVIDER_TYPE`, `REALM_ID`, `SUB_TYPE`) VALUES('7b14fb37-c815-4492-817f-84b3edbd870e', 'Allowed Client Scopes', 'ca5abdd7-1552-4581-bbd5-442181834c09', 'allowed-client-templates', 'org.keycloak.services.clientregistration.policy.ClientRegistrationPolicy', 'ca5abdd7-1552-4581-bbd5-442181834c09', 'anonymous');
INSERT INTO `COMPONENT` (`ID`, `NAME`, `PARENT_ID`, `PROVIDER_ID`, `PROVIDER_TYPE`, `REALM_ID`, `SUB_TYPE`) VALUES('83236edd-a406-4797-9db6-2f2fdbe38b1f', 'hmac-generated', 'ca5abdd7-1552-4581-bbd5-442181834c09', 'hmac-generated', 'org.keycloak.keys.KeyProvider', 'ca5abdd7-1552-4581-bbd5-442181834c09', NULL);
INSERT INTO `COMPONENT` (`ID`, `NAME`, `PARENT_ID`, `PROVIDER_ID`, `PROVIDER_TYPE`, `REALM_ID`, `SUB_TYPE`) VALUES('834c7846-7c8e-4bfa-932f-6783160b970f', 'hmac-generated', 'fa2d39cd-24de-4543-8c1d-b35954a7576e', 'hmac-generated', 'org.keycloak.keys.KeyProvider', 'fa2d39cd-24de-4543-8c1d-b35954a7576e', NULL);
INSERT INTO `COMPONENT` (`ID`, `NAME`, `PARENT_ID`, `PROVIDER_ID`, `PROVIDER_TYPE`, `REALM_ID`, `SUB_TYPE`) VALUES('83cb17e3-3480-45e7-a823-7135f9d5979c', 'Full Scope Disabled', 'ca5abdd7-1552-4581-bbd5-442181834c09', 'scope', 'org.keycloak.services.clientregistration.policy.ClientRegistrationPolicy', 'ca5abdd7-1552-4581-bbd5-442181834c09', 'anonymous');
INSERT INTO `COMPONENT` (`ID`, `NAME`, `PARENT_ID`, `PROVIDER_ID`, `PROVIDER_TYPE`, `REALM_ID`, `SUB_TYPE`) VALUES('84209661-831d-4c8f-ba33-0c149e118520', 'rsa-generated', 'fa2d39cd-24de-4543-8c1d-b35954a7576e', 'rsa-generated', 'org.keycloak.keys.KeyProvider', 'fa2d39cd-24de-4543-8c1d-b35954a7576e', NULL);
INSERT INTO `COMPONENT` (`ID`, `NAME`, `PARENT_ID`, `PROVIDER_ID`, `PROVIDER_TYPE`, `REALM_ID`, `SUB_TYPE`) VALUES('87baaf3c-c1a2-4da0-9d62-e4da9b053172', 'Full Scope Disabled', 'fa2d39cd-24de-4543-8c1d-b35954a7576e', 'scope', 'org.keycloak.services.clientregistration.policy.ClientRegistrationPolicy', 'fa2d39cd-24de-4543-8c1d-b35954a7576e', 'anonymous');
INSERT INTO `COMPONENT` (`ID`, `NAME`, `PARENT_ID`, `PROVIDER_ID`, `PROVIDER_TYPE`, `REALM_ID`, `SUB_TYPE`) VALUES('949478ee-c13f-4078-a8f1-0e21e8f9a152', 'Allowed Protocol Mapper Types', 'ca5abdd7-1552-4581-bbd5-442181834c09', 'allowed-protocol-mappers', 'org.keycloak.services.clientregistration.policy.ClientRegistrationPolicy', 'ca5abdd7-1552-4581-bbd5-442181834c09', 'authenticated');
INSERT INTO `COMPONENT` (`ID`, `NAME`, `PARENT_ID`, `PROVIDER_ID`, `PROVIDER_TYPE`, `REALM_ID`, `SUB_TYPE`) VALUES('a98545bb-41b1-45ce-ba46-9b058aea935b', 'Allowed Client Scopes', 'fa2d39cd-24de-4543-8c1d-b35954a7576e', 'allowed-client-templates', 'org.keycloak.services.clientregistration.policy.ClientRegistrationPolicy', 'fa2d39cd-24de-4543-8c1d-b35954a7576e', 'authenticated');
INSERT INTO `COMPONENT` (`ID`, `NAME`, `PARENT_ID`, `PROVIDER_ID`, `PROVIDER_TYPE`, `REALM_ID`, `SUB_TYPE`) VALUES('bac2fe06-dd3c-4013-988e-6665f9f81dab', 'Max Clients Limit', 'ca5abdd7-1552-4581-bbd5-442181834c09', 'max-clients', 'org.keycloak.services.clientregistration.policy.ClientRegistrationPolicy', 'ca5abdd7-1552-4581-bbd5-442181834c09', 'anonymous');
INSERT INTO `COMPONENT` (`ID`, `NAME`, `PARENT_ID`, `PROVIDER_ID`, `PROVIDER_TYPE`, `REALM_ID`, `SUB_TYPE`) VALUES('bbfc0f43-b34b-4d2f-a9d9-89344923621f', 'Allowed Client Scopes', 'fa2d39cd-24de-4543-8c1d-b35954a7576e', 'allowed-client-templates', 'org.keycloak.services.clientregistration.policy.ClientRegistrationPolicy', 'fa2d39cd-24de-4543-8c1d-b35954a7576e', 'anonymous');
INSERT INTO `COMPONENT` (`ID`, `NAME`, `PARENT_ID`, `PROVIDER_ID`, `PROVIDER_TYPE`, `REALM_ID`, `SUB_TYPE`) VALUES('dce9b877-6f45-45c0-b468-6bf9f0b5146b', 'Trusted Hosts', 'fa2d39cd-24de-4543-8c1d-b35954a7576e', 'trusted-hosts', 'org.keycloak.services.clientregistration.policy.ClientRegistrationPolicy', 'fa2d39cd-24de-4543-8c1d-b35954a7576e', 'anonymous');
INSERT INTO `COMPONENT` (`ID`, `NAME`, `PARENT_ID`, `PROVIDER_ID`, `PROVIDER_TYPE`, `REALM_ID`, `SUB_TYPE`) VALUES('ea918e28-c326-456a-95b7-b5feec59bc15', 'aes-generated', 'fa2d39cd-24de-4543-8c1d-b35954a7576e', 'aes-generated', 'org.keycloak.keys.KeyProvider', 'fa2d39cd-24de-4543-8c1d-b35954a7576e', NULL);
INSERT INTO `COMPONENT` (`ID`, `NAME`, `PARENT_ID`, `PROVIDER_ID`, `PROVIDER_TYPE`, `REALM_ID`, `SUB_TYPE`) VALUES('ef7664ae-84e6-418c-95a3-ec04f56f673a', 'rsa-enc-generated', 'ca5abdd7-1552-4581-bbd5-442181834c09', 'rsa-enc-generated', 'org.keycloak.keys.KeyProvider', 'ca5abdd7-1552-4581-bbd5-442181834c09', NULL);

DROP TABLE IF EXISTS `COMPONENT_CONFIG`;
CREATE TABLE `COMPONENT_CONFIG` (
  `ID` varchar(36) NOT NULL,
  `COMPONENT_ID` varchar(36) NOT NULL,
  `NAME` varchar(255) NOT NULL,
  `VALUE` varchar(4000) CHARACTER SET utf8mb3 COLLATE utf8mb3_general_ci DEFAULT NULL
) ENGINE=InnoDB DEFAULT CHARSET=utf8mb4 COLLATE=utf8mb4_general_ci;

INSERT INTO `COMPONENT_CONFIG` (`ID`, `COMPONENT_ID`, `NAME`, `VALUE`) VALUES('01d2ec72-f991-49fd-94ec-34dc153e770a', '2d0893c8-350b-4b52-8418-6631f0523dd0', 'priority', '100');
INSERT INTO `COMPONENT_CONFIG` (`ID`, `COMPONENT_ID`, `NAME`, `VALUE`) VALUES('03d6ac1c-9c07-4fc5-b56c-1ac2fa236040', '3c7629df-3c1d-4f74-a965-3525ed204833', 'allowed-protocol-mapper-types', 'oidc-usermodel-attribute-mapper');
INSERT INTO `COMPONENT_CONFIG` (`ID`, `COMPONENT_ID`, `NAME`, `VALUE`) VALUES('04857f1e-b33d-4c91-98fa-d25fa8cd4ef1', 'ef7664ae-84e6-418c-95a3-ec04f56f673a', 'algorithm', 'RSA-OAEP');
INSERT INTO `COMPONENT_CONFIG` (`ID`, `COMPONENT_ID`, `NAME`, `VALUE`) VALUES('07071c22-50ef-4744-961c-1f09ca8debe0', '12d25177-a59b-46e0-8adc-19a129391df1', 'privateKey', 'MIIEowIBAAKCAQEAr3ZHVsNhok8Ju5YYI/LKtV2HVGFpK7f7O3xh1LNrhIPEdVZu5XTqduoXfkJ/+lzz3aJJPxCaBZfWSajoGi8f7DAo5Pe2k8YFH02kmpptIOUG2DJMM1wueGhUZbS+IakAgcwk7PZpXjJXboB5iUCb4B6A97slnaL0sFpOPeR6L8jjvZXkPKDqxKdjsAhl3Msh19nw5QziWC/P918AmMaluZiTiGxwNXEhfNDLhUNUiD2fALI+2D4FVyBDU/WXV8p3EYVNQ8tSGJ6LeQfNfi/unoQ1LIxg9xzzHMkZMNsJBxTZs8sTj+3vt+IDaSKk/oIuty3hDrMl9ocs0yF7jA9AFQIDAQABAoIBACeXsLbRDTOvEpLn5kgcVeXxdiNR/MWe9Ruh8EBrARCsnBTfHVR9GpgdMBJvRooT1fp1z4HhyOOItNO3v7IC3rjw0BWEmQgE16yN3F3/iS7yRyZbSSsQurK0VhECJSIazNC9JDrtSm71PJnkdyhDsjizIWZlLjKBLiYqJnwcVX74/KgweyS5v/I3g8fC/sq73ELXthv4yV7751gHGsbg+3HloSBS5gWMT1FFScSHVSXdxFI41DY4MgoLDmouXK7DyaMXStSpUesxWXFXz7Ftex7F5sZwPat+9f8wacLUqoRHbOHFAHjH74EXqoz2xUZuhSD9PZVsA8VmM+mtlkEO/uECgYEA9/sHBpU0PPIGUCdtFC9GHN9y1qYKGW1PT6TZOyXPZrl9CPHiJuPE/msOkxEq85iz+0pT3RmTWCcP8qjnCwZNHPPyYECp3YyA35UfQHse6qTrp5aNolc5DkJUA3wf0TgU/FaVSy9W7hrEsgzZ6GCbLJnG1kcDWVo3kBzbh5IE/GECgYEAtSLjJcSqK06HggirRS8V9eSqD/2Re4LElxZqSORhAbIJr0Ml7IqbZSys7n2s1uPCS5hU2DZJoFfY4JIdkEADwbK/rAF4dYv8Wp/krCrvY1QVrSsZYU9EHzBfpVuAuOk0fwLf2u4KPJQ30HBG8xmMzttQx2KlEUEy+E+lDoZnADUCgYBV+eCrtZtQ7hCmRaUZ9HH4nLgyF4s02aM/18XBLhDEatcg/MwN87ZfBzscXj1oC6+LFnARHkbpr1FmLo08U0j1GtcT7Bd4yrf7zLXzIzzK2bcieZ5NhLQxb2m1c5mMbkdIXbSRRq57CyjbGn2KhcQHKKG5tRFCL3dILdknHcdAwQKBgFpmov8Ce/tJIhAfy3qn2UnzaXy5jJYb2YmeQkVG1bNG69ZwqMi5FH0WIuiUCGLnIN0hlZai4XQI49CQm/iWOkm9sDNkOH5R8ww3qKTUeM0V9guK6wvJx7HZLqMUW9XtbanGAXr+OlWpk4GPx5kkM0Y55sLb1I4cABg1h6cMJPPRAoGBANIeqG5tlakJimslo6bciY2N4hFNUw1irCNCWYD8FvkVqzFi2rr/yXJB4HxASWWJNCKVOEHJnGL0sVEWSm3WntFUabSD8HKnv+BH3usjj8rtSBzKo60cx5F/PMlkcOh5kmrjEwoF8A1E1O/OO43+u3NeglH+NnTaiKOa5Y8ohngG');
INSERT INTO `COMPONENT_CONFIG` (`ID`, `COMPONENT_ID`, `NAME`, `VALUE`) VALUES('0729c694-46ef-4a01-ab69-8a77156b25fb', '2b6b81f9-a46a-4294-a104-877a7f62ebd7', 'client-uris-must-match', 'true');
INSERT INTO `COMPONENT_CONFIG` (`ID`, `COMPONENT_ID`, `NAME`, `VALUE`) VALUES('0ee5a742-24fa-4a19-adfb-641394c0fd37', 'dce9b877-6f45-45c0-b468-6bf9f0b5146b', 'host-sending-registration-request-must-match', 'true');
INSERT INTO `COMPONENT_CONFIG` (`ID`, `COMPONENT_ID`, `NAME`, `VALUE`) VALUES('0f9df6ac-3546-4925-9335-077e103664f8', '949478ee-c13f-4078-a8f1-0e21e8f9a152', 'allowed-protocol-mapper-types', 'oidc-address-mapper');
INSERT INTO `COMPONENT_CONFIG` (`ID`, `COMPONENT_ID`, `NAME`, `VALUE`) VALUES('134c25a8-e239-43f0-9f23-330678501feb', '04b054c3-7922-438f-acbc-f5f84272d3dd', 'allowed-protocol-mapper-types', 'oidc-address-mapper');
INSERT INTO `COMPONENT_CONFIG` (`ID`, `COMPONENT_ID`, `NAME`, `VALUE`) VALUES('13c1b60b-335c-440f-9983-edf03645755b', '2d0893c8-350b-4b52-8418-6631f0523dd0', 'kid', '32a98aec-cc80-4c5a-a3f3-a50c2887aaf5');
INSERT INTO `COMPONENT_CONFIG` (`ID`, `COMPONENT_ID`, `NAME`, `VALUE`) VALUES('14a52bb0-30de-4b4f-828b-5ed7beda1a90', '834c7846-7c8e-4bfa-932f-6783160b970f', 'priority', '100');
INSERT INTO `COMPONENT_CONFIG` (`ID`, `COMPONENT_ID`, `NAME`, `VALUE`) VALUES('15edd00a-d980-4325-918c-819cc6eac14b', '12d25177-a59b-46e0-8adc-19a129391df1', 'keyUse', 'SIG');
INSERT INTO `COMPONENT_CONFIG` (`ID`, `COMPONENT_ID`, `NAME`, `VALUE`) VALUES('18480b14-a0bd-458e-8389-501863e5ca57', 'a98545bb-41b1-45ce-ba46-9b058aea935b', 'allow-default-scopes', 'true');
INSERT INTO `COMPONENT_CONFIG` (`ID`, `COMPONENT_ID`, `NAME`, `VALUE`) VALUES('1903df7a-3e96-406d-9f48-3ffa3ec64d17', '949478ee-c13f-4078-a8f1-0e21e8f9a152', 'allowed-protocol-mapper-types', 'oidc-sha256-pairwise-sub-mapper');
INSERT INTO `COMPONENT_CONFIG` (`ID`, `COMPONENT_ID`, `NAME`, `VALUE`) VALUES('1c52cb76-5c7b-4f7a-af7a-0eb23e50559d', '84209661-831d-4c8f-ba33-0c149e118520', 'certificate', 'MIICnTCCAYUCBgGGsuualjANBgkqhkiG9w0BAQsFADASMRAwDgYDVQQDDAdwcmltYXJ5MB4XDTIzMDMwNTE3NTUzMFoXDTMzMDMwNTE3NTcxMFowEjEQMA4GA1UEAwwHcHJpbWFyeTCCASIwDQYJKoZIhvcNAQEBBQADggEPADCCAQoCggEBAMmJQc1UxicwGclosxDKdKtwMbbvGiMaS8wGHv5u28dohs982MpsjsZMkTOpGa1bWB2O3tjaVfXWfWDRXg3xgKp8uihSqNePj0YDAT9x+DBf2kj0eAsDkSdxAEeexTmnOwT1xa5Dc2/haVP0tpnRtUSfMAE93giIdPZq5fV4Xeg2qcl+X3rfa01jgD0zQaS1MmRXWLJekJoT9JE+/lyvuWczuK8GebGfWcsf1OEd16l6QOBbuxjzhSa995hzgJmT6ao3zDJTjhBFEITQUy/gSs2EeSuBQoeVnVrN0CtN/VLbM2vy6gL0X3tXDNKugbMxExJM8QK0H7jELsTpNTbkeFUCAwEAATANBgkqhkiG9w0BAQsFAAOCAQEAg5ojWRtN7yJhEsowKBWRzR95jH54mScOA6kbCqd4nhIPGCb/PQEm6q8cDjyxu/OWR0MJJF7L6azfOkf60gGaHx7Bzc1GzOEtwi0BfEVWLqko6SnFbHOrPEOD/BS1uyRhFr4pH4vCVmghSz2l7N0NPl/YFTw7BAEeWbFQUOWezf4wc/haKLErlNbWsgayKl27gGOzWS6wcD7BZMYPOGjx/VixczchHRIZiG/WKsrQL4tpMJh5KATNNof0mWW3KMTp7kdKFdA+g8KiQLpC9fCsCbVk9WEJaKiAdk+e+gjGrQgHQ2xQZ2Du+dkZHwiUGT+rqdP1vgWkV9HW6Subc4RuvA==');
INSERT INTO `COMPONENT_CONFIG` (`ID`, `COMPONENT_ID`, `NAME`, `VALUE`) VALUES('1fc9b07c-09bc-4b83-ba99-29653b752d83', 'ef7664ae-84e6-418c-95a3-ec04f56f673a', 'certificate', 'MIICmzCCAYMCBgGGsuf5kzANBgkqhkiG9w0BAQsFADARMQ8wDQYDVQQDDAZtYXN0ZXIwHhcNMjMwMzA1MTc1MTMyWhcNMzMwMzA1MTc1MzEyWjARMQ8wDQYDVQQDDAZtYXN0ZXIwggEiMA0GCSqGSIb3DQEBAQUAA4IBDwAwggEKAoIBAQC05EiBbFHx+Tu1qVYrfhrwjH488ZafUO9Gzh3fEBWDY6Hv507a8dcd2rbcODBmYbasGeKFCMQUPkj7TXK0DIyyMEXHVo9PhhE6ngtSqP2qkjl1kaNfR8tXbPmjY5c7J+MJDWvVb0nwtAQMRsU7PrKH4x6xGAj64DwcQ4G4Y1qTaFVBrqAy/r/K/WbP4lgTfkheteBPof5yZWSrZhRZTmp/YPJe7vE1ksBEMUd8y63/qKAmg/zXd/7I9KL7Im0z8lCk31e5MbZ5JbAX1VlnQsuJ4NTKs/KJZjs9rbBhsE1AXGy9Bxd1f7hAK7dZijBX/W5cDDlhAgjh6QwgK9RDNhUZAgMBAAEwDQYJKoZIhvcNAQELBQADggEBAIBm3veP4UdzbKuXAPZIwbDTFpS/cndqCzi2uLttzdQwijPk0kirSFyGWT3hMLSgIg4dA11i18gcvyf5+d0K8iFTFqngh7c9ciOdzsQxA5iAhSXvmuCb6LNL3fv2n6uDYJmsMkUjGRQgtOCrCa3mq1TwoYjTq/9z7dAU+rO9jBA6wXCuqU9bAFgfqsjh/StdIWRYGmnO39agHTO3U1k/dV4RrEj4tTkqfPxoBJ2B7T55JxbFB0ctiFoTU7vzd/xeW9KBKLbMMTBDjyeXUrWhSayy2I3ZFdtRsyiE3kX1TzdAeUVPp6Zkj/TAkxbg7SnHbBixfmTGLpdc7ckjQgBiKh4=');
INSERT INTO `COMPONENT_CONFIG` (`ID`, `COMPONENT_ID`, `NAME`, `VALUE`) VALUES('21d9c7f6-f265-4171-b333-bc969f694f65', '0e861d5b-53a4-4f11-bf99-d6718ff1802c', 'max-clients', '200');
INSERT INTO `COMPONENT_CONFIG` (`ID`, `COMPONENT_ID`, `NAME`, `VALUE`) VALUES('2682c0f6-1578-41cc-9f8c-c6bb1800916f', '572ea66e-9455-4f1d-ab6e-2a607d288423', 'allowed-protocol-mapper-types', 'oidc-full-name-mapper');
INSERT INTO `COMPONENT_CONFIG` (`ID`, `COMPONENT_ID`, `NAME`, `VALUE`) VALUES('27d1cde0-76da-4f3e-ac5e-a57d0137dd30', '834c7846-7c8e-4bfa-932f-6783160b970f', 'kid', '3a1f1cef-e043-4f45-9a5b-b0263be32e54');
INSERT INTO `COMPONENT_CONFIG` (`ID`, `COMPONENT_ID`, `NAME`, `VALUE`) VALUES('2afa6ca5-1fa3-469c-9c74-5fe7918d0263', '83236edd-a406-4797-9db6-2f2fdbe38b1f', 'secret', 'yNV-z8TEqgmplLSZsi0kp1RoYnb5OqyN2PY6EvgcX397Fjh9JxhzS8lgJMysizaWa6YRw-6xKo0Eqo1-j42E5g');
INSERT INTO `COMPONENT_CONFIG` (`ID`, `COMPONENT_ID`, `NAME`, `VALUE`) VALUES('2c70f918-d608-4fcd-860b-ea35ac463248', '12d25177-a59b-46e0-8adc-19a129391df1', 'priority', '100');
INSERT INTO `COMPONENT_CONFIG` (`ID`, `COMPONENT_ID`, `NAME`, `VALUE`) VALUES('2f12e9f4-301a-418c-9131-f5e8b11c32a5', '572ea66e-9455-4f1d-ab6e-2a607d288423', 'allowed-protocol-mapper-types', 'oidc-sha256-pairwise-sub-mapper');
INSERT INTO `COMPONENT_CONFIG` (`ID`, `COMPONENT_ID`, `NAME`, `VALUE`) VALUES('3361a813-5149-4314-a540-d0454a05347d', '12d25177-a59b-46e0-8adc-19a129391df1', 'certificate', 'MIICmzCCAYMCBgGGsuf45DANBgkqhkiG9w0BAQsFADARMQ8wDQYDVQQDDAZtYXN0ZXIwHhcNMjMwMzA1MTc1MTMyWhcNMzMwMzA1MTc1MzEyWjARMQ8wDQYDVQQDDAZtYXN0ZXIwggEiMA0GCSqGSIb3DQEBAQUAA4IBDwAwggEKAoIBAQCvdkdWw2GiTwm7lhgj8sq1XYdUYWkrt/s7fGHUs2uEg8R1Vm7ldOp26hd+Qn/6XPPdokk/EJoFl9ZJqOgaLx/sMCjk97aTxgUfTaSamm0g5QbYMkwzXC54aFRltL4hqQCBzCTs9mleMldugHmJQJvgHoD3uyWdovSwWk495HovyOO9leQ8oOrEp2OwCGXcyyHX2fDlDOJYL8/3XwCYxqW5mJOIbHA1cSF80MuFQ1SIPZ8Asj7YPgVXIENT9ZdXyncRhU1Dy1IYnot5B81+L+6ehDUsjGD3HPMcyRkw2wkHFNmzyxOP7e+34gNpIqT+gi63LeEOsyX2hyzTIXuMD0AVAgMBAAEwDQYJKoZIhvcNAQELBQADggEBAHEu49lgnWphK3HQ5GxxA4ZWe3QAp2bx7rglrMhoTMKV4ksPc5FKydl00pbLqcMU4XrUZcF33YdJaOeqLcpX9zy6baJTv0CkLYuxIrz3HBpeJ1lBgIfgo9QmpG4g4Dv2/0Th0XKIMbxYrtRkXfQPlEhkJVqjlEZfVRj3baQQDJs4klutkkr+BpT8/2rY28fXgz8BCWpr59xgn3xO+iNQkuM5cUrWHeKnYAhR4N901wE+I6mam2qlZChd5FnZa5keqoJMt6zL7O/BmqWaL9vCnuf1Tua3fKd33uPt9RK95vo8EZsCKqt1g44zk3hJ/8Kfj67JGi/X9iw00RjgI7hysGY=');
INSERT INTO `COMPONENT_CONFIG` (`ID`, `COMPONENT_ID`, `NAME`, `VALUE`) VALUES('3422bafa-80e4-43e2-b4a9-caf11ec29061', '3c7629df-3c1d-4f74-a965-3525ed204833', 'allowed-protocol-mapper-types', 'oidc-sha256-pairwise-sub-mapper');
INSERT INTO `COMPONENT_CONFIG` (`ID`, `COMPONENT_ID`, `NAME`, `VALUE`) VALUES('3bf08714-3237-4ede-b3ae-e6422f3f19fd', 'dce9b877-6f45-45c0-b468-6bf9f0b5146b', 'client-uris-must-match', 'true');
INSERT INTO `COMPONENT_CONFIG` (`ID`, `COMPONENT_ID`, `NAME`, `VALUE`) VALUES('3e823622-23e8-4656-9b95-780415073d55', '04b054c3-7922-438f-acbc-f5f84272d3dd', 'allowed-protocol-mapper-types', 'saml-user-property-mapper');
INSERT INTO `COMPONENT_CONFIG` (`ID`, `COMPONENT_ID`, `NAME`, `VALUE`) VALUES('3f34c31a-90d1-497e-9d9d-87ac9d4d758d', '834c7846-7c8e-4bfa-932f-6783160b970f', 'algorithm', 'HS256');
INSERT INTO `COMPONENT_CONFIG` (`ID`, `COMPONENT_ID`, `NAME`, `VALUE`) VALUES('40f5ee4d-2168-4604-badb-2f5d26d64e15', '04b054c3-7922-438f-acbc-f5f84272d3dd', 'allowed-protocol-mapper-types', 'oidc-usermodel-attribute-mapper');
INSERT INTO `COMPONENT_CONFIG` (`ID`, `COMPONENT_ID`, `NAME`, `VALUE`) VALUES('41d81d8f-9c94-4bbc-ab3c-abfa68a51fed', '3c7629df-3c1d-4f74-a965-3525ed204833', 'allowed-protocol-mapper-types', 'saml-role-list-mapper');
INSERT INTO `COMPONENT_CONFIG` (`ID`, `COMPONENT_ID`, `NAME`, `VALUE`) VALUES('42d8abe9-1606-42c6-97b6-56c575d6d6cb', '6b4ff4c2-452b-409c-8800-8f4ad801867c', 'algorithm', 'RSA-OAEP');
INSERT INTO `COMPONENT_CONFIG` (`ID`, `COMPONENT_ID`, `NAME`, `VALUE`) VALUES('448129a1-11d9-4db3-ae7c-e0188586fef5', '949478ee-c13f-4078-a8f1-0e21e8f9a152', 'allowed-protocol-mapper-types', 'oidc-usermodel-attribute-mapper');
INSERT INTO `COMPONENT_CONFIG` (`ID`, `COMPONENT_ID`, `NAME`, `VALUE`) VALUES('4a972d6d-6f88-4329-8e08-ba095cce478a', '3c7629df-3c1d-4f74-a965-3525ed204833', 'allowed-protocol-mapper-types', 'saml-user-attribute-mapper');
INSERT INTO `COMPONENT_CONFIG` (`ID`, `COMPONENT_ID`, `NAME`, `VALUE`) VALUES('4e779b8e-1165-4e50-af02-c39274be731e', '84209661-831d-4c8f-ba33-0c149e118520', 'keyUse', 'SIG');
INSERT INTO `COMPONENT_CONFIG` (`ID`, `COMPONENT_ID`, `NAME`, `VALUE`) VALUES('525b595a-b81a-47ca-aad9-7658257cd6f8', '04b054c3-7922-438f-acbc-f5f84272d3dd', 'allowed-protocol-mapper-types', 'oidc-sha256-pairwise-sub-mapper');
INSERT INTO `COMPONENT_CONFIG` (`ID`, `COMPONENT_ID`, `NAME`, `VALUE`) VALUES('549b1191-9741-425f-8f2d-8b0a2b92cb0a', '949478ee-c13f-4078-a8f1-0e21e8f9a152', 'allowed-protocol-mapper-types', 'saml-user-property-mapper');
INSERT INTO `COMPONENT_CONFIG` (`ID`, `COMPONENT_ID`, `NAME`, `VALUE`) VALUES('565f7a68-ba8d-479a-9b95-14c48cabd855', '949478ee-c13f-4078-a8f1-0e21e8f9a152', 'allowed-protocol-mapper-types', 'oidc-full-name-mapper');
INSERT INTO `COMPONENT_CONFIG` (`ID`, `COMPONENT_ID`, `NAME`, `VALUE`) VALUES('567a8ef0-3e2b-4572-ae37-616b877b0fd3', '04b054c3-7922-438f-acbc-f5f84272d3dd', 'allowed-protocol-mapper-types', 'saml-role-list-mapper');
INSERT INTO `COMPONENT_CONFIG` (`ID`, `COMPONENT_ID`, `NAME`, `VALUE`) VALUES('57c91299-9235-4622-a2a6-fc1c46dc34a8', '6b4ff4c2-452b-409c-8800-8f4ad801867c', 'privateKey', 'MIIEowIBAAKCAQEAoQx2IauIJMXN+fglqDqKF4Y3QTFVUkasIzH6jrexoPKbSG4LAbFv50zIGrrMiZJ6TPfUjAnEuNYbZ4VJa3IDDHqO/VupVzTvvz5EsJD3BWCP9+Lioi0dyqviXxPxNxsyiwaSYltWuOW6FYtdblTxZnGg/9d1zgip34LHxLGIAeUe6X8tf9dY+4e+zozLLXoi4wHI70tIMYgPkKwNHhq64jfEaHetE/61vrDJIBXbS6xCTgOwiGeXXTyefF9CrBgk6oUjaXIQ0ZC4pIoO8VXfUlHoRIA20Cq0xs+JrBi5Wiyn1KCVTcUwf/TQH6J/lqeZwmVgXIsAstMpgzD6xZmMpQIDAQABAoIBAAMrT/Ejrf8t6/q8+Qi8INbhAO9bKCxWpbE08j2ivG/IC77mI3ikuZNZ/coWM6DgGAtcXntkVHxgAj627xXv3W1+b+0+bjEAIq5RwbTzyq35aNEzpCAVi940JF/t8DOUaRnhRuTWmqNIKgbzLM3XWr9trFcR3LNG6l4yoE8Xle9A6fmvllXei/XIFfKvlsuVxrMZXL4sAV3h+xy5DlHrjVM63R1z6koWn6iuo9lhI6yqjOFRtVTXmdBMBA2lWBDkbo+a+XFhIe7uLAZ965JhP4xS3nUoTjI5P88LwJyTrQ/gTvhQttM+On9jW0H/864vZwI0RCJMzztp8GzFKk6j5XUCgYEA3vxhdvX3elOp+Hix8jQ3XoaCfqWwkL0S10TYsGFEkotnj7d7TUxoZ0eh7hXb2koBQSb5tuUFT89jj2AyXdUFH9EFQd2Cpxa58uh1oSo34fSRVVK2/9t9djSAwoplVItGDGofIr8G1aj+AxAr4qABt7Fl7Z9mwVJdzb1vOleLROsCgYEAuOSI9yjDyFvD5Bb0sILXQWAfxsYdShpm3NiYdxOsSpc48iF2s627rMIqE729ZpyFLk3k/bKMsdaqV39pwjAaNVPzdxR0rWf6HUYuWoeh8OEkqW+dzhvCWGJbjMXvrWqEpPPdZEYl00YFbZOwgazr6lllaRkw6YOPISPciLCUUK8CgYEAvBEMevLUuR1bG69gFbEoidbUtNA17L0q6NiuEYTX+ukMfU/49Kbe30yxLEbPWHpWOIcQ0cqzAi8d/0zY7f6+Bamaz4Rtr1MhndelbjpXS4GkGdxbb8vFMy7w8iMbd4THnazbeci3kPio1BiNiuP8ztsV5qYsWhyH9QAykXhIg+UCgYAazSX9je8zb/npalp168GAPIreqYE9aK5YfR08xaFH/rvGfYtTaG+4Dz1CN1LpOO8lUy1KiUNT1CZFILcX6xkhedXlARYYvOXIsI+vl9GltT03QnLBmcyGO1vCAD9KCBLKRn9lNbXt9kx7IdmIMqTQB71nirtIXkW1LBmfxtj5CQKBgCpqh6PbnYeoRUBuedMhD2+UDjE5g1W3ZTEGY7GrN9zjnSQETSNN+gTDSCVYDX2b9M8KJ1pKM3xddK5LOqTHOzrlJSGDevYggh3KOIP6ouCH2XIX1u2JVEz+zi9dudm878RMS5R/hindhr0W0fQyuaSlhywU0GRylVgxAKKJtVFm');
INSERT INTO `COMPONENT_CONFIG` (`ID`, `COMPONENT_ID`, `NAME`, `VALUE`) VALUES('623c95c2-4f8a-4705-9768-c43a54edd3d4', '04b054c3-7922-438f-acbc-f5f84272d3dd', 'allowed-protocol-mapper-types', 'oidc-full-name-mapper');
INSERT INTO `COMPONENT_CONFIG` (`ID`, `COMPONENT_ID`, `NAME`, `VALUE`) VALUES('63cecd20-1f46-40ff-9582-213aa35dbd27', '834c7846-7c8e-4bfa-932f-6783160b970f', 'secret', '8DmtXXUl0hIDPP4VaERXb9uoCYaHC5l9g75N0P2AEU-JcUxQ0RCMr7-nVuCP5LlVXN6d7Ws5rEi5RRHoqKIuNw');
INSERT INTO `COMPONENT_CONFIG` (`ID`, `COMPONENT_ID`, `NAME`, `VALUE`) VALUES('643f2e01-23a3-4748-8245-3d9779c6c75e', '84209661-831d-4c8f-ba33-0c149e118520', 'privateKey', 'MIIEpAIBAAKCAQEAyYlBzVTGJzAZyWizEMp0q3Axtu8aIxpLzAYe/m7bx2iGz3zYymyOxkyRM6kZrVtYHY7e2NpV9dZ9YNFeDfGAqny6KFKo14+PRgMBP3H4MF/aSPR4CwORJ3EAR57FOac7BPXFrkNzb+FpU/S2mdG1RJ8wAT3eCIh09mrl9Xhd6DapyX5fet9rTWOAPTNBpLUyZFdYsl6QmhP0kT7+XK+5ZzO4rwZ5sZ9Zyx/U4R3XqXpA4Fu7GPOFJr33mHOAmZPpqjfMMlOOEEUQhNBTL+BKzYR5K4FCh5WdWs3QK039Utsza/LqAvRfe1cM0q6BszETEkzxArQfuMQuxOk1NuR4VQIDAQABAoIBABqqJWGkaL9AlvjV+HMtRjh0lK9OfVfNn9+zo6AoTL3ab5O+QfSuXkmQUdnS8snD/ymSAJwSbzMimN4ZdWdE37Au5nZ1UU+L9/ncZereCmdkFz510fgrFaZxRgcz04ZoQN/MIMaIuBpCaawpAYvieihFI5XWeK0KWOdNh3Vt4obZkIaNb8tSPaoyTVm0TICnSUIFaMBSr8FhWXok5oSh5Eed9eGMju+n5KHgoXeX5AluBKPbjcBFc5HJNO3w4PkVChndqS6UwvtISt+drzuAKeFBSVguizCWL2PrAblc+C0LreYfK9yGccI/nmh1XbHkufnYQl/8gP0t4fgnDu0IdmECgYEA6WgLeS1b3qNBRiqWyAv5t4W3ThsJ9zCQ2oM1EYKOk9EWBR8cnn0spKASj/T99nJqSEeEzwbfaT68GQ09SnQY5kygQEDPGSItN8p3OXOjC687p7zNl+9WrO7GTiMxRlmGrXsXlwdkkREmq9LLcmhABzqY6fiBR4N6viuoWE0HQN0CgYEA3QtyiPxLCqEZtTdCr/N+kz9EHH2LGQL5JEj0+S1fzHgGNyJeGzS4BVTwLZ8dvEV/c1Sp4WrwXEpbe22qCRgqOxvwNHUivwiCPtLWFC3sXrJAl8JB12/25umNaJJDOi1EQd11JKOwr/SVvnCV6Od+Sp9lA/3cfQxe7b+iJCbKIdkCgYB5eUjfXBgAGv8RwYCPxIvGU7U+1Ruupnv8/WRVJJmHnL3VFIgUhBkD5LtEaMDzzkA6Nd6M0Irdf2TttNI9OYbr9N1CE3i1H/BgpOK/58rnfd+SQNTPSiTWA775U5+FeXp6NyHj3FkelsqFikOP22nXWUvUGR1PVsI+zwHiUtR/kQKBgQCLLDz18NuSmrIj/eIYBFhKf4fz5DujCNMyvFi5Vo89nshTCGl1+bBvcvYx00AWnS9Mvx6i1gD2Kr8ErJxlU3irdMC9Vo8E9meDBJ5TYEK1sMeohV+NNGqhIqWtFIINbBjQ2414/zMs5fMuT5ajaLWEaG1ioQClHxfZ21FML7wOqQKBgQCH3zO0bIbz4P09txRBG/9tm38ObvGzXvN2kI0Q2wu5K+BAQTSTMmGWcgbP/C/aa85qklsV9OQXS6safvLO4lcoNFZDgal5AESQSydayAw6jIIKM2Ag5CWZQaIPd824YnASD6MsuLVV7J0uitaLau4tps4FSz3rBxYgI6YqzSEkMA==');
INSERT INTO `COMPONENT_CONFIG` (`ID`, `COMPONENT_ID`, `NAME`, `VALUE`) VALUES('650c7593-d603-4292-b71a-7305575832cb', 'bac2fe06-dd3c-4013-988e-6665f9f81dab', 'max-clients', '200');
INSERT INTO `COMPONENT_CONFIG` (`ID`, `COMPONENT_ID`, `NAME`, `VALUE`) VALUES('6deb8618-94eb-4b32-b628-6dfb3dd21e80', '04b054c3-7922-438f-acbc-f5f84272d3dd', 'allowed-protocol-mapper-types', 'saml-user-attribute-mapper');
INSERT INTO `COMPONENT_CONFIG` (`ID`, `COMPONENT_ID`, `NAME`, `VALUE`) VALUES('7cf9ba2b-b88b-4c09-8799-7ac8978e600c', 'ea918e28-c326-456a-95b7-b5feec59bc15', 'kid', '73b3aff5-550c-46f8-bc40-1e598e03c594');
INSERT INTO `COMPONENT_CONFIG` (`ID`, `COMPONENT_ID`, `NAME`, `VALUE`) VALUES('81d4dd4d-6318-4981-a518-a4ee9f6f2150', 'ef7664ae-84e6-418c-95a3-ec04f56f673a', 'privateKey', 'MIIEogIBAAKCAQEAtORIgWxR8fk7talWK34a8Ix+PPGWn1DvRs4d3xAVg2Oh7+dO2vHXHdq23DgwZmG2rBnihQjEFD5I+01ytAyMsjBFx1aPT4YROp4LUqj9qpI5dZGjX0fLV2z5o2OXOyfjCQ1r1W9J8LQEDEbFOz6yh+MesRgI+uA8HEOBuGNak2hVQa6gMv6/yv1mz+JYE35IXrXgT6H+cmVkq2YUWU5qf2DyXu7xNZLARDFHfMut/6igJoP813f+yPSi+yJtM/JQpN9XuTG2eSWwF9VZZ0LLieDUyrPyiWY7Pa2wYbBNQFxsvQcXdX+4QCu3WYowV/1uXAw5YQII4ekMICvUQzYVGQIDAQABAoIBAALDV4z3ioPSvmUU/FqYU0EyfHfLKme7wfudjUTc+GgC7VIJ1/p0o8OZNaLyrkWUpkPcv7bLLVLZelnMwzYJhmS4LLj4mgb5UIKqC0+Ny6e0Lg0vdCcEKT5af3CbhkZu/fwsku7KsV7QxxyxrdR19t6e5E3/zeW9QxCmGWYHiXrzcnfTq6Xg2tz/+hod6YRHMdO7dfNlXel2P4wfNGP372YGRCA8CehtDoRI8TSpe1FbL/rzWw/p2oify35dnTip5WqcTs9o+mrowUNe/cIlD2bzhGehz9xEzAHmXgOGCtmMhFoksG9Iz+brDl7C3eS786G7AfS9bMyGGg+QIYLNnRECgYEA38IyggJDJUbDBkkgSJhedFyPXctR5rpBTnf+c6P/iLeBKIbv/k0WL+atJ/nu1eZz+X3vTpibd8P6gT5OXP7fWkaBQrnmCTnEcT6eMU2hAmC0zVmVVEoLMvfBmMkrRQoi+FzuGWcmQ3/wHQdSZyjmOLpNHUzzRHdsGWcCq6oPAskCgYEAzvTaQY0HKjutjZRZZ7Wmne99ne4sLymVwttRnQ5rhpwD75UELYCXZMyWNGikub6X8GpJ1J0qVCTT0Kz1j13my+EMPuP1i09T+fvQyktfT61AA0syoYh3zxuuXU0XmRsCbei+OqzuPAQGnHIYo3Xwsmw/3jSz8OTqxZvOygWu19ECgYAVJPPC51XTAvHQ+T4MviFG26xMj7cIl5cuRBaOdPPjxnt1CfNJ050CH8lDGtIf8mwJKoZfpfojAij855deIFOY40q5tHlxa70Nen5WaGCLqfnL4ehDk8+lHFZ2CqSFHKUbVSTGz8GE5WUaSSPXTb0bpTc+SpQ+Zw6XA+3zrNlISQKBgCCsocTVqjrtvyHqOQ9Zq5ul0xRbJRixHRbtn34HZ8yR10E9KrKwabadYl2V4+P7hmuLrGpoAeXVBqgcloxzC9xGhLNtNDgxZxXBvx4hNkQTG1cpyS2dqSTGvwm2ATLIA+MsatRCtz48eHq8vM0Z8s2Ir7C6a2puCe73AXf927PxAoGAQ2p4AB+NlqbQWTqx4VNfhkZN69ltXMhPIGJIIeW+9CDLRu9bol9kkFuWhbpZqWOvisKaMGsn1JreOLIJnnbN87huSWGIT5iL9Ct6SpkEX+FG++f7u0fiSCyLpjFHowxWPauSKJKZOzMRtxX+SmyBs0iwgspqAJsmisaEhi79wxA=');
INSERT INTO `COMPONENT_CONFIG` (`ID`, `COMPONENT_ID`, `NAME`, `VALUE`) VALUES('88b7228a-8dcb-420b-8b5a-f6da9189dd8a', '572ea66e-9455-4f1d-ab6e-2a607d288423', 'allowed-protocol-mapper-types', 'oidc-usermodel-attribute-mapper');
INSERT INTO `COMPONENT_CONFIG` (`ID`, `COMPONENT_ID`, `NAME`, `VALUE`) VALUES('8df713b6-2417-4608-a464-ca5b5e9fcc3e', 'ea918e28-c326-456a-95b7-b5feec59bc15', 'priority', '100');
INSERT INTO `COMPONENT_CONFIG` (`ID`, `COMPONENT_ID`, `NAME`, `VALUE`) VALUES('8fe6a74b-7132-4144-93ce-7a766c86f704', '83236edd-a406-4797-9db6-2f2fdbe38b1f', 'priority', '100');
INSERT INTO `COMPONENT_CONFIG` (`ID`, `COMPONENT_ID`, `NAME`, `VALUE`) VALUES('8ffc447b-59e2-42db-9e4d-c2d73ab83d74', '949478ee-c13f-4078-a8f1-0e21e8f9a152', 'allowed-protocol-mapper-types', 'saml-role-list-mapper');
INSERT INTO `COMPONENT_CONFIG` (`ID`, `COMPONENT_ID`, `NAME`, `VALUE`) VALUES('936921b3-c2cb-4287-a3de-15dfdca861cc', '949478ee-c13f-4078-a8f1-0e21e8f9a152', 'allowed-protocol-mapper-types', 'saml-user-attribute-mapper');
INSERT INTO `COMPONENT_CONFIG` (`ID`, `COMPONENT_ID`, `NAME`, `VALUE`) VALUES('98296fb1-bd6b-4dba-a514-0428f55f902d', '84209661-831d-4c8f-ba33-0c149e118520', 'priority', '100');
INSERT INTO `COMPONENT_CONFIG` (`ID`, `COMPONENT_ID`, `NAME`, `VALUE`) VALUES('a320acc1-4c35-46a3-be5c-087c1f9744a0', '7b03ebbe-6dad-4511-9cfe-3c416bfc1849', 'allow-default-scopes', 'true');
INSERT INTO `COMPONENT_CONFIG` (`ID`, `COMPONENT_ID`, `NAME`, `VALUE`) VALUES('aaa21e3d-cea1-4a5d-b7a5-d2ef58c77abe', '572ea66e-9455-4f1d-ab6e-2a607d288423', 'allowed-protocol-mapper-types', 'oidc-address-mapper');
INSERT INTO `COMPONENT_CONFIG` (`ID`, `COMPONENT_ID`, `NAME`, `VALUE`) VALUES('aded8118-a4f8-4e81-9a76-b9511f9dc9cd', '949478ee-c13f-4078-a8f1-0e21e8f9a152', 'allowed-protocol-mapper-types', 'oidc-usermodel-property-mapper');
INSERT INTO `COMPONENT_CONFIG` (`ID`, `COMPONENT_ID`, `NAME`, `VALUE`) VALUES('b005053c-f1be-4e7a-bedf-c2e03c4ffab3', 'bbfc0f43-b34b-4d2f-a9d9-89344923621f', 'allow-default-scopes', 'true');
INSERT INTO `COMPONENT_CONFIG` (`ID`, `COMPONENT_ID`, `NAME`, `VALUE`) VALUES('b248d102-69c4-4c73-888f-6b6e7631a107', '6b4ff4c2-452b-409c-8800-8f4ad801867c', 'priority', '100');
INSERT INTO `COMPONENT_CONFIG` (`ID`, `COMPONENT_ID`, `NAME`, `VALUE`) VALUES('b5a70487-6d10-41df-89e5-ebddc6638e0b', 'ef7664ae-84e6-418c-95a3-ec04f56f673a', 'keyUse', 'ENC');
INSERT INTO `COMPONENT_CONFIG` (`ID`, `COMPONENT_ID`, `NAME`, `VALUE`) VALUES('b6067a15-20df-4fd3-b841-e8ab19a633ba', '6b4ff4c2-452b-409c-8800-8f4ad801867c', 'keyUse', 'ENC');
INSERT INTO `COMPONENT_CONFIG` (`ID`, `COMPONENT_ID`, `NAME`, `VALUE`) VALUES('bdc9ecef-f780-4923-afd0-0667b525478a', '3c7629df-3c1d-4f74-a965-3525ed204833', 'allowed-protocol-mapper-types', 'oidc-full-name-mapper');
INSERT INTO `COMPONENT_CONFIG` (`ID`, `COMPONENT_ID`, `NAME`, `VALUE`) VALUES('c161c7de-67ad-427b-9187-b7115b7934af', '572ea66e-9455-4f1d-ab6e-2a607d288423', 'allowed-protocol-mapper-types', 'saml-role-list-mapper');
INSERT INTO `COMPONENT_CONFIG` (`ID`, `COMPONENT_ID`, `NAME`, `VALUE`) VALUES('c59413a0-a148-4af0-b1a4-920d150afafc', '2d0893c8-350b-4b52-8418-6631f0523dd0', 'secret', 'f_W8Bwp3l03fBmLla8nOhw');
INSERT INTO `COMPONENT_CONFIG` (`ID`, `COMPONENT_ID`, `NAME`, `VALUE`) VALUES('c741464a-395f-48c7-8185-b375d1927679', '6b4ff4c2-452b-409c-8800-8f4ad801867c', 'certificate', 'MIICnTCCAYUCBgGGsuucKTANBgkqhkiG9w0BAQsFADASMRAwDgYDVQQDDAdwcmltYXJ5MB4XDTIzMDMwNTE3NTUzMFoXDTMzMDMwNTE3NTcxMFowEjEQMA4GA1UEAwwHcHJpbWFyeTCCASIwDQYJKoZIhvcNAQEBBQADggEPADCCAQoCggEBAKEMdiGriCTFzfn4Jag6iheGN0ExVVJGrCMx+o63saDym0huCwGxb+dMyBq6zImSekz31IwJxLjWG2eFSWtyAwx6jv1bqVc0778+RLCQ9wVgj/fi4qItHcqr4l8T8TcbMosGkmJbVrjluhWLXW5U8WZxoP/Xdc4Iqd+Cx8SxiAHlHul/LX/XWPuHvs6Myy16IuMByO9LSDGID5CsDR4auuI3xGh3rRP+tb6wySAV20usQk4DsIhnl108nnxfQqwYJOqFI2lyENGQuKSKDvFV31JR6ESANtAqtMbPiawYuVosp9SglU3FMH/00B+if5anmcJlYFyLALLTKYMw+sWZjKUCAwEAATANBgkqhkiG9w0BAQsFAAOCAQEAeGl+C17JKOUttHvN2yRhBidoafwlDGHzSEhbyfgHV9fbKBIbnonKH1fT2hzjWUmv4EjS5ymUm56FwPlONfVCCdoJryO+sW20kyO868UPNv6zi/fy80KS5Nm1VASbdV/K8QP/o1iq6QO73j8M+yRfp2KvcYhSsArMaL7/JecXw5NUEXmwEjEbH5zRn0Bfa4nJ3OPdbWWemSat5KjfzuCN9L62H/31fGld9FxGBK0aLZqi1nuBkA4c+BF/Q1/UqLs4z7g1qguyqXxc7+uL5Pu8kGrnOURcl1+fTWYMvGL5dV9yPEn6CvQa2FoPiD0Hr1IwS67PIrPLuUNIeVWry6Ceqg==');
INSERT INTO `COMPONENT_CONFIG` (`ID`, `COMPONENT_ID`, `NAME`, `VALUE`) VALUES('ccbdccd0-4594-4d6b-be5a-3f703824ad2b', '572ea66e-9455-4f1d-ab6e-2a607d288423', 'allowed-protocol-mapper-types', 'oidc-usermodel-property-mapper');
INSERT INTO `COMPONENT_CONFIG` (`ID`, `COMPONENT_ID`, `NAME`, `VALUE`) VALUES('d16ec351-5461-491d-a0d0-a9d6b03b2095', '3c7629df-3c1d-4f74-a965-3525ed204833', 'allowed-protocol-mapper-types', 'oidc-address-mapper');
INSERT INTO `COMPONENT_CONFIG` (`ID`, `COMPONENT_ID`, `NAME`, `VALUE`) VALUES('d4743af9-762a-4ebf-ac97-8ad18a7e5acb', 'ef7664ae-84e6-418c-95a3-ec04f56f673a', 'priority', '100');
INSERT INTO `COMPONENT_CONFIG` (`ID`, `COMPONENT_ID`, `NAME`, `VALUE`) VALUES('d74db8f8-ff9d-4235-9497-227ba9671f03', '572ea66e-9455-4f1d-ab6e-2a607d288423', 'allowed-protocol-mapper-types', 'saml-user-property-mapper');
INSERT INTO `COMPONENT_CONFIG` (`ID`, `COMPONENT_ID`, `NAME`, `VALUE`) VALUES('d926f8ea-3b43-488a-afa0-c1f2e73af801', '3c7629df-3c1d-4f74-a965-3525ed204833', 'allowed-protocol-mapper-types', 'oidc-usermodel-property-mapper');
INSERT INTO `COMPONENT_CONFIG` (`ID`, `COMPONENT_ID`, `NAME`, `VALUE`) VALUES('dab8dfe0-a6b4-4707-9ade-f706b04fd1e3', '83236edd-a406-4797-9db6-2f2fdbe38b1f', 'kid', '37a9e67b-0e5f-4ef4-b90f-2ce8b7eefdcc');
INSERT INTO `COMPONENT_CONFIG` (`ID`, `COMPONENT_ID`, `NAME`, `VALUE`) VALUES('dd26a0c7-e922-4b41-812f-0ec5b71041f7', '2b6b81f9-a46a-4294-a104-877a7f62ebd7', 'host-sending-registration-request-must-match', 'true');
INSERT INTO `COMPONENT_CONFIG` (`ID`, `COMPONENT_ID`, `NAME`, `VALUE`) VALUES('e03fbc09-26f3-45e5-b484-58dcf202dcda', 'ea918e28-c326-456a-95b7-b5feec59bc15', 'secret', 'PbcJKaHfrha4YJKstaYoaA');
INSERT INTO `COMPONENT_CONFIG` (`ID`, `COMPONENT_ID`, `NAME`, `VALUE`) VALUES('e1cfd13d-bb85-47c4-be9f-753c3734eb68', '3c7629df-3c1d-4f74-a965-3525ed204833', 'allowed-protocol-mapper-types', 'saml-user-property-mapper');
INSERT INTO `COMPONENT_CONFIG` (`ID`, `COMPONENT_ID`, `NAME`, `VALUE`) VALUES('e6203249-4b12-4f13-96a5-3386607466fa', '572ea66e-9455-4f1d-ab6e-2a607d288423', 'allowed-protocol-mapper-types', 'saml-user-attribute-mapper');
INSERT INTO `COMPONENT_CONFIG` (`ID`, `COMPONENT_ID`, `NAME`, `VALUE`) VALUES('ed5b0812-5fb9-48a6-9e7c-18cb184e0055', '7b14fb37-c815-4492-817f-84b3edbd870e', 'allow-default-scopes', 'true');
INSERT INTO `COMPONENT_CONFIG` (`ID`, `COMPONENT_ID`, `NAME`, `VALUE`) VALUES('f1156046-0130-4697-82fc-96ae221d97fb', '83236edd-a406-4797-9db6-2f2fdbe38b1f', 'algorithm', 'HS256');
INSERT INTO `COMPONENT_CONFIG` (`ID`, `COMPONENT_ID`, `NAME`, `VALUE`) VALUES('fa815818-3dff-4a9e-a699-3978c8ecf691', '04b054c3-7922-438f-acbc-f5f84272d3dd', 'allowed-protocol-mapper-types', 'oidc-usermodel-property-mapper');

DROP TABLE IF EXISTS `COMPOSITE_ROLE`;
CREATE TABLE `COMPOSITE_ROLE` (
  `COMPOSITE` varchar(36) NOT NULL,
  `CHILD_ROLE` varchar(36) NOT NULL
) ENGINE=InnoDB DEFAULT CHARSET=utf8mb4 COLLATE=utf8mb4_general_ci;

INSERT INTO `COMPOSITE_ROLE` (`COMPOSITE`, `CHILD_ROLE`) VALUES('00466978-6fa5-40b7-ad56-42b0d3223195', '37aa88b9-0cc1-49ec-8074-974a1908e121');
INSERT INTO `COMPOSITE_ROLE` (`COMPOSITE`, `CHILD_ROLE`) VALUES('0ef7f6f2-84bb-481c-82b9-82caa21989b1', 'a57f7b5b-fc96-4dd9-944e-41dd9faa8977');
INSERT INTO `COMPOSITE_ROLE` (`COMPOSITE`, `CHILD_ROLE`) VALUES('0ef7f6f2-84bb-481c-82b9-82caa21989b1', 'ad8bc753-173b-4d95-9494-46d230b1efba');
INSERT INTO `COMPOSITE_ROLE` (`COMPOSITE`, `CHILD_ROLE`) VALUES('13c62d8c-38cf-4b99-89d1-c543f1a7a9b6', '88d523b7-aa6b-401b-8ca7-b15a8cf6644f');
INSERT INTO `COMPOSITE_ROLE` (`COMPOSITE`, `CHILD_ROLE`) VALUES('1f687f74-3eb4-4e70-90ed-73bdd3b1eff2', 'f53e189e-9d46-4f4b-89dd-043ca1dca680');
INSERT INTO `COMPOSITE_ROLE` (`COMPOSITE`, `CHILD_ROLE`) VALUES('3e8b7e8d-d494-447c-95f4-fa45bda1b2ce', '292a6155-a883-48c4-b94a-c61da45603d4');
INSERT INTO `COMPOSITE_ROLE` (`COMPOSITE`, `CHILD_ROLE`) VALUES('3e8b7e8d-d494-447c-95f4-fa45bda1b2ce', '57052c89-2487-4372-b671-11ca2c8134f4');
INSERT INTO `COMPOSITE_ROLE` (`COMPOSITE`, `CHILD_ROLE`) VALUES('3e8b7e8d-d494-447c-95f4-fa45bda1b2ce', '924c513a-b36f-4fca-afbe-046d5cc3fc58');
INSERT INTO `COMPOSITE_ROLE` (`COMPOSITE`, `CHILD_ROLE`) VALUES('3e8b7e8d-d494-447c-95f4-fa45bda1b2ce', 'a8d6d250-7580-4aa7-aa9d-75f36e9995ee');
INSERT INTO `COMPOSITE_ROLE` (`COMPOSITE`, `CHILD_ROLE`) VALUES('49917ac9-4d0a-4587-94ef-db7ca7a71faa', 'bac7307e-86c8-4404-ad8d-11f6cd5a82d7');
INSERT INTO `COMPOSITE_ROLE` (`COMPOSITE`, `CHILD_ROLE`) VALUES('64a902c3-80fd-40b4-93e4-10cbd0c30018', '02c7c226-9cd8-49fc-812a-7a0b044795f8');
INSERT INTO `COMPOSITE_ROLE` (`COMPOSITE`, `CHILD_ROLE`) VALUES('64a902c3-80fd-40b4-93e4-10cbd0c30018', '33561a06-c69d-45d6-ba86-a169678ed6fa');
INSERT INTO `COMPOSITE_ROLE` (`COMPOSITE`, `CHILD_ROLE`) VALUES('64a902c3-80fd-40b4-93e4-10cbd0c30018', '40312c48-5b54-4c57-a984-f7f14c123d1e');
INSERT INTO `COMPOSITE_ROLE` (`COMPOSITE`, `CHILD_ROLE`) VALUES('64a902c3-80fd-40b4-93e4-10cbd0c30018', '42167924-a821-4c2f-a371-2d5ed9d0c9a8');
INSERT INTO `COMPOSITE_ROLE` (`COMPOSITE`, `CHILD_ROLE`) VALUES('64a902c3-80fd-40b4-93e4-10cbd0c30018', '4da44745-a951-441b-b0f1-ab974269b843');
INSERT INTO `COMPOSITE_ROLE` (`COMPOSITE`, `CHILD_ROLE`) VALUES('64a902c3-80fd-40b4-93e4-10cbd0c30018', '6398ad03-f9ee-4c34-bdf8-8ee18203bae8');
INSERT INTO `COMPOSITE_ROLE` (`COMPOSITE`, `CHILD_ROLE`) VALUES('64a902c3-80fd-40b4-93e4-10cbd0c30018', '654de6ec-72af-41a0-a71e-e4bdbc283499');
INSERT INTO `COMPOSITE_ROLE` (`COMPOSITE`, `CHILD_ROLE`) VALUES('64a902c3-80fd-40b4-93e4-10cbd0c30018', '6a784450-33b9-4531-a275-0cfb7bd2162b');
INSERT INTO `COMPOSITE_ROLE` (`COMPOSITE`, `CHILD_ROLE`) VALUES('64a902c3-80fd-40b4-93e4-10cbd0c30018', '96435275-c8d7-437b-8de5-d427e16caf66');
INSERT INTO `COMPOSITE_ROLE` (`COMPOSITE`, `CHILD_ROLE`) VALUES('64a902c3-80fd-40b4-93e4-10cbd0c30018', '96e3f10b-9246-4fb8-be68-e5b5fa3d04a5');
INSERT INTO `COMPOSITE_ROLE` (`COMPOSITE`, `CHILD_ROLE`) VALUES('64a902c3-80fd-40b4-93e4-10cbd0c30018', 'a54ce73b-d237-4d47-8554-a614ef350c79');
INSERT INTO `COMPOSITE_ROLE` (`COMPOSITE`, `CHILD_ROLE`) VALUES('64a902c3-80fd-40b4-93e4-10cbd0c30018', 'a7521199-1fba-471d-a3fc-643bbdf08b33');
INSERT INTO `COMPOSITE_ROLE` (`COMPOSITE`, `CHILD_ROLE`) VALUES('64a902c3-80fd-40b4-93e4-10cbd0c30018', 'a82c0cd0-af23-40b3-ba7e-f186719c0766');
INSERT INTO `COMPOSITE_ROLE` (`COMPOSITE`, `CHILD_ROLE`) VALUES('64a902c3-80fd-40b4-93e4-10cbd0c30018', 'ae2ef883-7903-4069-9533-0c51feb86efc');
INSERT INTO `COMPOSITE_ROLE` (`COMPOSITE`, `CHILD_ROLE`) VALUES('64a902c3-80fd-40b4-93e4-10cbd0c30018', 'bbb8976f-ceb4-4c18-9b8e-67a65e37dfd0');
INSERT INTO `COMPOSITE_ROLE` (`COMPOSITE`, `CHILD_ROLE`) VALUES('64a902c3-80fd-40b4-93e4-10cbd0c30018', 'c8a109e3-f854-4775-a7cb-5710759ce771');
INSERT INTO `COMPOSITE_ROLE` (`COMPOSITE`, `CHILD_ROLE`) VALUES('64a902c3-80fd-40b4-93e4-10cbd0c30018', 'c9c19ecc-26d5-466f-a46c-dcbb2ff04ec0');
INSERT INTO `COMPOSITE_ROLE` (`COMPOSITE`, `CHILD_ROLE`) VALUES('64a902c3-80fd-40b4-93e4-10cbd0c30018', 'edbaba0e-270a-429e-8fe4-00a63d3dbd4f');
INSERT INTO `COMPOSITE_ROLE` (`COMPOSITE`, `CHILD_ROLE`) VALUES('6a784450-33b9-4531-a275-0cfb7bd2162b', '96e3f10b-9246-4fb8-be68-e5b5fa3d04a5');
INSERT INTO `COMPOSITE_ROLE` (`COMPOSITE`, `CHILD_ROLE`) VALUES('6a784450-33b9-4531-a275-0cfb7bd2162b', 'ae2ef883-7903-4069-9533-0c51feb86efc');
INSERT INTO `COMPOSITE_ROLE` (`COMPOSITE`, `CHILD_ROLE`) VALUES('86ee486d-ae61-40a8-86cd-3d4f938bf0da', '00466978-6fa5-40b7-ad56-42b0d3223195');
INSERT INTO `COMPOSITE_ROLE` (`COMPOSITE`, `CHILD_ROLE`) VALUES('86ee486d-ae61-40a8-86cd-3d4f938bf0da', '073089fe-3ddf-4c5a-883c-87a0114902a7');
INSERT INTO `COMPOSITE_ROLE` (`COMPOSITE`, `CHILD_ROLE`) VALUES('86ee486d-ae61-40a8-86cd-3d4f938bf0da', '0ef7f6f2-84bb-481c-82b9-82caa21989b1');
INSERT INTO `COMPOSITE_ROLE` (`COMPOSITE`, `CHILD_ROLE`) VALUES('86ee486d-ae61-40a8-86cd-3d4f938bf0da', '13c62d8c-38cf-4b99-89d1-c543f1a7a9b6');
INSERT INTO `COMPOSITE_ROLE` (`COMPOSITE`, `CHILD_ROLE`) VALUES('86ee486d-ae61-40a8-86cd-3d4f938bf0da', '14148fbc-3f46-4a51-9449-8dba52b91656');
INSERT INTO `COMPOSITE_ROLE` (`COMPOSITE`, `CHILD_ROLE`) VALUES('86ee486d-ae61-40a8-86cd-3d4f938bf0da', '1588d8b0-7d46-4057-9c90-798ca5505d1e');
INSERT INTO `COMPOSITE_ROLE` (`COMPOSITE`, `CHILD_ROLE`) VALUES('86ee486d-ae61-40a8-86cd-3d4f938bf0da', '1fa6bf1a-3f0c-4776-b2b2-96b8761d9b7c');
INSERT INTO `COMPOSITE_ROLE` (`COMPOSITE`, `CHILD_ROLE`) VALUES('86ee486d-ae61-40a8-86cd-3d4f938bf0da', '202c0ed1-3410-404b-8d85-464a4e58f318');
INSERT INTO `COMPOSITE_ROLE` (`COMPOSITE`, `CHILD_ROLE`) VALUES('86ee486d-ae61-40a8-86cd-3d4f938bf0da', '2b44c1b1-89ea-4a09-8bb7-0442fd29a1e7');
INSERT INTO `COMPOSITE_ROLE` (`COMPOSITE`, `CHILD_ROLE`) VALUES('86ee486d-ae61-40a8-86cd-3d4f938bf0da', '37aa88b9-0cc1-49ec-8074-974a1908e121');
INSERT INTO `COMPOSITE_ROLE` (`COMPOSITE`, `CHILD_ROLE`) VALUES('86ee486d-ae61-40a8-86cd-3d4f938bf0da', '38c21901-1f75-4d70-a843-f56768881403');
INSERT INTO `COMPOSITE_ROLE` (`COMPOSITE`, `CHILD_ROLE`) VALUES('86ee486d-ae61-40a8-86cd-3d4f938bf0da', '45b2b5ec-d70b-4ba7-9e72-6f4f45fd0563');
INSERT INTO `COMPOSITE_ROLE` (`COMPOSITE`, `CHILD_ROLE`) VALUES('86ee486d-ae61-40a8-86cd-3d4f938bf0da', '4cae2d61-8efd-4e89-bc10-5e38c29560bf');
INSERT INTO `COMPOSITE_ROLE` (`COMPOSITE`, `CHILD_ROLE`) VALUES('86ee486d-ae61-40a8-86cd-3d4f938bf0da', '5df8aa44-2858-42f9-9e59-cd9f3e91001f');
INSERT INTO `COMPOSITE_ROLE` (`COMPOSITE`, `CHILD_ROLE`) VALUES('86ee486d-ae61-40a8-86cd-3d4f938bf0da', '6a7aeb46-0e80-489a-9d7c-754bdaeaf4d8');
INSERT INTO `COMPOSITE_ROLE` (`COMPOSITE`, `CHILD_ROLE`) VALUES('86ee486d-ae61-40a8-86cd-3d4f938bf0da', '746cc3bd-55e2-49b7-8523-bc23404d597b');
INSERT INTO `COMPOSITE_ROLE` (`COMPOSITE`, `CHILD_ROLE`) VALUES('86ee486d-ae61-40a8-86cd-3d4f938bf0da', '79d338e4-3551-4025-842f-5de74d1a389c');
INSERT INTO `COMPOSITE_ROLE` (`COMPOSITE`, `CHILD_ROLE`) VALUES('86ee486d-ae61-40a8-86cd-3d4f938bf0da', '7f0df21a-ce43-4959-a27b-4ef922da2930');
INSERT INTO `COMPOSITE_ROLE` (`COMPOSITE`, `CHILD_ROLE`) VALUES('86ee486d-ae61-40a8-86cd-3d4f938bf0da', '81243b25-4fa8-4b11-8003-d58bbc1f05d9');
INSERT INTO `COMPOSITE_ROLE` (`COMPOSITE`, `CHILD_ROLE`) VALUES('86ee486d-ae61-40a8-86cd-3d4f938bf0da', '88d523b7-aa6b-401b-8ca7-b15a8cf6644f');
INSERT INTO `COMPOSITE_ROLE` (`COMPOSITE`, `CHILD_ROLE`) VALUES('86ee486d-ae61-40a8-86cd-3d4f938bf0da', '8b2129f4-2e0f-47c3-95fb-f23b83fd1649');
INSERT INTO `COMPOSITE_ROLE` (`COMPOSITE`, `CHILD_ROLE`) VALUES('86ee486d-ae61-40a8-86cd-3d4f938bf0da', '9705f122-b589-4028-9b9e-cc251527e73d');
INSERT INTO `COMPOSITE_ROLE` (`COMPOSITE`, `CHILD_ROLE`) VALUES('86ee486d-ae61-40a8-86cd-3d4f938bf0da', '99f90cef-a76a-4280-b319-684bbc1f78d7');
INSERT INTO `COMPOSITE_ROLE` (`COMPOSITE`, `CHILD_ROLE`) VALUES('86ee486d-ae61-40a8-86cd-3d4f938bf0da', 'a4b61ca9-fcea-430f-961c-a2b1de86b623');
INSERT INTO `COMPOSITE_ROLE` (`COMPOSITE`, `CHILD_ROLE`) VALUES('86ee486d-ae61-40a8-86cd-3d4f938bf0da', 'a57f7b5b-fc96-4dd9-944e-41dd9faa8977');
INSERT INTO `COMPOSITE_ROLE` (`COMPOSITE`, `CHILD_ROLE`) VALUES('86ee486d-ae61-40a8-86cd-3d4f938bf0da', 'a9b04005-4324-47c7-a83f-b0ce5853c5e0');
INSERT INTO `COMPOSITE_ROLE` (`COMPOSITE`, `CHILD_ROLE`) VALUES('86ee486d-ae61-40a8-86cd-3d4f938bf0da', 'ab03dd87-34e5-4ed4-b0a1-c5754496d3f7');
INSERT INTO `COMPOSITE_ROLE` (`COMPOSITE`, `CHILD_ROLE`) VALUES('86ee486d-ae61-40a8-86cd-3d4f938bf0da', 'ad8bc753-173b-4d95-9494-46d230b1efba');
INSERT INTO `COMPOSITE_ROLE` (`COMPOSITE`, `CHILD_ROLE`) VALUES('86ee486d-ae61-40a8-86cd-3d4f938bf0da', 'b5e4cf54-17a1-47ab-ac2c-1b0a02f2feef');
INSERT INTO `COMPOSITE_ROLE` (`COMPOSITE`, `CHILD_ROLE`) VALUES('86ee486d-ae61-40a8-86cd-3d4f938bf0da', 'b8e091d4-eec5-42e5-be84-bc2e97b1a977');
INSERT INTO `COMPOSITE_ROLE` (`COMPOSITE`, `CHILD_ROLE`) VALUES('86ee486d-ae61-40a8-86cd-3d4f938bf0da', 'bec0a6af-fb23-4991-bf69-1b9d7eaddb0f');
INSERT INTO `COMPOSITE_ROLE` (`COMPOSITE`, `CHILD_ROLE`) VALUES('86ee486d-ae61-40a8-86cd-3d4f938bf0da', 'd349ca00-e086-4070-9c9a-b4eca54c2a72');
INSERT INTO `COMPOSITE_ROLE` (`COMPOSITE`, `CHILD_ROLE`) VALUES('86ee486d-ae61-40a8-86cd-3d4f938bf0da', 'd8c1e151-f5e4-4ec1-9d1f-2218d17f4a0a');
INSERT INTO `COMPOSITE_ROLE` (`COMPOSITE`, `CHILD_ROLE`) VALUES('86ee486d-ae61-40a8-86cd-3d4f938bf0da', 'dcfa0df2-051d-45b7-a63b-6c0fc86995fd');
INSERT INTO `COMPOSITE_ROLE` (`COMPOSITE`, `CHILD_ROLE`) VALUES('86ee486d-ae61-40a8-86cd-3d4f938bf0da', 'e3aa1c6c-ce5d-4a12-9da2-4eb5f87ebe5f');
INSERT INTO `COMPOSITE_ROLE` (`COMPOSITE`, `CHILD_ROLE`) VALUES('86ee486d-ae61-40a8-86cd-3d4f938bf0da', 'ec3165d6-9c2b-48a5-9ccf-e438f6e9843b');
INSERT INTO `COMPOSITE_ROLE` (`COMPOSITE`, `CHILD_ROLE`) VALUES('86ee486d-ae61-40a8-86cd-3d4f938bf0da', 'f4252f1b-43c9-4344-9d4c-1249f30e550d');
INSERT INTO `COMPOSITE_ROLE` (`COMPOSITE`, `CHILD_ROLE`) VALUES('a8d6d250-7580-4aa7-aa9d-75f36e9995ee', 'ed1fedc7-ba4a-425a-a9d2-35a4751d8cc9');
INSERT INTO `COMPOSITE_ROLE` (`COMPOSITE`, `CHILD_ROLE`) VALUES('aeeac8b8-c7e2-487f-8b0e-b09105a7e9bf', '09627cf9-0fa8-4da7-ad04-2ca6de4b3cec');
INSERT INTO `COMPOSITE_ROLE` (`COMPOSITE`, `CHILD_ROLE`) VALUES('aeeac8b8-c7e2-487f-8b0e-b09105a7e9bf', '296d01cd-d896-4a84-be45-ad086f62c78a');
INSERT INTO `COMPOSITE_ROLE` (`COMPOSITE`, `CHILD_ROLE`) VALUES('aeeac8b8-c7e2-487f-8b0e-b09105a7e9bf', '67c1acce-5a41-487b-acb3-bb3d35d90a5f');
INSERT INTO `COMPOSITE_ROLE` (`COMPOSITE`, `CHILD_ROLE`) VALUES('aeeac8b8-c7e2-487f-8b0e-b09105a7e9bf', 'da2cf578-0bc0-4025-8357-2daf3188c4e0');
INSERT INTO `COMPOSITE_ROLE` (`COMPOSITE`, `CHILD_ROLE`) VALUES('b5e4cf54-17a1-47ab-ac2c-1b0a02f2feef', '202c0ed1-3410-404b-8d85-464a4e58f318');
INSERT INTO `COMPOSITE_ROLE` (`COMPOSITE`, `CHILD_ROLE`) VALUES('b5e4cf54-17a1-47ab-ac2c-1b0a02f2feef', '746cc3bd-55e2-49b7-8523-bc23404d597b');
INSERT INTO `COMPOSITE_ROLE` (`COMPOSITE`, `CHILD_ROLE`) VALUES('da2cf578-0bc0-4025-8357-2daf3188c4e0', '191cea37-6dc4-4a2b-b5f5-0c4569782eb2');
INSERT INTO `COMPOSITE_ROLE` (`COMPOSITE`, `CHILD_ROLE`) VALUES('edbaba0e-270a-429e-8fe4-00a63d3dbd4f', '33561a06-c69d-45d6-ba86-a169678ed6fa');

DROP TABLE IF EXISTS `CREDENTIAL`;
CREATE TABLE `CREDENTIAL` (
  `ID` varchar(36) NOT NULL,
  `SALT` tinyblob DEFAULT NULL,
  `TYPE` varchar(255) DEFAULT NULL,
  `USER_ID` varchar(36) DEFAULT NULL,
  `CREATED_DATE` bigint(20) DEFAULT NULL,
  `USER_LABEL` varchar(255) DEFAULT NULL,
  `SECRET_DATA` longtext DEFAULT NULL,
  `CREDENTIAL_DATA` longtext DEFAULT NULL,
  `PRIORITY` int(11) DEFAULT NULL
) ENGINE=InnoDB DEFAULT CHARSET=utf8mb4 COLLATE=utf8mb4_general_ci;

INSERT INTO `CREDENTIAL` (`ID`, `SALT`, `TYPE`, `USER_ID`, `CREATED_DATE`, `USER_LABEL`, `SECRET_DATA`, `CREDENTIAL_DATA`, `PRIORITY`) VALUES('14e06494-6b88-4731-b266-9c6fbb076197', NULL, 'password', '35d4a48c-3f69-4b64-822f-ccc2d86e9d9e', 1678038793203, NULL, '{\"value\":\"qHojYbubQALCqrTcLdztavcvZT593n7E2weirO8dQYo=\",\"salt\":\"1M6t3GQKeAy6EXLhJt3D1Q==\",\"additionalParameters\":{}}', '{\"hashIterations\":27500,\"algorithm\":\"pbkdf2-sha256\",\"additionalParameters\":{}}', 10);
INSERT INTO `CREDENTIAL` (`ID`, `SALT`, `TYPE`, `USER_ID`, `CREATED_DATE`, `USER_LABEL`, `SECRET_DATA`, `CREDENTIAL_DATA`, `PRIORITY`) VALUES('c6f54d76-46c7-4bcc-b01d-315e43c6fd7b', NULL, 'password', '438336e2-6965-4900-8c84-9aadfe655dd3', 1678047000046, 'My password', '{\"value\":\"520XN6P+51oELm8UqQW5xGaycBEV7X3RKXa6PIc7+m0=\",\"salt\":\"P3Y3Ny2zu105mtNlbF/snw==\",\"additionalParameters\":{}}', '{\"hashIterations\":27500,\"algorithm\":\"pbkdf2-sha256\",\"additionalParameters\":{}}', 10);
INSERT INTO `CREDENTIAL` (`ID`, `SALT`, `TYPE`, `USER_ID`, `CREATED_DATE`, `USER_LABEL`, `SECRET_DATA`, `CREDENTIAL_DATA`, `PRIORITY`) VALUES('f55e7702-e00c-43b1-95de-fb011f4f41b6', NULL, 'password', 'f1faaef8-f755-4024-ac61-5292932e0353', 1678046935144, 'My password', '{\"value\":\"OoOsJFH8OpcDQEKrTTnTfaFsXJ78EyKVbGbgzz0gPCo=\",\"salt\":\"/r6VoO/EaDjAMDaMXE/SXg==\",\"additionalParameters\":{}}', '{\"hashIterations\":27500,\"algorithm\":\"pbkdf2-sha256\",\"additionalParameters\":{}}', 10);

DROP TABLE IF EXISTS `DATABASECHANGELOG`;
CREATE TABLE `DATABASECHANGELOG` (
  `ID` varchar(255) NOT NULL,
  `AUTHOR` varchar(255) NOT NULL,
  `FILENAME` varchar(255) NOT NULL,
  `DATEEXECUTED` datetime NOT NULL,
  `ORDEREXECUTED` int(11) NOT NULL,
  `EXECTYPE` varchar(10) NOT NULL,
  `MD5SUM` varchar(35) DEFAULT NULL,
  `DESCRIPTION` varchar(255) DEFAULT NULL,
  `COMMENTS` varchar(255) DEFAULT NULL,
  `TAG` varchar(255) DEFAULT NULL,
  `LIQUIBASE` varchar(20) DEFAULT NULL,
  `CONTEXTS` varchar(255) DEFAULT NULL,
  `LABELS` varchar(255) DEFAULT NULL,
  `DEPLOYMENT_ID` varchar(10) DEFAULT NULL
) ENGINE=InnoDB DEFAULT CHARSET=utf8mb4 COLLATE=utf8mb4_general_ci;

INSERT INTO `DATABASECHANGELOG` (`ID`, `AUTHOR`, `FILENAME`, `DATEEXECUTED`, `ORDEREXECUTED`, `EXECTYPE`, `MD5SUM`, `DESCRIPTION`, `COMMENTS`, `TAG`, `LIQUIBASE`, `CONTEXTS`, `LABELS`, `DEPLOYMENT_ID`) VALUES('1.0.0.Final-KEYCLOAK-5461', 'sthorger@redhat.com', 'META-INF/jpa-changelog-1.0.0.Final.xml', '2023-03-05 17:53:02', 1, 'EXECUTED', '8:bda77d94bf90182a1e30c24f1c155ec7', 'createTable tableName=APPLICATION_DEFAULT_ROLES; createTable tableName=CLIENT; createTable tableName=CLIENT_SESSION; createTable tableName=CLIENT_SESSION_ROLE; createTable tableName=COMPOSITE_ROLE; createTable tableName=CREDENTIAL; createTable tab...', '', NULL, '4.16.1', NULL, NULL, '8038781086');
INSERT INTO `DATABASECHANGELOG` (`ID`, `AUTHOR`, `FILENAME`, `DATEEXECUTED`, `ORDEREXECUTED`, `EXECTYPE`, `MD5SUM`, `DESCRIPTION`, `COMMENTS`, `TAG`, `LIQUIBASE`, `CONTEXTS`, `LABELS`, `DEPLOYMENT_ID`) VALUES('1.0.0.Final-KEYCLOAK-5461', 'sthorger@redhat.com', 'META-INF/db2-jpa-changelog-1.0.0.Final.xml', '2023-03-05 17:53:02', 2, 'MARK_RAN', '8:1ecb330f30986693d1cba9ab579fa219', 'createTable tableName=APPLICATION_DEFAULT_ROLES; createTable tableName=CLIENT; createTable tableName=CLIENT_SESSION; createTable tableName=CLIENT_SESSION_ROLE; createTable tableName=COMPOSITE_ROLE; createTable tableName=CREDENTIAL; createTable tab...', '', NULL, '4.16.1', NULL, NULL, '8038781086');
INSERT INTO `DATABASECHANGELOG` (`ID`, `AUTHOR`, `FILENAME`, `DATEEXECUTED`, `ORDEREXECUTED`, `EXECTYPE`, `MD5SUM`, `DESCRIPTION`, `COMMENTS`, `TAG`, `LIQUIBASE`, `CONTEXTS`, `LABELS`, `DEPLOYMENT_ID`) VALUES('1.1.0.Beta1', 'sthorger@redhat.com', 'META-INF/jpa-changelog-1.1.0.Beta1.xml', '2023-03-05 17:53:02', 3, 'EXECUTED', '8:cb7ace19bc6d959f305605d255d4c843', 'delete tableName=CLIENT_SESSION_ROLE; delete tableName=CLIENT_SESSION; delete tableName=USER_SESSION; createTable tableName=CLIENT_ATTRIBUTES; createTable tableName=CLIENT_SESSION_NOTE; createTable tableName=APP_NODE_REGISTRATIONS; addColumn table...', '', NULL, '4.16.1', NULL, NULL, '8038781086');
INSERT INTO `DATABASECHANGELOG` (`ID`, `AUTHOR`, `FILENAME`, `DATEEXECUTED`, `ORDEREXECUTED`, `EXECTYPE`, `MD5SUM`, `DESCRIPTION`, `COMMENTS`, `TAG`, `LIQUIBASE`, `CONTEXTS`, `LABELS`, `DEPLOYMENT_ID`) VALUES('1.1.0.Final', 'sthorger@redhat.com', 'META-INF/jpa-changelog-1.1.0.Final.xml', '2023-03-05 17:53:02', 4, 'EXECUTED', '8:80230013e961310e6872e871be424a63', 'renameColumn newColumnName=EVENT_TIME, oldColumnName=TIME, tableName=EVENT_ENTITY', '', NULL, '4.16.1', NULL, NULL, '8038781086');
INSERT INTO `DATABASECHANGELOG` (`ID`, `AUTHOR`, `FILENAME`, `DATEEXECUTED`, `ORDEREXECUTED`, `EXECTYPE`, `MD5SUM`, `DESCRIPTION`, `COMMENTS`, `TAG`, `LIQUIBASE`, `CONTEXTS`, `LABELS`, `DEPLOYMENT_ID`) VALUES('1.2.0.Beta1', 'psilva@redhat.com', 'META-INF/jpa-changelog-1.2.0.Beta1.xml', '2023-03-05 17:53:03', 5, 'EXECUTED', '8:67f4c20929126adc0c8e9bf48279d244', 'delete tableName=CLIENT_SESSION_ROLE; delete tableName=CLIENT_SESSION_NOTE; delete tableName=CLIENT_SESSION; delete tableName=USER_SESSION; createTable tableName=PROTOCOL_MAPPER; createTable tableName=PROTOCOL_MAPPER_CONFIG; createTable tableName=...', '', NULL, '4.16.1', NULL, NULL, '8038781086');
INSERT INTO `DATABASECHANGELOG` (`ID`, `AUTHOR`, `FILENAME`, `DATEEXECUTED`, `ORDEREXECUTED`, `EXECTYPE`, `MD5SUM`, `DESCRIPTION`, `COMMENTS`, `TAG`, `LIQUIBASE`, `CONTEXTS`, `LABELS`, `DEPLOYMENT_ID`) VALUES('1.2.0.Beta1', 'psilva@redhat.com', 'META-INF/db2-jpa-changelog-1.2.0.Beta1.xml', '2023-03-05 17:53:03', 6, 'MARK_RAN', '8:7311018b0b8179ce14628ab412bb6783', 'delete tableName=CLIENT_SESSION_ROLE; delete tableName=CLIENT_SESSION_NOTE; delete tableName=CLIENT_SESSION; delete tableName=USER_SESSION; createTable tableName=PROTOCOL_MAPPER; createTable tableName=PROTOCOL_MAPPER_CONFIG; createTable tableName=...', '', NULL, '4.16.1', NULL, NULL, '8038781086');
INSERT INTO `DATABASECHANGELOG` (`ID`, `AUTHOR`, `FILENAME`, `DATEEXECUTED`, `ORDEREXECUTED`, `EXECTYPE`, `MD5SUM`, `DESCRIPTION`, `COMMENTS`, `TAG`, `LIQUIBASE`, `CONTEXTS`, `LABELS`, `DEPLOYMENT_ID`) VALUES('1.2.0.RC1', 'bburke@redhat.com', 'META-INF/jpa-changelog-1.2.0.CR1.xml', '2023-03-05 17:53:03', 7, 'EXECUTED', '8:037ba1216c3640f8785ee6b8e7c8e3c1', 'delete tableName=CLIENT_SESSION_ROLE; delete tableName=CLIENT_SESSION_NOTE; delete tableName=CLIENT_SESSION; delete tableName=USER_SESSION_NOTE; delete tableName=USER_SESSION; createTable tableName=MIGRATION_MODEL; createTable tableName=IDENTITY_P...', '', NULL, '4.16.1', NULL, NULL, '8038781086');
INSERT INTO `DATABASECHANGELOG` (`ID`, `AUTHOR`, `FILENAME`, `DATEEXECUTED`, `ORDEREXECUTED`, `EXECTYPE`, `MD5SUM`, `DESCRIPTION`, `COMMENTS`, `TAG`, `LIQUIBASE`, `CONTEXTS`, `LABELS`, `DEPLOYMENT_ID`) VALUES('1.2.0.RC1', 'bburke@redhat.com', 'META-INF/db2-jpa-changelog-1.2.0.CR1.xml', '2023-03-05 17:53:03', 8, 'MARK_RAN', '8:7fe6ffe4af4df289b3157de32c624263', 'delete tableName=CLIENT_SESSION_ROLE; delete tableName=CLIENT_SESSION_NOTE; delete tableName=CLIENT_SESSION; delete tableName=USER_SESSION_NOTE; delete tableName=USER_SESSION; createTable tableName=MIGRATION_MODEL; createTable tableName=IDENTITY_P...', '', NULL, '4.16.1', NULL, NULL, '8038781086');
INSERT INTO `DATABASECHANGELOG` (`ID`, `AUTHOR`, `FILENAME`, `DATEEXECUTED`, `ORDEREXECUTED`, `EXECTYPE`, `MD5SUM`, `DESCRIPTION`, `COMMENTS`, `TAG`, `LIQUIBASE`, `CONTEXTS`, `LABELS`, `DEPLOYMENT_ID`) VALUES('1.2.0.Final', 'keycloak', 'META-INF/jpa-changelog-1.2.0.Final.xml', '2023-03-05 17:53:03', 9, 'EXECUTED', '8:9c136bc3187083a98745c7d03bc8a303', 'update tableName=CLIENT; update tableName=CLIENT; update tableName=CLIENT', '', NULL, '4.16.1', NULL, NULL, '8038781086');
INSERT INTO `DATABASECHANGELOG` (`ID`, `AUTHOR`, `FILENAME`, `DATEEXECUTED`, `ORDEREXECUTED`, `EXECTYPE`, `MD5SUM`, `DESCRIPTION`, `COMMENTS`, `TAG`, `LIQUIBASE`, `CONTEXTS`, `LABELS`, `DEPLOYMENT_ID`) VALUES('1.3.0', 'bburke@redhat.com', 'META-INF/jpa-changelog-1.3.0.xml', '2023-03-05 17:53:04', 10, 'EXECUTED', '8:b5f09474dca81fb56a97cf5b6553d331', 'delete tableName=CLIENT_SESSION_ROLE; delete tableName=CLIENT_SESSION_PROT_MAPPER; delete tableName=CLIENT_SESSION_NOTE; delete tableName=CLIENT_SESSION; delete tableName=USER_SESSION_NOTE; delete tableName=USER_SESSION; createTable tableName=ADMI...', '', NULL, '4.16.1', NULL, NULL, '8038781086');
INSERT INTO `DATABASECHANGELOG` (`ID`, `AUTHOR`, `FILENAME`, `DATEEXECUTED`, `ORDEREXECUTED`, `EXECTYPE`, `MD5SUM`, `DESCRIPTION`, `COMMENTS`, `TAG`, `LIQUIBASE`, `CONTEXTS`, `LABELS`, `DEPLOYMENT_ID`) VALUES('1.4.0', 'bburke@redhat.com', 'META-INF/jpa-changelog-1.4.0.xml', '2023-03-05 17:53:04', 11, 'EXECUTED', '8:ca924f31bd2a3b219fdcfe78c82dacf4', 'delete tableName=CLIENT_SESSION_AUTH_STATUS; delete tableName=CLIENT_SESSION_ROLE; delete tableName=CLIENT_SESSION_PROT_MAPPER; delete tableName=CLIENT_SESSION_NOTE; delete tableName=CLIENT_SESSION; delete tableName=USER_SESSION_NOTE; delete table...', '', NULL, '4.16.1', NULL, NULL, '8038781086');
INSERT INTO `DATABASECHANGELOG` (`ID`, `AUTHOR`, `FILENAME`, `DATEEXECUTED`, `ORDEREXECUTED`, `EXECTYPE`, `MD5SUM`, `DESCRIPTION`, `COMMENTS`, `TAG`, `LIQUIBASE`, `CONTEXTS`, `LABELS`, `DEPLOYMENT_ID`) VALUES('1.4.0', 'bburke@redhat.com', 'META-INF/db2-jpa-changelog-1.4.0.xml', '2023-03-05 17:53:04', 12, 'MARK_RAN', '8:8acad7483e106416bcfa6f3b824a16cd', 'delete tableName=CLIENT_SESSION_AUTH_STATUS; delete tableName=CLIENT_SESSION_ROLE; delete tableName=CLIENT_SESSION_PROT_MAPPER; delete tableName=CLIENT_SESSION_NOTE; delete tableName=CLIENT_SESSION; delete tableName=USER_SESSION_NOTE; delete table...', '', NULL, '4.16.1', NULL, NULL, '8038781086');
INSERT INTO `DATABASECHANGELOG` (`ID`, `AUTHOR`, `FILENAME`, `DATEEXECUTED`, `ORDEREXECUTED`, `EXECTYPE`, `MD5SUM`, `DESCRIPTION`, `COMMENTS`, `TAG`, `LIQUIBASE`, `CONTEXTS`, `LABELS`, `DEPLOYMENT_ID`) VALUES('1.5.0', 'bburke@redhat.com', 'META-INF/jpa-changelog-1.5.0.xml', '2023-03-05 17:53:04', 13, 'EXECUTED', '8:9b1266d17f4f87c78226f5055408fd5e', 'delete tableName=CLIENT_SESSION_AUTH_STATUS; delete tableName=CLIENT_SESSION_ROLE; delete tableName=CLIENT_SESSION_PROT_MAPPER; delete tableName=CLIENT_SESSION_NOTE; delete tableName=CLIENT_SESSION; delete tableName=USER_SESSION_NOTE; delete table...', '', NULL, '4.16.1', NULL, NULL, '8038781086');
INSERT INTO `DATABASECHANGELOG` (`ID`, `AUTHOR`, `FILENAME`, `DATEEXECUTED`, `ORDEREXECUTED`, `EXECTYPE`, `MD5SUM`, `DESCRIPTION`, `COMMENTS`, `TAG`, `LIQUIBASE`, `CONTEXTS`, `LABELS`, `DEPLOYMENT_ID`) VALUES('1.6.1_from15', 'mposolda@redhat.com', 'META-INF/jpa-changelog-1.6.1.xml', '2023-03-05 17:53:04', 14, 'EXECUTED', '8:d80ec4ab6dbfe573550ff72396c7e910', 'addColumn tableName=REALM; addColumn tableName=KEYCLOAK_ROLE; addColumn tableName=CLIENT; createTable tableName=OFFLINE_USER_SESSION; createTable tableName=OFFLINE_CLIENT_SESSION; addPrimaryKey constraintName=CONSTRAINT_OFFL_US_SES_PK2, tableName=...', '', NULL, '4.16.1', NULL, NULL, '8038781086');
INSERT INTO `DATABASECHANGELOG` (`ID`, `AUTHOR`, `FILENAME`, `DATEEXECUTED`, `ORDEREXECUTED`, `EXECTYPE`, `MD5SUM`, `DESCRIPTION`, `COMMENTS`, `TAG`, `LIQUIBASE`, `CONTEXTS`, `LABELS`, `DEPLOYMENT_ID`) VALUES('1.6.1_from16-pre', 'mposolda@redhat.com', 'META-INF/jpa-changelog-1.6.1.xml', '2023-03-05 17:53:04', 15, 'MARK_RAN', '8:d86eb172171e7c20b9c849b584d147b2', 'delete tableName=OFFLINE_CLIENT_SESSION; delete tableName=OFFLINE_USER_SESSION', '', NULL, '4.16.1', NULL, NULL, '8038781086');
INSERT INTO `DATABASECHANGELOG` (`ID`, `AUTHOR`, `FILENAME`, `DATEEXECUTED`, `ORDEREXECUTED`, `EXECTYPE`, `MD5SUM`, `DESCRIPTION`, `COMMENTS`, `TAG`, `LIQUIBASE`, `CONTEXTS`, `LABELS`, `DEPLOYMENT_ID`) VALUES('1.6.1_from16', 'mposolda@redhat.com', 'META-INF/jpa-changelog-1.6.1.xml', '2023-03-05 17:53:04', 16, 'MARK_RAN', '8:5735f46f0fa60689deb0ecdc2a0dea22', 'dropPrimaryKey constraintName=CONSTRAINT_OFFLINE_US_SES_PK, tableName=OFFLINE_USER_SESSION; dropPrimaryKey constraintName=CONSTRAINT_OFFLINE_CL_SES_PK, tableName=OFFLINE_CLIENT_SESSION; addColumn tableName=OFFLINE_USER_SESSION; update tableName=OF...', '', NULL, '4.16.1', NULL, NULL, '8038781086');
INSERT INTO `DATABASECHANGELOG` (`ID`, `AUTHOR`, `FILENAME`, `DATEEXECUTED`, `ORDEREXECUTED`, `EXECTYPE`, `MD5SUM`, `DESCRIPTION`, `COMMENTS`, `TAG`, `LIQUIBASE`, `CONTEXTS`, `LABELS`, `DEPLOYMENT_ID`) VALUES('1.6.1', 'mposolda@redhat.com', 'META-INF/jpa-changelog-1.6.1.xml', '2023-03-05 17:53:04', 17, 'EXECUTED', '8:d41d8cd98f00b204e9800998ecf8427e', 'empty', '', NULL, '4.16.1', NULL, NULL, '8038781086');
INSERT INTO `DATABASECHANGELOG` (`ID`, `AUTHOR`, `FILENAME`, `DATEEXECUTED`, `ORDEREXECUTED`, `EXECTYPE`, `MD5SUM`, `DESCRIPTION`, `COMMENTS`, `TAG`, `LIQUIBASE`, `CONTEXTS`, `LABELS`, `DEPLOYMENT_ID`) VALUES('1.7.0', 'bburke@redhat.com', 'META-INF/jpa-changelog-1.7.0.xml', '2023-03-05 17:53:04', 18, 'EXECUTED', '8:5c1a8fd2014ac7fc43b90a700f117b23', 'createTable tableName=KEYCLOAK_GROUP; createTable tableName=GROUP_ROLE_MAPPING; createTable tableName=GROUP_ATTRIBUTE; createTable tableName=USER_GROUP_MEMBERSHIP; createTable tableName=REALM_DEFAULT_GROUPS; addColumn tableName=IDENTITY_PROVIDER; ...', '', NULL, '4.16.1', NULL, NULL, '8038781086');
INSERT INTO `DATABASECHANGELOG` (`ID`, `AUTHOR`, `FILENAME`, `DATEEXECUTED`, `ORDEREXECUTED`, `EXECTYPE`, `MD5SUM`, `DESCRIPTION`, `COMMENTS`, `TAG`, `LIQUIBASE`, `CONTEXTS`, `LABELS`, `DEPLOYMENT_ID`) VALUES('1.8.0', 'mposolda@redhat.com', 'META-INF/jpa-changelog-1.8.0.xml', '2023-03-05 17:53:04', 19, 'EXECUTED', '8:1f6c2c2dfc362aff4ed75b3f0ef6b331', 'addColumn tableName=IDENTITY_PROVIDER; createTable tableName=CLIENT_TEMPLATE; createTable tableName=CLIENT_TEMPLATE_ATTRIBUTES; createTable tableName=TEMPLATE_SCOPE_MAPPING; dropNotNullConstraint columnName=CLIENT_ID, tableName=PROTOCOL_MAPPER; ad...', '', NULL, '4.16.1', NULL, NULL, '8038781086');
INSERT INTO `DATABASECHANGELOG` (`ID`, `AUTHOR`, `FILENAME`, `DATEEXECUTED`, `ORDEREXECUTED`, `EXECTYPE`, `MD5SUM`, `DESCRIPTION`, `COMMENTS`, `TAG`, `LIQUIBASE`, `CONTEXTS`, `LABELS`, `DEPLOYMENT_ID`) VALUES('1.8.0-2', 'keycloak', 'META-INF/jpa-changelog-1.8.0.xml', '2023-03-05 17:53:04', 20, 'EXECUTED', '8:dee9246280915712591f83a127665107', 'dropDefaultValue columnName=ALGORITHM, tableName=CREDENTIAL; update tableName=CREDENTIAL', '', NULL, '4.16.1', NULL, NULL, '8038781086');
INSERT INTO `DATABASECHANGELOG` (`ID`, `AUTHOR`, `FILENAME`, `DATEEXECUTED`, `ORDEREXECUTED`, `EXECTYPE`, `MD5SUM`, `DESCRIPTION`, `COMMENTS`, `TAG`, `LIQUIBASE`, `CONTEXTS`, `LABELS`, `DEPLOYMENT_ID`) VALUES('1.8.0', 'mposolda@redhat.com', 'META-INF/db2-jpa-changelog-1.8.0.xml', '2023-03-05 17:53:04', 21, 'MARK_RAN', '8:9eb2ee1fa8ad1c5e426421a6f8fdfa6a', 'addColumn tableName=IDENTITY_PROVIDER; createTable tableName=CLIENT_TEMPLATE; createTable tableName=CLIENT_TEMPLATE_ATTRIBUTES; createTable tableName=TEMPLATE_SCOPE_MAPPING; dropNotNullConstraint columnName=CLIENT_ID, tableName=PROTOCOL_MAPPER; ad...', '', NULL, '4.16.1', NULL, NULL, '8038781086');
INSERT INTO `DATABASECHANGELOG` (`ID`, `AUTHOR`, `FILENAME`, `DATEEXECUTED`, `ORDEREXECUTED`, `EXECTYPE`, `MD5SUM`, `DESCRIPTION`, `COMMENTS`, `TAG`, `LIQUIBASE`, `CONTEXTS`, `LABELS`, `DEPLOYMENT_ID`) VALUES('1.8.0-2', 'keycloak', 'META-INF/db2-jpa-changelog-1.8.0.xml', '2023-03-05 17:53:04', 22, 'MARK_RAN', '8:dee9246280915712591f83a127665107', 'dropDefaultValue columnName=ALGORITHM, tableName=CREDENTIAL; update tableName=CREDENTIAL', '', NULL, '4.16.1', NULL, NULL, '8038781086');
INSERT INTO `DATABASECHANGELOG` (`ID`, `AUTHOR`, `FILENAME`, `DATEEXECUTED`, `ORDEREXECUTED`, `EXECTYPE`, `MD5SUM`, `DESCRIPTION`, `COMMENTS`, `TAG`, `LIQUIBASE`, `CONTEXTS`, `LABELS`, `DEPLOYMENT_ID`) VALUES('1.9.0', 'mposolda@redhat.com', 'META-INF/jpa-changelog-1.9.0.xml', '2023-03-05 17:53:05', 23, 'EXECUTED', '8:d9fa18ffa355320395b86270680dd4fe', 'update tableName=REALM; update tableName=REALM; update tableName=REALM; update tableName=REALM; update tableName=CREDENTIAL; update tableName=CREDENTIAL; update tableName=CREDENTIAL; update tableName=REALM; update tableName=REALM; customChange; dr...', '', NULL, '4.16.1', NULL, NULL, '8038781086');
INSERT INTO `DATABASECHANGELOG` (`ID`, `AUTHOR`, `FILENAME`, `DATEEXECUTED`, `ORDEREXECUTED`, `EXECTYPE`, `MD5SUM`, `DESCRIPTION`, `COMMENTS`, `TAG`, `LIQUIBASE`, `CONTEXTS`, `LABELS`, `DEPLOYMENT_ID`) VALUES('1.9.1', 'keycloak', 'META-INF/jpa-changelog-1.9.1.xml', '2023-03-05 17:53:05', 24, 'EXECUTED', '8:90cff506fedb06141ffc1c71c4a1214c', 'modifyDataType columnName=PRIVATE_KEY, tableName=REALM; modifyDataType columnName=PUBLIC_KEY, tableName=REALM; modifyDataType columnName=CERTIFICATE, tableName=REALM', '', NULL, '4.16.1', NULL, NULL, '8038781086');
INSERT INTO `DATABASECHANGELOG` (`ID`, `AUTHOR`, `FILENAME`, `DATEEXECUTED`, `ORDEREXECUTED`, `EXECTYPE`, `MD5SUM`, `DESCRIPTION`, `COMMENTS`, `TAG`, `LIQUIBASE`, `CONTEXTS`, `LABELS`, `DEPLOYMENT_ID`) VALUES('1.9.1', 'keycloak', 'META-INF/db2-jpa-changelog-1.9.1.xml', '2023-03-05 17:53:05', 25, 'MARK_RAN', '8:11a788aed4961d6d29c427c063af828c', 'modifyDataType columnName=PRIVATE_KEY, tableName=REALM; modifyDataType columnName=CERTIFICATE, tableName=REALM', '', NULL, '4.16.1', NULL, NULL, '8038781086');
INSERT INTO `DATABASECHANGELOG` (`ID`, `AUTHOR`, `FILENAME`, `DATEEXECUTED`, `ORDEREXECUTED`, `EXECTYPE`, `MD5SUM`, `DESCRIPTION`, `COMMENTS`, `TAG`, `LIQUIBASE`, `CONTEXTS`, `LABELS`, `DEPLOYMENT_ID`) VALUES('1.9.2', 'keycloak', 'META-INF/jpa-changelog-1.9.2.xml', '2023-03-05 17:53:05', 26, 'EXECUTED', '8:a4218e51e1faf380518cce2af5d39b43', 'createIndex indexName=IDX_USER_EMAIL, tableName=USER_ENTITY; createIndex indexName=IDX_USER_ROLE_MAPPING, tableName=USER_ROLE_MAPPING; createIndex indexName=IDX_USER_GROUP_MAPPING, tableName=USER_GROUP_MEMBERSHIP; createIndex indexName=IDX_USER_CO...', '', NULL, '4.16.1', NULL, NULL, '8038781086');
INSERT INTO `DATABASECHANGELOG` (`ID`, `AUTHOR`, `FILENAME`, `DATEEXECUTED`, `ORDEREXECUTED`, `EXECTYPE`, `MD5SUM`, `DESCRIPTION`, `COMMENTS`, `TAG`, `LIQUIBASE`, `CONTEXTS`, `LABELS`, `DEPLOYMENT_ID`) VALUES('authz-2.0.0', 'psilva@redhat.com', 'META-INF/jpa-changelog-authz-2.0.0.xml', '2023-03-05 17:53:05', 27, 'EXECUTED', '8:d9e9a1bfaa644da9952456050f07bbdc', 'createTable tableName=RESOURCE_SERVER; addPrimaryKey constraintName=CONSTRAINT_FARS, tableName=RESOURCE_SERVER; addUniqueConstraint constraintName=UK_AU8TT6T700S9V50BU18WS5HA6, tableName=RESOURCE_SERVER; createTable tableName=RESOURCE_SERVER_RESOU...', '', NULL, '4.16.1', NULL, NULL, '8038781086');
INSERT INTO `DATABASECHANGELOG` (`ID`, `AUTHOR`, `FILENAME`, `DATEEXECUTED`, `ORDEREXECUTED`, `EXECTYPE`, `MD5SUM`, `DESCRIPTION`, `COMMENTS`, `TAG`, `LIQUIBASE`, `CONTEXTS`, `LABELS`, `DEPLOYMENT_ID`) VALUES('authz-2.5.1', 'psilva@redhat.com', 'META-INF/jpa-changelog-authz-2.5.1.xml', '2023-03-05 17:53:05', 28, 'EXECUTED', '8:d1bf991a6163c0acbfe664b615314505', 'update tableName=RESOURCE_SERVER_POLICY', '', NULL, '4.16.1', NULL, NULL, '8038781086');
INSERT INTO `DATABASECHANGELOG` (`ID`, `AUTHOR`, `FILENAME`, `DATEEXECUTED`, `ORDEREXECUTED`, `EXECTYPE`, `MD5SUM`, `DESCRIPTION`, `COMMENTS`, `TAG`, `LIQUIBASE`, `CONTEXTS`, `LABELS`, `DEPLOYMENT_ID`) VALUES('2.1.0-KEYCLOAK-5461', 'bburke@redhat.com', 'META-INF/jpa-changelog-2.1.0.xml', '2023-03-05 17:53:05', 29, 'EXECUTED', '8:88a743a1e87ec5e30bf603da68058a8c', 'createTable tableName=BROKER_LINK; createTable tableName=FED_USER_ATTRIBUTE; createTable tableName=FED_USER_CONSENT; createTable tableName=FED_USER_CONSENT_ROLE; createTable tableName=FED_USER_CONSENT_PROT_MAPPER; createTable tableName=FED_USER_CR...', '', NULL, '4.16.1', NULL, NULL, '8038781086');
INSERT INTO `DATABASECHANGELOG` (`ID`, `AUTHOR`, `FILENAME`, `DATEEXECUTED`, `ORDEREXECUTED`, `EXECTYPE`, `MD5SUM`, `DESCRIPTION`, `COMMENTS`, `TAG`, `LIQUIBASE`, `CONTEXTS`, `LABELS`, `DEPLOYMENT_ID`) VALUES('2.2.0', 'bburke@redhat.com', 'META-INF/jpa-changelog-2.2.0.xml', '2023-03-05 17:53:06', 30, 'EXECUTED', '8:c5517863c875d325dea463d00ec26d7a', 'addColumn tableName=ADMIN_EVENT_ENTITY; createTable tableName=CREDENTIAL_ATTRIBUTE; createTable tableName=FED_CREDENTIAL_ATTRIBUTE; modifyDataType columnName=VALUE, tableName=CREDENTIAL; addForeignKeyConstraint baseTableName=FED_CREDENTIAL_ATTRIBU...', '', NULL, '4.16.1', NULL, NULL, '8038781086');
INSERT INTO `DATABASECHANGELOG` (`ID`, `AUTHOR`, `FILENAME`, `DATEEXECUTED`, `ORDEREXECUTED`, `EXECTYPE`, `MD5SUM`, `DESCRIPTION`, `COMMENTS`, `TAG`, `LIQUIBASE`, `CONTEXTS`, `LABELS`, `DEPLOYMENT_ID`) VALUES('2.3.0', 'bburke@redhat.com', 'META-INF/jpa-changelog-2.3.0.xml', '2023-03-05 17:53:06', 31, 'EXECUTED', '8:ada8b4833b74a498f376d7136bc7d327', 'createTable tableName=FEDERATED_USER; addPrimaryKey constraintName=CONSTR_FEDERATED_USER, tableName=FEDERATED_USER; dropDefaultValue columnName=TOTP, tableName=USER_ENTITY; dropColumn columnName=TOTP, tableName=USER_ENTITY; addColumn tableName=IDE...', '', NULL, '4.16.1', NULL, NULL, '8038781086');
INSERT INTO `DATABASECHANGELOG` (`ID`, `AUTHOR`, `FILENAME`, `DATEEXECUTED`, `ORDEREXECUTED`, `EXECTYPE`, `MD5SUM`, `DESCRIPTION`, `COMMENTS`, `TAG`, `LIQUIBASE`, `CONTEXTS`, `LABELS`, `DEPLOYMENT_ID`) VALUES('2.4.0', 'bburke@redhat.com', 'META-INF/jpa-changelog-2.4.0.xml', '2023-03-05 17:53:06', 32, 'EXECUTED', '8:b9b73c8ea7299457f99fcbb825c263ba', 'customChange', '', NULL, '4.16.1', NULL, NULL, '8038781086');
INSERT INTO `DATABASECHANGELOG` (`ID`, `AUTHOR`, `FILENAME`, `DATEEXECUTED`, `ORDEREXECUTED`, `EXECTYPE`, `MD5SUM`, `DESCRIPTION`, `COMMENTS`, `TAG`, `LIQUIBASE`, `CONTEXTS`, `LABELS`, `DEPLOYMENT_ID`) VALUES('2.5.0', 'bburke@redhat.com', 'META-INF/jpa-changelog-2.5.0.xml', '2023-03-05 17:53:06', 33, 'EXECUTED', '8:07724333e625ccfcfc5adc63d57314f3', 'customChange; modifyDataType columnName=USER_ID, tableName=OFFLINE_USER_SESSION', '', NULL, '4.16.1', NULL, NULL, '8038781086');
INSERT INTO `DATABASECHANGELOG` (`ID`, `AUTHOR`, `FILENAME`, `DATEEXECUTED`, `ORDEREXECUTED`, `EXECTYPE`, `MD5SUM`, `DESCRIPTION`, `COMMENTS`, `TAG`, `LIQUIBASE`, `CONTEXTS`, `LABELS`, `DEPLOYMENT_ID`) VALUES('2.5.0-unicode-oracle', 'hmlnarik@redhat.com', 'META-INF/jpa-changelog-2.5.0.xml', '2023-03-05 17:53:06', 34, 'MARK_RAN', '8:8b6fd445958882efe55deb26fc541a7b', 'modifyDataType columnName=DESCRIPTION, tableName=AUTHENTICATION_FLOW; modifyDataType columnName=DESCRIPTION, tableName=CLIENT_TEMPLATE; modifyDataType columnName=DESCRIPTION, tableName=RESOURCE_SERVER_POLICY; modifyDataType columnName=DESCRIPTION,...', '', NULL, '4.16.1', NULL, NULL, '8038781086');
INSERT INTO `DATABASECHANGELOG` (`ID`, `AUTHOR`, `FILENAME`, `DATEEXECUTED`, `ORDEREXECUTED`, `EXECTYPE`, `MD5SUM`, `DESCRIPTION`, `COMMENTS`, `TAG`, `LIQUIBASE`, `CONTEXTS`, `LABELS`, `DEPLOYMENT_ID`) VALUES('2.5.0-unicode-other-dbs', 'hmlnarik@redhat.com', 'META-INF/jpa-changelog-2.5.0.xml', '2023-03-05 17:53:06', 35, 'EXECUTED', '8:29b29cfebfd12600897680147277a9d7', 'modifyDataType columnName=DESCRIPTION, tableName=AUTHENTICATION_FLOW; modifyDataType columnName=DESCRIPTION, tableName=CLIENT_TEMPLATE; modifyDataType columnName=DESCRIPTION, tableName=RESOURCE_SERVER_POLICY; modifyDataType columnName=DESCRIPTION,...', '', NULL, '4.16.1', NULL, NULL, '8038781086');
INSERT INTO `DATABASECHANGELOG` (`ID`, `AUTHOR`, `FILENAME`, `DATEEXECUTED`, `ORDEREXECUTED`, `EXECTYPE`, `MD5SUM`, `DESCRIPTION`, `COMMENTS`, `TAG`, `LIQUIBASE`, `CONTEXTS`, `LABELS`, `DEPLOYMENT_ID`) VALUES('2.5.0-duplicate-email-support', 'slawomir@dabek.name', 'META-INF/jpa-changelog-2.5.0.xml', '2023-03-05 17:53:06', 36, 'EXECUTED', '8:73ad77ca8fd0410c7f9f15a471fa52bc', 'addColumn tableName=REALM', '', NULL, '4.16.1', NULL, NULL, '8038781086');
INSERT INTO `DATABASECHANGELOG` (`ID`, `AUTHOR`, `FILENAME`, `DATEEXECUTED`, `ORDEREXECUTED`, `EXECTYPE`, `MD5SUM`, `DESCRIPTION`, `COMMENTS`, `TAG`, `LIQUIBASE`, `CONTEXTS`, `LABELS`, `DEPLOYMENT_ID`) VALUES('2.5.0-unique-group-names', 'hmlnarik@redhat.com', 'META-INF/jpa-changelog-2.5.0.xml', '2023-03-05 17:53:06', 37, 'EXECUTED', '8:64f27a6fdcad57f6f9153210f2ec1bdb', 'addUniqueConstraint constraintName=SIBLING_NAMES, tableName=KEYCLOAK_GROUP', '', NULL, '4.16.1', NULL, NULL, '8038781086');
INSERT INTO `DATABASECHANGELOG` (`ID`, `AUTHOR`, `FILENAME`, `DATEEXECUTED`, `ORDEREXECUTED`, `EXECTYPE`, `MD5SUM`, `DESCRIPTION`, `COMMENTS`, `TAG`, `LIQUIBASE`, `CONTEXTS`, `LABELS`, `DEPLOYMENT_ID`) VALUES('2.5.1', 'bburke@redhat.com', 'META-INF/jpa-changelog-2.5.1.xml', '2023-03-05 17:53:06', 38, 'EXECUTED', '8:27180251182e6c31846c2ddab4bc5781', 'addColumn tableName=FED_USER_CONSENT', '', NULL, '4.16.1', NULL, NULL, '8038781086');
INSERT INTO `DATABASECHANGELOG` (`ID`, `AUTHOR`, `FILENAME`, `DATEEXECUTED`, `ORDEREXECUTED`, `EXECTYPE`, `MD5SUM`, `DESCRIPTION`, `COMMENTS`, `TAG`, `LIQUIBASE`, `CONTEXTS`, `LABELS`, `DEPLOYMENT_ID`) VALUES('3.0.0', 'bburke@redhat.com', 'META-INF/jpa-changelog-3.0.0.xml', '2023-03-05 17:53:06', 39, 'EXECUTED', '8:d56f201bfcfa7a1413eb3e9bc02978f9', 'addColumn tableName=IDENTITY_PROVIDER', '', NULL, '4.16.1', NULL, NULL, '8038781086');
INSERT INTO `DATABASECHANGELOG` (`ID`, `AUTHOR`, `FILENAME`, `DATEEXECUTED`, `ORDEREXECUTED`, `EXECTYPE`, `MD5SUM`, `DESCRIPTION`, `COMMENTS`, `TAG`, `LIQUIBASE`, `CONTEXTS`, `LABELS`, `DEPLOYMENT_ID`) VALUES('3.2.0-fix', 'keycloak', 'META-INF/jpa-changelog-3.2.0.xml', '2023-03-05 17:53:06', 40, 'MARK_RAN', '8:91f5522bf6afdc2077dfab57fbd3455c', 'addNotNullConstraint columnName=REALM_ID, tableName=CLIENT_INITIAL_ACCESS', '', NULL, '4.16.1', NULL, NULL, '8038781086');
INSERT INTO `DATABASECHANGELOG` (`ID`, `AUTHOR`, `FILENAME`, `DATEEXECUTED`, `ORDEREXECUTED`, `EXECTYPE`, `MD5SUM`, `DESCRIPTION`, `COMMENTS`, `TAG`, `LIQUIBASE`, `CONTEXTS`, `LABELS`, `DEPLOYMENT_ID`) VALUES('3.2.0-fix-with-keycloak-5416', 'keycloak', 'META-INF/jpa-changelog-3.2.0.xml', '2023-03-05 17:53:06', 41, 'MARK_RAN', '8:0f01b554f256c22caeb7d8aee3a1cdc8', 'dropIndex indexName=IDX_CLIENT_INIT_ACC_REALM, tableName=CLIENT_INITIAL_ACCESS; addNotNullConstraint columnName=REALM_ID, tableName=CLIENT_INITIAL_ACCESS; createIndex indexName=IDX_CLIENT_INIT_ACC_REALM, tableName=CLIENT_INITIAL_ACCESS', '', NULL, '4.16.1', NULL, NULL, '8038781086');
INSERT INTO `DATABASECHANGELOG` (`ID`, `AUTHOR`, `FILENAME`, `DATEEXECUTED`, `ORDEREXECUTED`, `EXECTYPE`, `MD5SUM`, `DESCRIPTION`, `COMMENTS`, `TAG`, `LIQUIBASE`, `CONTEXTS`, `LABELS`, `DEPLOYMENT_ID`) VALUES('3.2.0-fix-offline-sessions', 'hmlnarik', 'META-INF/jpa-changelog-3.2.0.xml', '2023-03-05 17:53:06', 42, 'EXECUTED', '8:ab91cf9cee415867ade0e2df9651a947', 'customChange', '', NULL, '4.16.1', NULL, NULL, '8038781086');
INSERT INTO `DATABASECHANGELOG` (`ID`, `AUTHOR`, `FILENAME`, `DATEEXECUTED`, `ORDEREXECUTED`, `EXECTYPE`, `MD5SUM`, `DESCRIPTION`, `COMMENTS`, `TAG`, `LIQUIBASE`, `CONTEXTS`, `LABELS`, `DEPLOYMENT_ID`) VALUES('3.2.0-fixed', 'keycloak', 'META-INF/jpa-changelog-3.2.0.xml', '2023-03-05 17:53:07', 43, 'EXECUTED', '8:ceac9b1889e97d602caf373eadb0d4b7', 'addColumn tableName=REALM; dropPrimaryKey constraintName=CONSTRAINT_OFFL_CL_SES_PK2, tableName=OFFLINE_CLIENT_SESSION; dropColumn columnName=CLIENT_SESSION_ID, tableName=OFFLINE_CLIENT_SESSION; addPrimaryKey constraintName=CONSTRAINT_OFFL_CL_SES_P...', '', NULL, '4.16.1', NULL, NULL, '8038781086');
INSERT INTO `DATABASECHANGELOG` (`ID`, `AUTHOR`, `FILENAME`, `DATEEXECUTED`, `ORDEREXECUTED`, `EXECTYPE`, `MD5SUM`, `DESCRIPTION`, `COMMENTS`, `TAG`, `LIQUIBASE`, `CONTEXTS`, `LABELS`, `DEPLOYMENT_ID`) VALUES('3.3.0', 'keycloak', 'META-INF/jpa-changelog-3.3.0.xml', '2023-03-05 17:53:07', 44, 'EXECUTED', '8:84b986e628fe8f7fd8fd3c275c5259f2', 'addColumn tableName=USER_ENTITY', '', NULL, '4.16.1', NULL, NULL, '8038781086');
INSERT INTO `DATABASECHANGELOG` (`ID`, `AUTHOR`, `FILENAME`, `DATEEXECUTED`, `ORDEREXECUTED`, `EXECTYPE`, `MD5SUM`, `DESCRIPTION`, `COMMENTS`, `TAG`, `LIQUIBASE`, `CONTEXTS`, `LABELS`, `DEPLOYMENT_ID`) VALUES('authz-3.4.0.CR1-resource-server-pk-change-part1', 'glavoie@gmail.com', 'META-INF/jpa-changelog-authz-3.4.0.CR1.xml', '2023-03-05 17:53:07', 45, 'EXECUTED', '8:a164ae073c56ffdbc98a615493609a52', 'addColumn tableName=RESOURCE_SERVER_POLICY; addColumn tableName=RESOURCE_SERVER_RESOURCE; addColumn tableName=RESOURCE_SERVER_SCOPE', '', NULL, '4.16.1', NULL, NULL, '8038781086');
INSERT INTO `DATABASECHANGELOG` (`ID`, `AUTHOR`, `FILENAME`, `DATEEXECUTED`, `ORDEREXECUTED`, `EXECTYPE`, `MD5SUM`, `DESCRIPTION`, `COMMENTS`, `TAG`, `LIQUIBASE`, `CONTEXTS`, `LABELS`, `DEPLOYMENT_ID`) VALUES('authz-3.4.0.CR1-resource-server-pk-change-part2-KEYCLOAK-6095', 'hmlnarik@redhat.com', 'META-INF/jpa-changelog-authz-3.4.0.CR1.xml', '2023-03-05 17:53:07', 46, 'EXECUTED', '8:70a2b4f1f4bd4dbf487114bdb1810e64', 'customChange', '', NULL, '4.16.1', NULL, NULL, '8038781086');
INSERT INTO `DATABASECHANGELOG` (`ID`, `AUTHOR`, `FILENAME`, `DATEEXECUTED`, `ORDEREXECUTED`, `EXECTYPE`, `MD5SUM`, `DESCRIPTION`, `COMMENTS`, `TAG`, `LIQUIBASE`, `CONTEXTS`, `LABELS`, `DEPLOYMENT_ID`) VALUES('authz-3.4.0.CR1-resource-server-pk-change-part3-fixed', 'glavoie@gmail.com', 'META-INF/jpa-changelog-authz-3.4.0.CR1.xml', '2023-03-05 17:53:07', 47, 'MARK_RAN', '8:7be68b71d2f5b94b8df2e824f2860fa2', 'dropIndex indexName=IDX_RES_SERV_POL_RES_SERV, tableName=RESOURCE_SERVER_POLICY; dropIndex indexName=IDX_RES_SRV_RES_RES_SRV, tableName=RESOURCE_SERVER_RESOURCE; dropIndex indexName=IDX_RES_SRV_SCOPE_RES_SRV, tableName=RESOURCE_SERVER_SCOPE', '', NULL, '4.16.1', NULL, NULL, '8038781086');
INSERT INTO `DATABASECHANGELOG` (`ID`, `AUTHOR`, `FILENAME`, `DATEEXECUTED`, `ORDEREXECUTED`, `EXECTYPE`, `MD5SUM`, `DESCRIPTION`, `COMMENTS`, `TAG`, `LIQUIBASE`, `CONTEXTS`, `LABELS`, `DEPLOYMENT_ID`) VALUES('authz-3.4.0.CR1-resource-server-pk-change-part3-fixed-nodropindex', 'glavoie@gmail.com', 'META-INF/jpa-changelog-authz-3.4.0.CR1.xml', '2023-03-05 17:53:07', 48, 'EXECUTED', '8:bab7c631093c3861d6cf6144cd944982', 'addNotNullConstraint columnName=RESOURCE_SERVER_CLIENT_ID, tableName=RESOURCE_SERVER_POLICY; addNotNullConstraint columnName=RESOURCE_SERVER_CLIENT_ID, tableName=RESOURCE_SERVER_RESOURCE; addNotNullConstraint columnName=RESOURCE_SERVER_CLIENT_ID, ...', '', NULL, '4.16.1', NULL, NULL, '8038781086');
INSERT INTO `DATABASECHANGELOG` (`ID`, `AUTHOR`, `FILENAME`, `DATEEXECUTED`, `ORDEREXECUTED`, `EXECTYPE`, `MD5SUM`, `DESCRIPTION`, `COMMENTS`, `TAG`, `LIQUIBASE`, `CONTEXTS`, `LABELS`, `DEPLOYMENT_ID`) VALUES('authn-3.4.0.CR1-refresh-token-max-reuse', 'glavoie@gmail.com', 'META-INF/jpa-changelog-authz-3.4.0.CR1.xml', '2023-03-05 17:53:07', 49, 'EXECUTED', '8:fa809ac11877d74d76fe40869916daad', 'addColumn tableName=REALM', '', NULL, '4.16.1', NULL, NULL, '8038781086');
INSERT INTO `DATABASECHANGELOG` (`ID`, `AUTHOR`, `FILENAME`, `DATEEXECUTED`, `ORDEREXECUTED`, `EXECTYPE`, `MD5SUM`, `DESCRIPTION`, `COMMENTS`, `TAG`, `LIQUIBASE`, `CONTEXTS`, `LABELS`, `DEPLOYMENT_ID`) VALUES('3.4.0', 'keycloak', 'META-INF/jpa-changelog-3.4.0.xml', '2023-03-05 17:53:07', 50, 'EXECUTED', '8:fac23540a40208f5f5e326f6ceb4d291', 'addPrimaryKey constraintName=CONSTRAINT_REALM_DEFAULT_ROLES, tableName=REALM_DEFAULT_ROLES; addPrimaryKey constraintName=CONSTRAINT_COMPOSITE_ROLE, tableName=COMPOSITE_ROLE; addPrimaryKey constraintName=CONSTR_REALM_DEFAULT_GROUPS, tableName=REALM...', '', NULL, '4.16.1', NULL, NULL, '8038781086');
INSERT INTO `DATABASECHANGELOG` (`ID`, `AUTHOR`, `FILENAME`, `DATEEXECUTED`, `ORDEREXECUTED`, `EXECTYPE`, `MD5SUM`, `DESCRIPTION`, `COMMENTS`, `TAG`, `LIQUIBASE`, `CONTEXTS`, `LABELS`, `DEPLOYMENT_ID`) VALUES('3.4.0-KEYCLOAK-5230', 'hmlnarik@redhat.com', 'META-INF/jpa-changelog-3.4.0.xml', '2023-03-05 17:53:07', 51, 'EXECUTED', '8:2612d1b8a97e2b5588c346e817307593', 'createIndex indexName=IDX_FU_ATTRIBUTE, tableName=FED_USER_ATTRIBUTE; createIndex indexName=IDX_FU_CONSENT, tableName=FED_USER_CONSENT; createIndex indexName=IDX_FU_CONSENT_RU, tableName=FED_USER_CONSENT; createIndex indexName=IDX_FU_CREDENTIAL, t...', '', NULL, '4.16.1', NULL, NULL, '8038781086');
INSERT INTO `DATABASECHANGELOG` (`ID`, `AUTHOR`, `FILENAME`, `DATEEXECUTED`, `ORDEREXECUTED`, `EXECTYPE`, `MD5SUM`, `DESCRIPTION`, `COMMENTS`, `TAG`, `LIQUIBASE`, `CONTEXTS`, `LABELS`, `DEPLOYMENT_ID`) VALUES('3.4.1', 'psilva@redhat.com', 'META-INF/jpa-changelog-3.4.1.xml', '2023-03-05 17:53:07', 52, 'EXECUTED', '8:9842f155c5db2206c88bcb5d1046e941', 'modifyDataType columnName=VALUE, tableName=CLIENT_ATTRIBUTES', '', NULL, '4.16.1', NULL, NULL, '8038781086');
INSERT INTO `DATABASECHANGELOG` (`ID`, `AUTHOR`, `FILENAME`, `DATEEXECUTED`, `ORDEREXECUTED`, `EXECTYPE`, `MD5SUM`, `DESCRIPTION`, `COMMENTS`, `TAG`, `LIQUIBASE`, `CONTEXTS`, `LABELS`, `DEPLOYMENT_ID`) VALUES('3.4.2', 'keycloak', 'META-INF/jpa-changelog-3.4.2.xml', '2023-03-05 17:53:07', 53, 'EXECUTED', '8:2e12e06e45498406db72d5b3da5bbc76', 'update tableName=REALM', '', NULL, '4.16.1', NULL, NULL, '8038781086');
INSERT INTO `DATABASECHANGELOG` (`ID`, `AUTHOR`, `FILENAME`, `DATEEXECUTED`, `ORDEREXECUTED`, `EXECTYPE`, `MD5SUM`, `DESCRIPTION`, `COMMENTS`, `TAG`, `LIQUIBASE`, `CONTEXTS`, `LABELS`, `DEPLOYMENT_ID`) VALUES('3.4.2-KEYCLOAK-5172', 'mkanis@redhat.com', 'META-INF/jpa-changelog-3.4.2.xml', '2023-03-05 17:53:07', 54, 'EXECUTED', '8:33560e7c7989250c40da3abdabdc75a4', 'update tableName=CLIENT', '', NULL, '4.16.1', NULL, NULL, '8038781086');
INSERT INTO `DATABASECHANGELOG` (`ID`, `AUTHOR`, `FILENAME`, `DATEEXECUTED`, `ORDEREXECUTED`, `EXECTYPE`, `MD5SUM`, `DESCRIPTION`, `COMMENTS`, `TAG`, `LIQUIBASE`, `CONTEXTS`, `LABELS`, `DEPLOYMENT_ID`) VALUES('4.0.0-KEYCLOAK-6335', 'bburke@redhat.com', 'META-INF/jpa-changelog-4.0.0.xml', '2023-03-05 17:53:08', 55, 'EXECUTED', '8:87a8d8542046817a9107c7eb9cbad1cd', 'createTable tableName=CLIENT_AUTH_FLOW_BINDINGS; addPrimaryKey constraintName=C_CLI_FLOW_BIND, tableName=CLIENT_AUTH_FLOW_BINDINGS', '', NULL, '4.16.1', NULL, NULL, '8038781086');
INSERT INTO `DATABASECHANGELOG` (`ID`, `AUTHOR`, `FILENAME`, `DATEEXECUTED`, `ORDEREXECUTED`, `EXECTYPE`, `MD5SUM`, `DESCRIPTION`, `COMMENTS`, `TAG`, `LIQUIBASE`, `CONTEXTS`, `LABELS`, `DEPLOYMENT_ID`) VALUES('4.0.0-CLEANUP-UNUSED-TABLE', 'bburke@redhat.com', 'META-INF/jpa-changelog-4.0.0.xml', '2023-03-05 17:53:08', 56, 'EXECUTED', '8:3ea08490a70215ed0088c273d776311e', 'dropTable tableName=CLIENT_IDENTITY_PROV_MAPPING', '', NULL, '4.16.1', NULL, NULL, '8038781086');
INSERT INTO `DATABASECHANGELOG` (`ID`, `AUTHOR`, `FILENAME`, `DATEEXECUTED`, `ORDEREXECUTED`, `EXECTYPE`, `MD5SUM`, `DESCRIPTION`, `COMMENTS`, `TAG`, `LIQUIBASE`, `CONTEXTS`, `LABELS`, `DEPLOYMENT_ID`) VALUES('4.0.0-KEYCLOAK-6228', 'bburke@redhat.com', 'META-INF/jpa-changelog-4.0.0.xml', '2023-03-05 17:53:08', 57, 'EXECUTED', '8:2d56697c8723d4592ab608ce14b6ed68', 'dropUniqueConstraint constraintName=UK_JKUWUVD56ONTGSUHOGM8UEWRT, tableName=USER_CONSENT; dropNotNullConstraint columnName=CLIENT_ID, tableName=USER_CONSENT; addColumn tableName=USER_CONSENT; addUniqueConstraint constraintName=UK_JKUWUVD56ONTGSUHO...', '', NULL, '4.16.1', NULL, NULL, '8038781086');
INSERT INTO `DATABASECHANGELOG` (`ID`, `AUTHOR`, `FILENAME`, `DATEEXECUTED`, `ORDEREXECUTED`, `EXECTYPE`, `MD5SUM`, `DESCRIPTION`, `COMMENTS`, `TAG`, `LIQUIBASE`, `CONTEXTS`, `LABELS`, `DEPLOYMENT_ID`) VALUES('4.0.0-KEYCLOAK-5579-fixed', 'mposolda@redhat.com', 'META-INF/jpa-changelog-4.0.0.xml', '2023-03-05 17:53:08', 58, 'EXECUTED', '8:3e423e249f6068ea2bbe48bf907f9d86', 'dropForeignKeyConstraint baseTableName=CLIENT_TEMPLATE_ATTRIBUTES, constraintName=FK_CL_TEMPL_ATTR_TEMPL; renameTable newTableName=CLIENT_SCOPE_ATTRIBUTES, oldTableName=CLIENT_TEMPLATE_ATTRIBUTES; renameColumn newColumnName=SCOPE_ID, oldColumnName...', '', NULL, '4.16.1', NULL, NULL, '8038781086');
INSERT INTO `DATABASECHANGELOG` (`ID`, `AUTHOR`, `FILENAME`, `DATEEXECUTED`, `ORDEREXECUTED`, `EXECTYPE`, `MD5SUM`, `DESCRIPTION`, `COMMENTS`, `TAG`, `LIQUIBASE`, `CONTEXTS`, `LABELS`, `DEPLOYMENT_ID`) VALUES('authz-4.0.0.CR1', 'psilva@redhat.com', 'META-INF/jpa-changelog-authz-4.0.0.CR1.xml', '2023-03-05 17:53:09', 59, 'EXECUTED', '8:15cabee5e5df0ff099510a0fc03e4103', 'createTable tableName=RESOURCE_SERVER_PERM_TICKET; addPrimaryKey constraintName=CONSTRAINT_FAPMT, tableName=RESOURCE_SERVER_PERM_TICKET; addForeignKeyConstraint baseTableName=RESOURCE_SERVER_PERM_TICKET, constraintName=FK_FRSRHO213XCX4WNKOG82SSPMT...', '', NULL, '4.16.1', NULL, NULL, '8038781086');
INSERT INTO `DATABASECHANGELOG` (`ID`, `AUTHOR`, `FILENAME`, `DATEEXECUTED`, `ORDEREXECUTED`, `EXECTYPE`, `MD5SUM`, `DESCRIPTION`, `COMMENTS`, `TAG`, `LIQUIBASE`, `CONTEXTS`, `LABELS`, `DEPLOYMENT_ID`) VALUES('authz-4.0.0.Beta3', 'psilva@redhat.com', 'META-INF/jpa-changelog-authz-4.0.0.Beta3.xml', '2023-03-05 17:53:09', 60, 'EXECUTED', '8:4b80200af916ac54d2ffbfc47918ab0e', 'addColumn tableName=RESOURCE_SERVER_POLICY; addColumn tableName=RESOURCE_SERVER_PERM_TICKET; addForeignKeyConstraint baseTableName=RESOURCE_SERVER_PERM_TICKET, constraintName=FK_FRSRPO2128CX4WNKOG82SSRFY, referencedTableName=RESOURCE_SERVER_POLICY', '', NULL, '4.16.1', NULL, NULL, '8038781086');
INSERT INTO `DATABASECHANGELOG` (`ID`, `AUTHOR`, `FILENAME`, `DATEEXECUTED`, `ORDEREXECUTED`, `EXECTYPE`, `MD5SUM`, `DESCRIPTION`, `COMMENTS`, `TAG`, `LIQUIBASE`, `CONTEXTS`, `LABELS`, `DEPLOYMENT_ID`) VALUES('authz-4.2.0.Final', 'mhajas@redhat.com', 'META-INF/jpa-changelog-authz-4.2.0.Final.xml', '2023-03-05 17:53:09', 61, 'EXECUTED', '8:66564cd5e168045d52252c5027485bbb', 'createTable tableName=RESOURCE_URIS; addForeignKeyConstraint baseTableName=RESOURCE_URIS, constraintName=FK_RESOURCE_SERVER_URIS, referencedTableName=RESOURCE_SERVER_RESOURCE; customChange; dropColumn columnName=URI, tableName=RESOURCE_SERVER_RESO...', '', NULL, '4.16.1', NULL, NULL, '8038781086');
INSERT INTO `DATABASECHANGELOG` (`ID`, `AUTHOR`, `FILENAME`, `DATEEXECUTED`, `ORDEREXECUTED`, `EXECTYPE`, `MD5SUM`, `DESCRIPTION`, `COMMENTS`, `TAG`, `LIQUIBASE`, `CONTEXTS`, `LABELS`, `DEPLOYMENT_ID`) VALUES('authz-4.2.0.Final-KEYCLOAK-9944', 'hmlnarik@redhat.com', 'META-INF/jpa-changelog-authz-4.2.0.Final.xml', '2023-03-05 17:53:09', 62, 'EXECUTED', '8:1c7064fafb030222be2bd16ccf690f6f', 'addPrimaryKey constraintName=CONSTRAINT_RESOUR_URIS_PK, tableName=RESOURCE_URIS', '', NULL, '4.16.1', NULL, NULL, '8038781086');
INSERT INTO `DATABASECHANGELOG` (`ID`, `AUTHOR`, `FILENAME`, `DATEEXECUTED`, `ORDEREXECUTED`, `EXECTYPE`, `MD5SUM`, `DESCRIPTION`, `COMMENTS`, `TAG`, `LIQUIBASE`, `CONTEXTS`, `LABELS`, `DEPLOYMENT_ID`) VALUES('4.2.0-KEYCLOAK-6313', 'wadahiro@gmail.com', 'META-INF/jpa-changelog-4.2.0.xml', '2023-03-05 17:53:09', 63, 'EXECUTED', '8:2de18a0dce10cdda5c7e65c9b719b6e5', 'addColumn tableName=REQUIRED_ACTION_PROVIDER', '', NULL, '4.16.1', NULL, NULL, '8038781086');
INSERT INTO `DATABASECHANGELOG` (`ID`, `AUTHOR`, `FILENAME`, `DATEEXECUTED`, `ORDEREXECUTED`, `EXECTYPE`, `MD5SUM`, `DESCRIPTION`, `COMMENTS`, `TAG`, `LIQUIBASE`, `CONTEXTS`, `LABELS`, `DEPLOYMENT_ID`) VALUES('4.3.0-KEYCLOAK-7984', 'wadahiro@gmail.com', 'META-INF/jpa-changelog-4.3.0.xml', '2023-03-05 17:53:09', 64, 'EXECUTED', '8:03e413dd182dcbd5c57e41c34d0ef682', 'update tableName=REQUIRED_ACTION_PROVIDER', '', NULL, '4.16.1', NULL, NULL, '8038781086');
INSERT INTO `DATABASECHANGELOG` (`ID`, `AUTHOR`, `FILENAME`, `DATEEXECUTED`, `ORDEREXECUTED`, `EXECTYPE`, `MD5SUM`, `DESCRIPTION`, `COMMENTS`, `TAG`, `LIQUIBASE`, `CONTEXTS`, `LABELS`, `DEPLOYMENT_ID`) VALUES('4.6.0-KEYCLOAK-7950', 'psilva@redhat.com', 'META-INF/jpa-changelog-4.6.0.xml', '2023-03-05 17:53:09', 65, 'EXECUTED', '8:d27b42bb2571c18fbe3fe4e4fb7582a7', 'update tableName=RESOURCE_SERVER_RESOURCE', '', NULL, '4.16.1', NULL, NULL, '8038781086');
INSERT INTO `DATABASECHANGELOG` (`ID`, `AUTHOR`, `FILENAME`, `DATEEXECUTED`, `ORDEREXECUTED`, `EXECTYPE`, `MD5SUM`, `DESCRIPTION`, `COMMENTS`, `TAG`, `LIQUIBASE`, `CONTEXTS`, `LABELS`, `DEPLOYMENT_ID`) VALUES('4.6.0-KEYCLOAK-8377', 'keycloak', 'META-INF/jpa-changelog-4.6.0.xml', '2023-03-05 17:53:09', 66, 'EXECUTED', '8:698baf84d9fd0027e9192717c2154fb8', 'createTable tableName=ROLE_ATTRIBUTE; addPrimaryKey constraintName=CONSTRAINT_ROLE_ATTRIBUTE_PK, tableName=ROLE_ATTRIBUTE; addForeignKeyConstraint baseTableName=ROLE_ATTRIBUTE, constraintName=FK_ROLE_ATTRIBUTE_ID, referencedTableName=KEYCLOAK_ROLE...', '', NULL, '4.16.1', NULL, NULL, '8038781086');
INSERT INTO `DATABASECHANGELOG` (`ID`, `AUTHOR`, `FILENAME`, `DATEEXECUTED`, `ORDEREXECUTED`, `EXECTYPE`, `MD5SUM`, `DESCRIPTION`, `COMMENTS`, `TAG`, `LIQUIBASE`, `CONTEXTS`, `LABELS`, `DEPLOYMENT_ID`) VALUES('4.6.0-KEYCLOAK-8555', 'gideonray@gmail.com', 'META-INF/jpa-changelog-4.6.0.xml', '2023-03-05 17:53:09', 67, 'EXECUTED', '8:ced8822edf0f75ef26eb51582f9a821a', 'createIndex indexName=IDX_COMPONENT_PROVIDER_TYPE, tableName=COMPONENT', '', NULL, '4.16.1', NULL, NULL, '8038781086');
INSERT INTO `DATABASECHANGELOG` (`ID`, `AUTHOR`, `FILENAME`, `DATEEXECUTED`, `ORDEREXECUTED`, `EXECTYPE`, `MD5SUM`, `DESCRIPTION`, `COMMENTS`, `TAG`, `LIQUIBASE`, `CONTEXTS`, `LABELS`, `DEPLOYMENT_ID`) VALUES('4.7.0-KEYCLOAK-1267', 'sguilhen@redhat.com', 'META-INF/jpa-changelog-4.7.0.xml', '2023-03-05 17:53:09', 68, 'EXECUTED', '8:f0abba004cf429e8afc43056df06487d', 'addColumn tableName=REALM', '', NULL, '4.16.1', NULL, NULL, '8038781086');
INSERT INTO `DATABASECHANGELOG` (`ID`, `AUTHOR`, `FILENAME`, `DATEEXECUTED`, `ORDEREXECUTED`, `EXECTYPE`, `MD5SUM`, `DESCRIPTION`, `COMMENTS`, `TAG`, `LIQUIBASE`, `CONTEXTS`, `LABELS`, `DEPLOYMENT_ID`) VALUES('4.7.0-KEYCLOAK-7275', 'keycloak', 'META-INF/jpa-changelog-4.7.0.xml', '2023-03-05 17:53:09', 69, 'EXECUTED', '8:6662f8b0b611caa359fcf13bf63b4e24', 'renameColumn newColumnName=CREATED_ON, oldColumnName=LAST_SESSION_REFRESH, tableName=OFFLINE_USER_SESSION; addNotNullConstraint columnName=CREATED_ON, tableName=OFFLINE_USER_SESSION; addColumn tableName=OFFLINE_USER_SESSION; customChange; createIn...', '', NULL, '4.16.1', NULL, NULL, '8038781086');
INSERT INTO `DATABASECHANGELOG` (`ID`, `AUTHOR`, `FILENAME`, `DATEEXECUTED`, `ORDEREXECUTED`, `EXECTYPE`, `MD5SUM`, `DESCRIPTION`, `COMMENTS`, `TAG`, `LIQUIBASE`, `CONTEXTS`, `LABELS`, `DEPLOYMENT_ID`) VALUES('4.8.0-KEYCLOAK-8835', 'sguilhen@redhat.com', 'META-INF/jpa-changelog-4.8.0.xml', '2023-03-05 17:53:09', 70, 'EXECUTED', '8:9e6b8009560f684250bdbdf97670d39e', 'addNotNullConstraint columnName=SSO_MAX_LIFESPAN_REMEMBER_ME, tableName=REALM; addNotNullConstraint columnName=SSO_IDLE_TIMEOUT_REMEMBER_ME, tableName=REALM', '', NULL, '4.16.1', NULL, NULL, '8038781086');
INSERT INTO `DATABASECHANGELOG` (`ID`, `AUTHOR`, `FILENAME`, `DATEEXECUTED`, `ORDEREXECUTED`, `EXECTYPE`, `MD5SUM`, `DESCRIPTION`, `COMMENTS`, `TAG`, `LIQUIBASE`, `CONTEXTS`, `LABELS`, `DEPLOYMENT_ID`) VALUES('authz-7.0.0-KEYCLOAK-10443', 'psilva@redhat.com', 'META-INF/jpa-changelog-authz-7.0.0.xml', '2023-03-05 17:53:09', 71, 'EXECUTED', '8:4223f561f3b8dc655846562b57bb502e', 'addColumn tableName=RESOURCE_SERVER', '', NULL, '4.16.1', NULL, NULL, '8038781086');
INSERT INTO `DATABASECHANGELOG` (`ID`, `AUTHOR`, `FILENAME`, `DATEEXECUTED`, `ORDEREXECUTED`, `EXECTYPE`, `MD5SUM`, `DESCRIPTION`, `COMMENTS`, `TAG`, `LIQUIBASE`, `CONTEXTS`, `LABELS`, `DEPLOYMENT_ID`) VALUES('8.0.0-adding-credential-columns', 'keycloak', 'META-INF/jpa-changelog-8.0.0.xml', '2023-03-05 17:53:09', 72, 'EXECUTED', '8:215a31c398b363ce383a2b301202f29e', 'addColumn tableName=CREDENTIAL; addColumn tableName=FED_USER_CREDENTIAL', '', NULL, '4.16.1', NULL, NULL, '8038781086');
INSERT INTO `DATABASECHANGELOG` (`ID`, `AUTHOR`, `FILENAME`, `DATEEXECUTED`, `ORDEREXECUTED`, `EXECTYPE`, `MD5SUM`, `DESCRIPTION`, `COMMENTS`, `TAG`, `LIQUIBASE`, `CONTEXTS`, `LABELS`, `DEPLOYMENT_ID`) VALUES('8.0.0-updating-credential-data-not-oracle-fixed', 'keycloak', 'META-INF/jpa-changelog-8.0.0.xml', '2023-03-05 17:53:09', 73, 'EXECUTED', '8:83f7a671792ca98b3cbd3a1a34862d3d', 'update tableName=CREDENTIAL; update tableName=CREDENTIAL; update tableName=CREDENTIAL; update tableName=FED_USER_CREDENTIAL; update tableName=FED_USER_CREDENTIAL; update tableName=FED_USER_CREDENTIAL', '', NULL, '4.16.1', NULL, NULL, '8038781086');
INSERT INTO `DATABASECHANGELOG` (`ID`, `AUTHOR`, `FILENAME`, `DATEEXECUTED`, `ORDEREXECUTED`, `EXECTYPE`, `MD5SUM`, `DESCRIPTION`, `COMMENTS`, `TAG`, `LIQUIBASE`, `CONTEXTS`, `LABELS`, `DEPLOYMENT_ID`) VALUES('8.0.0-updating-credential-data-oracle-fixed', 'keycloak', 'META-INF/jpa-changelog-8.0.0.xml', '2023-03-05 17:53:09', 74, 'MARK_RAN', '8:f58ad148698cf30707a6efbdf8061aa7', 'update tableName=CREDENTIAL; update tableName=CREDENTIAL; update tableName=CREDENTIAL; update tableName=FED_USER_CREDENTIAL; update tableName=FED_USER_CREDENTIAL; update tableName=FED_USER_CREDENTIAL', '', NULL, '4.16.1', NULL, NULL, '8038781086');
INSERT INTO `DATABASECHANGELOG` (`ID`, `AUTHOR`, `FILENAME`, `DATEEXECUTED`, `ORDEREXECUTED`, `EXECTYPE`, `MD5SUM`, `DESCRIPTION`, `COMMENTS`, `TAG`, `LIQUIBASE`, `CONTEXTS`, `LABELS`, `DEPLOYMENT_ID`) VALUES('8.0.0-credential-cleanup-fixed', 'keycloak', 'META-INF/jpa-changelog-8.0.0.xml', '2023-03-05 17:53:09', 75, 'EXECUTED', '8:79e4fd6c6442980e58d52ffc3ee7b19c', 'dropDefaultValue columnName=COUNTER, tableName=CREDENTIAL; dropDefaultValue columnName=DIGITS, tableName=CREDENTIAL; dropDefaultValue columnName=PERIOD, tableName=CREDENTIAL; dropDefaultValue columnName=ALGORITHM, tableName=CREDENTIAL; dropColumn ...', '', NULL, '4.16.1', NULL, NULL, '8038781086');
INSERT INTO `DATABASECHANGELOG` (`ID`, `AUTHOR`, `FILENAME`, `DATEEXECUTED`, `ORDEREXECUTED`, `EXECTYPE`, `MD5SUM`, `DESCRIPTION`, `COMMENTS`, `TAG`, `LIQUIBASE`, `CONTEXTS`, `LABELS`, `DEPLOYMENT_ID`) VALUES('8.0.0-resource-tag-support', 'keycloak', 'META-INF/jpa-changelog-8.0.0.xml', '2023-03-05 17:53:09', 76, 'EXECUTED', '8:87af6a1e6d241ca4b15801d1f86a297d', 'addColumn tableName=MIGRATION_MODEL; createIndex indexName=IDX_UPDATE_TIME, tableName=MIGRATION_MODEL', '', NULL, '4.16.1', NULL, NULL, '8038781086');
INSERT INTO `DATABASECHANGELOG` (`ID`, `AUTHOR`, `FILENAME`, `DATEEXECUTED`, `ORDEREXECUTED`, `EXECTYPE`, `MD5SUM`, `DESCRIPTION`, `COMMENTS`, `TAG`, `LIQUIBASE`, `CONTEXTS`, `LABELS`, `DEPLOYMENT_ID`) VALUES('9.0.0-always-display-client', 'keycloak', 'META-INF/jpa-changelog-9.0.0.xml', '2023-03-05 17:53:09', 77, 'EXECUTED', '8:b44f8d9b7b6ea455305a6d72a200ed15', 'addColumn tableName=CLIENT', '', NULL, '4.16.1', NULL, NULL, '8038781086');
INSERT INTO `DATABASECHANGELOG` (`ID`, `AUTHOR`, `FILENAME`, `DATEEXECUTED`, `ORDEREXECUTED`, `EXECTYPE`, `MD5SUM`, `DESCRIPTION`, `COMMENTS`, `TAG`, `LIQUIBASE`, `CONTEXTS`, `LABELS`, `DEPLOYMENT_ID`) VALUES('9.0.0-drop-constraints-for-column-increase', 'keycloak', 'META-INF/jpa-changelog-9.0.0.xml', '2023-03-05 17:53:09', 78, 'MARK_RAN', '8:2d8ed5aaaeffd0cb004c046b4a903ac5', 'dropUniqueConstraint constraintName=UK_FRSR6T700S9V50BU18WS5PMT, tableName=RESOURCE_SERVER_PERM_TICKET; dropUniqueConstraint constraintName=UK_FRSR6T700S9V50BU18WS5HA6, tableName=RESOURCE_SERVER_RESOURCE; dropPrimaryKey constraintName=CONSTRAINT_O...', '', NULL, '4.16.1', NULL, NULL, '8038781086');
INSERT INTO `DATABASECHANGELOG` (`ID`, `AUTHOR`, `FILENAME`, `DATEEXECUTED`, `ORDEREXECUTED`, `EXECTYPE`, `MD5SUM`, `DESCRIPTION`, `COMMENTS`, `TAG`, `LIQUIBASE`, `CONTEXTS`, `LABELS`, `DEPLOYMENT_ID`) VALUES('9.0.0-increase-column-size-federated-fk', 'keycloak', 'META-INF/jpa-changelog-9.0.0.xml', '2023-03-05 17:53:09', 79, 'EXECUTED', '8:e290c01fcbc275326c511633f6e2acde', 'modifyDataType columnName=CLIENT_ID, tableName=FED_USER_CONSENT; modifyDataType columnName=CLIENT_REALM_CONSTRAINT, tableName=KEYCLOAK_ROLE; modifyDataType columnName=OWNER, tableName=RESOURCE_SERVER_POLICY; modifyDataType columnName=CLIENT_ID, ta...', '', NULL, '4.16.1', NULL, NULL, '8038781086');
INSERT INTO `DATABASECHANGELOG` (`ID`, `AUTHOR`, `FILENAME`, `DATEEXECUTED`, `ORDEREXECUTED`, `EXECTYPE`, `MD5SUM`, `DESCRIPTION`, `COMMENTS`, `TAG`, `LIQUIBASE`, `CONTEXTS`, `LABELS`, `DEPLOYMENT_ID`) VALUES('9.0.0-recreate-constraints-after-column-increase', 'keycloak', 'META-INF/jpa-changelog-9.0.0.xml', '2023-03-05 17:53:09', 80, 'MARK_RAN', '8:c9db8784c33cea210872ac2d805439f8', 'addNotNullConstraint columnName=CLIENT_ID, tableName=OFFLINE_CLIENT_SESSION; addNotNullConstraint columnName=OWNER, tableName=RESOURCE_SERVER_PERM_TICKET; addNotNullConstraint columnName=REQUESTER, tableName=RESOURCE_SERVER_PERM_TICKET; addNotNull...', '', NULL, '4.16.1', NULL, NULL, '8038781086');
INSERT INTO `DATABASECHANGELOG` (`ID`, `AUTHOR`, `FILENAME`, `DATEEXECUTED`, `ORDEREXECUTED`, `EXECTYPE`, `MD5SUM`, `DESCRIPTION`, `COMMENTS`, `TAG`, `LIQUIBASE`, `CONTEXTS`, `LABELS`, `DEPLOYMENT_ID`) VALUES('9.0.1-add-index-to-client.client_id', 'keycloak', 'META-INF/jpa-changelog-9.0.1.xml', '2023-03-05 17:53:09', 81, 'EXECUTED', '8:95b676ce8fc546a1fcfb4c92fae4add5', 'createIndex indexName=IDX_CLIENT_ID, tableName=CLIENT', '', NULL, '4.16.1', NULL, NULL, '8038781086');
INSERT INTO `DATABASECHANGELOG` (`ID`, `AUTHOR`, `FILENAME`, `DATEEXECUTED`, `ORDEREXECUTED`, `EXECTYPE`, `MD5SUM`, `DESCRIPTION`, `COMMENTS`, `TAG`, `LIQUIBASE`, `CONTEXTS`, `LABELS`, `DEPLOYMENT_ID`) VALUES('9.0.1-KEYCLOAK-12579-drop-constraints', 'keycloak', 'META-INF/jpa-changelog-9.0.1.xml', '2023-03-05 17:53:09', 82, 'MARK_RAN', '8:38a6b2a41f5651018b1aca93a41401e5', 'dropUniqueConstraint constraintName=SIBLING_NAMES, tableName=KEYCLOAK_GROUP', '', NULL, '4.16.1', NULL, NULL, '8038781086');
INSERT INTO `DATABASECHANGELOG` (`ID`, `AUTHOR`, `FILENAME`, `DATEEXECUTED`, `ORDEREXECUTED`, `EXECTYPE`, `MD5SUM`, `DESCRIPTION`, `COMMENTS`, `TAG`, `LIQUIBASE`, `CONTEXTS`, `LABELS`, `DEPLOYMENT_ID`) VALUES('9.0.1-KEYCLOAK-12579-add-not-null-constraint', 'keycloak', 'META-INF/jpa-changelog-9.0.1.xml', '2023-03-05 17:53:09', 83, 'EXECUTED', '8:3fb99bcad86a0229783123ac52f7609c', 'addNotNullConstraint columnName=PARENT_GROUP, tableName=KEYCLOAK_GROUP', '', NULL, '4.16.1', NULL, NULL, '8038781086');
INSERT INTO `DATABASECHANGELOG` (`ID`, `AUTHOR`, `FILENAME`, `DATEEXECUTED`, `ORDEREXECUTED`, `EXECTYPE`, `MD5SUM`, `DESCRIPTION`, `COMMENTS`, `TAG`, `LIQUIBASE`, `CONTEXTS`, `LABELS`, `DEPLOYMENT_ID`) VALUES('9.0.1-KEYCLOAK-12579-recreate-constraints', 'keycloak', 'META-INF/jpa-changelog-9.0.1.xml', '2023-03-05 17:53:09', 84, 'MARK_RAN', '8:64f27a6fdcad57f6f9153210f2ec1bdb', 'addUniqueConstraint constraintName=SIBLING_NAMES, tableName=KEYCLOAK_GROUP', '', NULL, '4.16.1', NULL, NULL, '8038781086');
INSERT INTO `DATABASECHANGELOG` (`ID`, `AUTHOR`, `FILENAME`, `DATEEXECUTED`, `ORDEREXECUTED`, `EXECTYPE`, `MD5SUM`, `DESCRIPTION`, `COMMENTS`, `TAG`, `LIQUIBASE`, `CONTEXTS`, `LABELS`, `DEPLOYMENT_ID`) VALUES('9.0.1-add-index-to-events', 'keycloak', 'META-INF/jpa-changelog-9.0.1.xml', '2023-03-05 17:53:09', 85, 'EXECUTED', '8:ab4f863f39adafd4c862f7ec01890abc', 'createIndex indexName=IDX_EVENT_TIME, tableName=EVENT_ENTITY', '', NULL, '4.16.1', NULL, NULL, '8038781086');
INSERT INTO `DATABASECHANGELOG` (`ID`, `AUTHOR`, `FILENAME`, `DATEEXECUTED`, `ORDEREXECUTED`, `EXECTYPE`, `MD5SUM`, `DESCRIPTION`, `COMMENTS`, `TAG`, `LIQUIBASE`, `CONTEXTS`, `LABELS`, `DEPLOYMENT_ID`) VALUES('map-remove-ri', 'keycloak', 'META-INF/jpa-changelog-11.0.0.xml', '2023-03-05 17:53:10', 86, 'EXECUTED', '8:13c419a0eb336e91ee3a3bf8fda6e2a7', 'dropForeignKeyConstraint baseTableName=REALM, constraintName=FK_TRAF444KK6QRKMS7N56AIWQ5Y; dropForeignKeyConstraint baseTableName=KEYCLOAK_ROLE, constraintName=FK_KJHO5LE2C0RAL09FL8CM9WFW9', '', NULL, '4.16.1', NULL, NULL, '8038781086');
INSERT INTO `DATABASECHANGELOG` (`ID`, `AUTHOR`, `FILENAME`, `DATEEXECUTED`, `ORDEREXECUTED`, `EXECTYPE`, `MD5SUM`, `DESCRIPTION`, `COMMENTS`, `TAG`, `LIQUIBASE`, `CONTEXTS`, `LABELS`, `DEPLOYMENT_ID`) VALUES('map-remove-ri', 'keycloak', 'META-INF/jpa-changelog-12.0.0.xml', '2023-03-05 17:53:10', 87, 'EXECUTED', '8:e3fb1e698e0471487f51af1ed80fe3ac', 'dropForeignKeyConstraint baseTableName=REALM_DEFAULT_GROUPS, constraintName=FK_DEF_GROUPS_GROUP; dropForeignKeyConstraint baseTableName=REALM_DEFAULT_ROLES, constraintName=FK_H4WPD7W4HSOOLNI3H0SW7BTJE; dropForeignKeyConstraint baseTableName=CLIENT...', '', NULL, '4.16.1', NULL, NULL, '8038781086');
INSERT INTO `DATABASECHANGELOG` (`ID`, `AUTHOR`, `FILENAME`, `DATEEXECUTED`, `ORDEREXECUTED`, `EXECTYPE`, `MD5SUM`, `DESCRIPTION`, `COMMENTS`, `TAG`, `LIQUIBASE`, `CONTEXTS`, `LABELS`, `DEPLOYMENT_ID`) VALUES('12.1.0-add-realm-localization-table', 'keycloak', 'META-INF/jpa-changelog-12.0.0.xml', '2023-03-05 17:53:10', 88, 'EXECUTED', '8:babadb686aab7b56562817e60bf0abd0', 'createTable tableName=REALM_LOCALIZATIONS; addPrimaryKey tableName=REALM_LOCALIZATIONS', '', NULL, '4.16.1', NULL, NULL, '8038781086');
INSERT INTO `DATABASECHANGELOG` (`ID`, `AUTHOR`, `FILENAME`, `DATEEXECUTED`, `ORDEREXECUTED`, `EXECTYPE`, `MD5SUM`, `DESCRIPTION`, `COMMENTS`, `TAG`, `LIQUIBASE`, `CONTEXTS`, `LABELS`, `DEPLOYMENT_ID`) VALUES('default-roles', 'keycloak', 'META-INF/jpa-changelog-13.0.0.xml', '2023-03-05 17:53:10', 89, 'EXECUTED', '8:72d03345fda8e2f17093d08801947773', 'addColumn tableName=REALM; customChange', '', NULL, '4.16.1', NULL, NULL, '8038781086');
INSERT INTO `DATABASECHANGELOG` (`ID`, `AUTHOR`, `FILENAME`, `DATEEXECUTED`, `ORDEREXECUTED`, `EXECTYPE`, `MD5SUM`, `DESCRIPTION`, `COMMENTS`, `TAG`, `LIQUIBASE`, `CONTEXTS`, `LABELS`, `DEPLOYMENT_ID`) VALUES('default-roles-cleanup', 'keycloak', 'META-INF/jpa-changelog-13.0.0.xml', '2023-03-05 17:53:10', 90, 'EXECUTED', '8:61c9233951bd96ffecd9ba75f7d978a4', 'dropTable tableName=REALM_DEFAULT_ROLES; dropTable tableName=CLIENT_DEFAULT_ROLES', '', NULL, '4.16.1', NULL, NULL, '8038781086');
INSERT INTO `DATABASECHANGELOG` (`ID`, `AUTHOR`, `FILENAME`, `DATEEXECUTED`, `ORDEREXECUTED`, `EXECTYPE`, `MD5SUM`, `DESCRIPTION`, `COMMENTS`, `TAG`, `LIQUIBASE`, `CONTEXTS`, `LABELS`, `DEPLOYMENT_ID`) VALUES('13.0.0-KEYCLOAK-16844', 'keycloak', 'META-INF/jpa-changelog-13.0.0.xml', '2023-03-05 17:53:10', 91, 'EXECUTED', '8:ea82e6ad945cec250af6372767b25525', 'createIndex indexName=IDX_OFFLINE_USS_PRELOAD, tableName=OFFLINE_USER_SESSION', '', NULL, '4.16.1', NULL, NULL, '8038781086');
INSERT INTO `DATABASECHANGELOG` (`ID`, `AUTHOR`, `FILENAME`, `DATEEXECUTED`, `ORDEREXECUTED`, `EXECTYPE`, `MD5SUM`, `DESCRIPTION`, `COMMENTS`, `TAG`, `LIQUIBASE`, `CONTEXTS`, `LABELS`, `DEPLOYMENT_ID`) VALUES('map-remove-ri-13.0.0', 'keycloak', 'META-INF/jpa-changelog-13.0.0.xml', '2023-03-05 17:53:10', 92, 'EXECUTED', '8:d3f4a33f41d960ddacd7e2ef30d126b3', 'dropForeignKeyConstraint baseTableName=DEFAULT_CLIENT_SCOPE, constraintName=FK_R_DEF_CLI_SCOPE_SCOPE; dropForeignKeyConstraint baseTableName=CLIENT_SCOPE_CLIENT, constraintName=FK_C_CLI_SCOPE_SCOPE; dropForeignKeyConstraint baseTableName=CLIENT_SC...', '', NULL, '4.16.1', NULL, NULL, '8038781086');
INSERT INTO `DATABASECHANGELOG` (`ID`, `AUTHOR`, `FILENAME`, `DATEEXECUTED`, `ORDEREXECUTED`, `EXECTYPE`, `MD5SUM`, `DESCRIPTION`, `COMMENTS`, `TAG`, `LIQUIBASE`, `CONTEXTS`, `LABELS`, `DEPLOYMENT_ID`) VALUES('13.0.0-KEYCLOAK-17992-drop-constraints', 'keycloak', 'META-INF/jpa-changelog-13.0.0.xml', '2023-03-05 17:53:10', 93, 'MARK_RAN', '8:1284a27fbd049d65831cb6fc07c8a783', 'dropPrimaryKey constraintName=C_CLI_SCOPE_BIND, tableName=CLIENT_SCOPE_CLIENT; dropIndex indexName=IDX_CLSCOPE_CL, tableName=CLIENT_SCOPE_CLIENT; dropIndex indexName=IDX_CL_CLSCOPE, tableName=CLIENT_SCOPE_CLIENT', '', NULL, '4.16.1', NULL, NULL, '8038781086');
INSERT INTO `DATABASECHANGELOG` (`ID`, `AUTHOR`, `FILENAME`, `DATEEXECUTED`, `ORDEREXECUTED`, `EXECTYPE`, `MD5SUM`, `DESCRIPTION`, `COMMENTS`, `TAG`, `LIQUIBASE`, `CONTEXTS`, `LABELS`, `DEPLOYMENT_ID`) VALUES('13.0.0-increase-column-size-federated', 'keycloak', 'META-INF/jpa-changelog-13.0.0.xml', '2023-03-05 17:53:10', 94, 'EXECUTED', '8:9d11b619db2ae27c25853b8a37cd0dea', 'modifyDataType columnName=CLIENT_ID, tableName=CLIENT_SCOPE_CLIENT; modifyDataType columnName=SCOPE_ID, tableName=CLIENT_SCOPE_CLIENT', '', NULL, '4.16.1', NULL, NULL, '8038781086');
INSERT INTO `DATABASECHANGELOG` (`ID`, `AUTHOR`, `FILENAME`, `DATEEXECUTED`, `ORDEREXECUTED`, `EXECTYPE`, `MD5SUM`, `DESCRIPTION`, `COMMENTS`, `TAG`, `LIQUIBASE`, `CONTEXTS`, `LABELS`, `DEPLOYMENT_ID`) VALUES('13.0.0-KEYCLOAK-17992-recreate-constraints', 'keycloak', 'META-INF/jpa-changelog-13.0.0.xml', '2023-03-05 17:53:10', 95, 'MARK_RAN', '8:3002bb3997451bb9e8bac5c5cd8d6327', 'addNotNullConstraint columnName=CLIENT_ID, tableName=CLIENT_SCOPE_CLIENT; addNotNullConstraint columnName=SCOPE_ID, tableName=CLIENT_SCOPE_CLIENT; addPrimaryKey constraintName=C_CLI_SCOPE_BIND, tableName=CLIENT_SCOPE_CLIENT; createIndex indexName=...', '', NULL, '4.16.1', NULL, NULL, '8038781086');
INSERT INTO `DATABASECHANGELOG` (`ID`, `AUTHOR`, `FILENAME`, `DATEEXECUTED`, `ORDEREXECUTED`, `EXECTYPE`, `MD5SUM`, `DESCRIPTION`, `COMMENTS`, `TAG`, `LIQUIBASE`, `CONTEXTS`, `LABELS`, `DEPLOYMENT_ID`) VALUES('json-string-accomodation-fixed', 'keycloak', 'META-INF/jpa-changelog-13.0.0.xml', '2023-03-05 17:53:10', 96, 'EXECUTED', '8:dfbee0d6237a23ef4ccbb7a4e063c163', 'addColumn tableName=REALM_ATTRIBUTE; update tableName=REALM_ATTRIBUTE; dropColumn columnName=VALUE, tableName=REALM_ATTRIBUTE; renameColumn newColumnName=VALUE, oldColumnName=VALUE_NEW, tableName=REALM_ATTRIBUTE', '', NULL, '4.16.1', NULL, NULL, '8038781086');
INSERT INTO `DATABASECHANGELOG` (`ID`, `AUTHOR`, `FILENAME`, `DATEEXECUTED`, `ORDEREXECUTED`, `EXECTYPE`, `MD5SUM`, `DESCRIPTION`, `COMMENTS`, `TAG`, `LIQUIBASE`, `CONTEXTS`, `LABELS`, `DEPLOYMENT_ID`) VALUES('14.0.0-KEYCLOAK-11019', 'keycloak', 'META-INF/jpa-changelog-14.0.0.xml', '2023-03-05 17:53:10', 97, 'EXECUTED', '8:75f3e372df18d38c62734eebb986b960', 'createIndex indexName=IDX_OFFLINE_CSS_PRELOAD, tableName=OFFLINE_CLIENT_SESSION; createIndex indexName=IDX_OFFLINE_USS_BY_USER, tableName=OFFLINE_USER_SESSION; createIndex indexName=IDX_OFFLINE_USS_BY_USERSESS, tableName=OFFLINE_USER_SESSION', '', NULL, '4.16.1', NULL, NULL, '8038781086');
INSERT INTO `DATABASECHANGELOG` (`ID`, `AUTHOR`, `FILENAME`, `DATEEXECUTED`, `ORDEREXECUTED`, `EXECTYPE`, `MD5SUM`, `DESCRIPTION`, `COMMENTS`, `TAG`, `LIQUIBASE`, `CONTEXTS`, `LABELS`, `DEPLOYMENT_ID`) VALUES('14.0.0-KEYCLOAK-18286', 'keycloak', 'META-INF/jpa-changelog-14.0.0.xml', '2023-03-05 17:53:10', 98, 'MARK_RAN', '8:7fee73eddf84a6035691512c85637eef', 'createIndex indexName=IDX_CLIENT_ATT_BY_NAME_VALUE, tableName=CLIENT_ATTRIBUTES', '', NULL, '4.16.1', NULL, NULL, '8038781086');
INSERT INTO `DATABASECHANGELOG` (`ID`, `AUTHOR`, `FILENAME`, `DATEEXECUTED`, `ORDEREXECUTED`, `EXECTYPE`, `MD5SUM`, `DESCRIPTION`, `COMMENTS`, `TAG`, `LIQUIBASE`, `CONTEXTS`, `LABELS`, `DEPLOYMENT_ID`) VALUES('14.0.0-KEYCLOAK-18286-revert', 'keycloak', 'META-INF/jpa-changelog-14.0.0.xml', '2023-03-05 17:53:10', 99, 'MARK_RAN', '8:7a11134ab12820f999fbf3bb13c3adc8', 'dropIndex indexName=IDX_CLIENT_ATT_BY_NAME_VALUE, tableName=CLIENT_ATTRIBUTES', '', NULL, '4.16.1', NULL, NULL, '8038781086');
INSERT INTO `DATABASECHANGELOG` (`ID`, `AUTHOR`, `FILENAME`, `DATEEXECUTED`, `ORDEREXECUTED`, `EXECTYPE`, `MD5SUM`, `DESCRIPTION`, `COMMENTS`, `TAG`, `LIQUIBASE`, `CONTEXTS`, `LABELS`, `DEPLOYMENT_ID`) VALUES('14.0.0-KEYCLOAK-18286-supported-dbs', 'keycloak', 'META-INF/jpa-changelog-14.0.0.xml', '2023-03-05 17:53:10', 100, 'EXECUTED', '8:f43dfba07ba249d5d932dc489fd2b886', 'createIndex indexName=IDX_CLIENT_ATT_BY_NAME_VALUE, tableName=CLIENT_ATTRIBUTES', '', NULL, '4.16.1', NULL, NULL, '8038781086');
INSERT INTO `DATABASECHANGELOG` (`ID`, `AUTHOR`, `FILENAME`, `DATEEXECUTED`, `ORDEREXECUTED`, `EXECTYPE`, `MD5SUM`, `DESCRIPTION`, `COMMENTS`, `TAG`, `LIQUIBASE`, `CONTEXTS`, `LABELS`, `DEPLOYMENT_ID`) VALUES('14.0.0-KEYCLOAK-18286-unsupported-dbs', 'keycloak', 'META-INF/jpa-changelog-14.0.0.xml', '2023-03-05 17:53:10', 101, 'MARK_RAN', '8:18186f0008b86e0f0f49b0c4d0e842ac', 'createIndex indexName=IDX_CLIENT_ATT_BY_NAME_VALUE, tableName=CLIENT_ATTRIBUTES', '', NULL, '4.16.1', NULL, NULL, '8038781086');
INSERT INTO `DATABASECHANGELOG` (`ID`, `AUTHOR`, `FILENAME`, `DATEEXECUTED`, `ORDEREXECUTED`, `EXECTYPE`, `MD5SUM`, `DESCRIPTION`, `COMMENTS`, `TAG`, `LIQUIBASE`, `CONTEXTS`, `LABELS`, `DEPLOYMENT_ID`) VALUES('KEYCLOAK-17267-add-index-to-user-attributes', 'keycloak', 'META-INF/jpa-changelog-14.0.0.xml', '2023-03-05 17:53:10', 102, 'EXECUTED', '8:09c2780bcb23b310a7019d217dc7b433', 'createIndex indexName=IDX_USER_ATTRIBUTE_NAME, tableName=USER_ATTRIBUTE', '', NULL, '4.16.1', NULL, NULL, '8038781086');
INSERT INTO `DATABASECHANGELOG` (`ID`, `AUTHOR`, `FILENAME`, `DATEEXECUTED`, `ORDEREXECUTED`, `EXECTYPE`, `MD5SUM`, `DESCRIPTION`, `COMMENTS`, `TAG`, `LIQUIBASE`, `CONTEXTS`, `LABELS`, `DEPLOYMENT_ID`) VALUES('KEYCLOAK-18146-add-saml-art-binding-identifier', 'keycloak', 'META-INF/jpa-changelog-14.0.0.xml', '2023-03-05 17:53:10', 103, 'EXECUTED', '8:276a44955eab693c970a42880197fff2', 'customChange', '', NULL, '4.16.1', NULL, NULL, '8038781086');
INSERT INTO `DATABASECHANGELOG` (`ID`, `AUTHOR`, `FILENAME`, `DATEEXECUTED`, `ORDEREXECUTED`, `EXECTYPE`, `MD5SUM`, `DESCRIPTION`, `COMMENTS`, `TAG`, `LIQUIBASE`, `CONTEXTS`, `LABELS`, `DEPLOYMENT_ID`) VALUES('15.0.0-KEYCLOAK-18467', 'keycloak', 'META-INF/jpa-changelog-15.0.0.xml', '2023-03-05 17:53:10', 104, 'EXECUTED', '8:ba8ee3b694d043f2bfc1a1079d0760d7', 'addColumn tableName=REALM_LOCALIZATIONS; update tableName=REALM_LOCALIZATIONS; dropColumn columnName=TEXTS, tableName=REALM_LOCALIZATIONS; renameColumn newColumnName=TEXTS, oldColumnName=TEXTS_NEW, tableName=REALM_LOCALIZATIONS; addNotNullConstrai...', '', NULL, '4.16.1', NULL, NULL, '8038781086');
INSERT INTO `DATABASECHANGELOG` (`ID`, `AUTHOR`, `FILENAME`, `DATEEXECUTED`, `ORDEREXECUTED`, `EXECTYPE`, `MD5SUM`, `DESCRIPTION`, `COMMENTS`, `TAG`, `LIQUIBASE`, `CONTEXTS`, `LABELS`, `DEPLOYMENT_ID`) VALUES('17.0.0-9562', 'keycloak', 'META-INF/jpa-changelog-17.0.0.xml', '2023-03-05 17:53:10', 105, 'EXECUTED', '8:5e06b1d75f5d17685485e610c2851b17', 'createIndex indexName=IDX_USER_SERVICE_ACCOUNT, tableName=USER_ENTITY', '', NULL, '4.16.1', NULL, NULL, '8038781086');
INSERT INTO `DATABASECHANGELOG` (`ID`, `AUTHOR`, `FILENAME`, `DATEEXECUTED`, `ORDEREXECUTED`, `EXECTYPE`, `MD5SUM`, `DESCRIPTION`, `COMMENTS`, `TAG`, `LIQUIBASE`, `CONTEXTS`, `LABELS`, `DEPLOYMENT_ID`) VALUES('18.0.0-10625-IDX_ADMIN_EVENT_TIME', 'keycloak', 'META-INF/jpa-changelog-18.0.0.xml', '2023-03-05 17:53:10', 106, 'EXECUTED', '8:4b80546c1dc550ac552ee7b24a4ab7c0', 'createIndex indexName=IDX_ADMIN_EVENT_TIME, tableName=ADMIN_EVENT_ENTITY', '', NULL, '4.16.1', NULL, NULL, '8038781086');
INSERT INTO `DATABASECHANGELOG` (`ID`, `AUTHOR`, `FILENAME`, `DATEEXECUTED`, `ORDEREXECUTED`, `EXECTYPE`, `MD5SUM`, `DESCRIPTION`, `COMMENTS`, `TAG`, `LIQUIBASE`, `CONTEXTS`, `LABELS`, `DEPLOYMENT_ID`) VALUES('19.0.0-10135', 'keycloak', 'META-INF/jpa-changelog-19.0.0.xml', '2023-03-05 17:53:10', 107, 'EXECUTED', '8:af510cd1bb2ab6339c45372f3e491696', 'customChange', '', NULL, '4.16.1', NULL, NULL, '8038781086');
INSERT INTO `DATABASECHANGELOG` (`ID`, `AUTHOR`, `FILENAME`, `DATEEXECUTED`, `ORDEREXECUTED`, `EXECTYPE`, `MD5SUM`, `DESCRIPTION`, `COMMENTS`, `TAG`, `LIQUIBASE`, `CONTEXTS`, `LABELS`, `DEPLOYMENT_ID`) VALUES('20.0.0-12964-supported-dbs', 'keycloak', 'META-INF/jpa-changelog-20.0.0.xml', '2023-03-05 17:53:10', 108, 'EXECUTED', '8:d00f99ed899c4d2ae9117e282badbef5', 'createIndex indexName=IDX_GROUP_ATT_BY_NAME_VALUE, tableName=GROUP_ATTRIBUTE', '', NULL, '4.16.1', NULL, NULL, '8038781086');
INSERT INTO `DATABASECHANGELOG` (`ID`, `AUTHOR`, `FILENAME`, `DATEEXECUTED`, `ORDEREXECUTED`, `EXECTYPE`, `MD5SUM`, `DESCRIPTION`, `COMMENTS`, `TAG`, `LIQUIBASE`, `CONTEXTS`, `LABELS`, `DEPLOYMENT_ID`) VALUES('20.0.0-12964-unsupported-dbs', 'keycloak', 'META-INF/jpa-changelog-20.0.0.xml', '2023-03-05 17:53:10', 109, 'MARK_RAN', '8:314e803baf2f1ec315b3464e398b8247', 'createIndex indexName=IDX_GROUP_ATT_BY_NAME_VALUE, tableName=GROUP_ATTRIBUTE', '', NULL, '4.16.1', NULL, NULL, '8038781086');
INSERT INTO `DATABASECHANGELOG` (`ID`, `AUTHOR`, `FILENAME`, `DATEEXECUTED`, `ORDEREXECUTED`, `EXECTYPE`, `MD5SUM`, `DESCRIPTION`, `COMMENTS`, `TAG`, `LIQUIBASE`, `CONTEXTS`, `LABELS`, `DEPLOYMENT_ID`) VALUES('client-attributes-string-accomodation-fixed', 'keycloak', 'META-INF/jpa-changelog-20.0.0.xml', '2023-03-05 17:53:10', 110, 'EXECUTED', '8:56e4677e7e12556f70b604c573840100', 'addColumn tableName=CLIENT_ATTRIBUTES; update tableName=CLIENT_ATTRIBUTES; dropColumn columnName=VALUE, tableName=CLIENT_ATTRIBUTES; renameColumn newColumnName=VALUE, oldColumnName=VALUE_NEW, tableName=CLIENT_ATTRIBUTES', '', NULL, '4.16.1', NULL, NULL, '8038781086');

DROP TABLE IF EXISTS `DATABASECHANGELOGLOCK`;
CREATE TABLE `DATABASECHANGELOGLOCK` (
  `ID` int(11) NOT NULL,
  `LOCKED` bit(1) NOT NULL,
  `LOCKGRANTED` datetime DEFAULT NULL,
  `LOCKEDBY` varchar(255) DEFAULT NULL
) ENGINE=InnoDB DEFAULT CHARSET=utf8mb4 COLLATE=utf8mb4_general_ci;

INSERT INTO `DATABASECHANGELOGLOCK` (`ID`, `LOCKED`, `LOCKGRANTED`, `LOCKEDBY`) VALUES(1, b'0', NULL, NULL);
INSERT INTO `DATABASECHANGELOGLOCK` (`ID`, `LOCKED`, `LOCKGRANTED`, `LOCKEDBY`) VALUES(1000, b'0', NULL, NULL);
INSERT INTO `DATABASECHANGELOGLOCK` (`ID`, `LOCKED`, `LOCKGRANTED`, `LOCKEDBY`) VALUES(1001, b'0', NULL, NULL);

DROP TABLE IF EXISTS `DEFAULT_CLIENT_SCOPE`;
CREATE TABLE `DEFAULT_CLIENT_SCOPE` (
  `REALM_ID` varchar(36) NOT NULL,
  `SCOPE_ID` varchar(36) NOT NULL,
  `DEFAULT_SCOPE` bit(1) NOT NULL DEFAULT b'0'
) ENGINE=InnoDB DEFAULT CHARSET=utf8mb4 COLLATE=utf8mb4_general_ci;

INSERT INTO `DEFAULT_CLIENT_SCOPE` (`REALM_ID`, `SCOPE_ID`, `DEFAULT_SCOPE`) VALUES('ca5abdd7-1552-4581-bbd5-442181834c09', '2458bdd0-61f2-4385-a11e-fd70e033f755', b'1');
INSERT INTO `DEFAULT_CLIENT_SCOPE` (`REALM_ID`, `SCOPE_ID`, `DEFAULT_SCOPE`) VALUES('ca5abdd7-1552-4581-bbd5-442181834c09', '5aec5122-bbf6-4e9d-97f7-fdc4c8fbdc44', b'1');
INSERT INTO `DEFAULT_CLIENT_SCOPE` (`REALM_ID`, `SCOPE_ID`, `DEFAULT_SCOPE`) VALUES('ca5abdd7-1552-4581-bbd5-442181834c09', '5ce8cd97-cbcd-4474-84d4-d6aa3cd48783', b'0');
INSERT INTO `DEFAULT_CLIENT_SCOPE` (`REALM_ID`, `SCOPE_ID`, `DEFAULT_SCOPE`) VALUES('ca5abdd7-1552-4581-bbd5-442181834c09', '5edf09d2-16fb-4086-bf7e-782cd5718f20', b'1');
INSERT INTO `DEFAULT_CLIENT_SCOPE` (`REALM_ID`, `SCOPE_ID`, `DEFAULT_SCOPE`) VALUES('ca5abdd7-1552-4581-bbd5-442181834c09', '74742973-174d-40d4-a2ac-640fe739879d', b'1');
INSERT INTO `DEFAULT_CLIENT_SCOPE` (`REALM_ID`, `SCOPE_ID`, `DEFAULT_SCOPE`) VALUES('ca5abdd7-1552-4581-bbd5-442181834c09', 'a06ff3a2-c2e8-4985-a839-4ad5cf27862b', b'0');
INSERT INTO `DEFAULT_CLIENT_SCOPE` (`REALM_ID`, `SCOPE_ID`, `DEFAULT_SCOPE`) VALUES('ca5abdd7-1552-4581-bbd5-442181834c09', 'b61057fe-4555-48f0-b103-a684764fe615', b'1');
INSERT INTO `DEFAULT_CLIENT_SCOPE` (`REALM_ID`, `SCOPE_ID`, `DEFAULT_SCOPE`) VALUES('ca5abdd7-1552-4581-bbd5-442181834c09', 'e06f4f3a-3b18-4509-9ba5-59f91d543f8c', b'0');
INSERT INTO `DEFAULT_CLIENT_SCOPE` (`REALM_ID`, `SCOPE_ID`, `DEFAULT_SCOPE`) VALUES('ca5abdd7-1552-4581-bbd5-442181834c09', 'e1db8d63-0e54-4362-beb9-152596d3aba3', b'1');
INSERT INTO `DEFAULT_CLIENT_SCOPE` (`REALM_ID`, `SCOPE_ID`, `DEFAULT_SCOPE`) VALUES('ca5abdd7-1552-4581-bbd5-442181834c09', 'ef90a3be-9a0e-48a3-97d3-fbaacd36b60c', b'0');
INSERT INTO `DEFAULT_CLIENT_SCOPE` (`REALM_ID`, `SCOPE_ID`, `DEFAULT_SCOPE`) VALUES('fa2d39cd-24de-4543-8c1d-b35954a7576e', '2321a7a0-b213-4c92-b9ae-243b1e45b95b', b'1');
INSERT INTO `DEFAULT_CLIENT_SCOPE` (`REALM_ID`, `SCOPE_ID`, `DEFAULT_SCOPE`) VALUES('fa2d39cd-24de-4543-8c1d-b35954a7576e', '5b9e52cc-2dba-432a-a053-0a2253f53b65', b'0');
INSERT INTO `DEFAULT_CLIENT_SCOPE` (`REALM_ID`, `SCOPE_ID`, `DEFAULT_SCOPE`) VALUES('fa2d39cd-24de-4543-8c1d-b35954a7576e', '65cd034a-2193-4fbe-9030-da9d0ac069b4', b'1');
INSERT INTO `DEFAULT_CLIENT_SCOPE` (`REALM_ID`, `SCOPE_ID`, `DEFAULT_SCOPE`) VALUES('fa2d39cd-24de-4543-8c1d-b35954a7576e', '9d2d258e-2d55-4869-8e79-1ca41d8db567', b'0');
INSERT INTO `DEFAULT_CLIENT_SCOPE` (`REALM_ID`, `SCOPE_ID`, `DEFAULT_SCOPE`) VALUES('fa2d39cd-24de-4543-8c1d-b35954a7576e', 'a7190ef9-4563-492d-9ea5-858a89eb49aa', b'0');
INSERT INTO `DEFAULT_CLIENT_SCOPE` (`REALM_ID`, `SCOPE_ID`, `DEFAULT_SCOPE`) VALUES('fa2d39cd-24de-4543-8c1d-b35954a7576e', 'c69774b5-93ed-4fe3-9ad5-a9fad51b191f', b'1');
INSERT INTO `DEFAULT_CLIENT_SCOPE` (`REALM_ID`, `SCOPE_ID`, `DEFAULT_SCOPE`) VALUES('fa2d39cd-24de-4543-8c1d-b35954a7576e', 'd897ffec-3669-41b7-ae2f-87bdc7d5db9e', b'1');
INSERT INTO `DEFAULT_CLIENT_SCOPE` (`REALM_ID`, `SCOPE_ID`, `DEFAULT_SCOPE`) VALUES('fa2d39cd-24de-4543-8c1d-b35954a7576e', 'e251a72b-75db-44a3-96da-6a0cff583a30', b'0');
INSERT INTO `DEFAULT_CLIENT_SCOPE` (`REALM_ID`, `SCOPE_ID`, `DEFAULT_SCOPE`) VALUES('fa2d39cd-24de-4543-8c1d-b35954a7576e', 'f625c452-38e7-4d33-bcac-934a76a5aa46', b'1');
INSERT INTO `DEFAULT_CLIENT_SCOPE` (`REALM_ID`, `SCOPE_ID`, `DEFAULT_SCOPE`) VALUES('fa2d39cd-24de-4543-8c1d-b35954a7576e', 'f8728cf4-c24a-49b0-bb7a-6810ed7129d5', b'1');

DROP TABLE IF EXISTS `EVENT_ENTITY`;
CREATE TABLE `EVENT_ENTITY` (
  `ID` varchar(36) NOT NULL,
  `CLIENT_ID` varchar(255) DEFAULT NULL,
  `DETAILS_JSON` text DEFAULT NULL,
  `ERROR` varchar(255) DEFAULT NULL,
  `IP_ADDRESS` varchar(255) DEFAULT NULL,
  `REALM_ID` varchar(255) DEFAULT NULL,
  `SESSION_ID` varchar(255) DEFAULT NULL,
  `EVENT_TIME` bigint(20) DEFAULT NULL,
  `TYPE` varchar(255) DEFAULT NULL,
  `USER_ID` varchar(255) DEFAULT NULL
) ENGINE=InnoDB DEFAULT CHARSET=utf8mb4 COLLATE=utf8mb4_general_ci;

DROP TABLE IF EXISTS `FEDERATED_IDENTITY`;
CREATE TABLE `FEDERATED_IDENTITY` (
  `IDENTITY_PROVIDER` varchar(255) NOT NULL,
  `REALM_ID` varchar(36) DEFAULT NULL,
  `FEDERATED_USER_ID` varchar(255) DEFAULT NULL,
  `FEDERATED_USERNAME` varchar(255) DEFAULT NULL,
  `TOKEN` text DEFAULT NULL,
  `USER_ID` varchar(36) NOT NULL
) ENGINE=InnoDB DEFAULT CHARSET=utf8mb4 COLLATE=utf8mb4_general_ci;

DROP TABLE IF EXISTS `FEDERATED_USER`;
CREATE TABLE `FEDERATED_USER` (
  `ID` varchar(255) NOT NULL,
  `STORAGE_PROVIDER_ID` varchar(255) DEFAULT NULL,
  `REALM_ID` varchar(36) NOT NULL
) ENGINE=InnoDB DEFAULT CHARSET=utf8mb4 COLLATE=utf8mb4_general_ci;

DROP TABLE IF EXISTS `FED_USER_ATTRIBUTE`;
CREATE TABLE `FED_USER_ATTRIBUTE` (
  `ID` varchar(36) NOT NULL,
  `NAME` varchar(255) NOT NULL,
  `USER_ID` varchar(255) NOT NULL,
  `REALM_ID` varchar(36) NOT NULL,
  `STORAGE_PROVIDER_ID` varchar(36) DEFAULT NULL,
  `VALUE` text DEFAULT NULL
) ENGINE=InnoDB DEFAULT CHARSET=utf8mb4 COLLATE=utf8mb4_general_ci;

DROP TABLE IF EXISTS `FED_USER_CONSENT`;
CREATE TABLE `FED_USER_CONSENT` (
  `ID` varchar(36) NOT NULL,
  `CLIENT_ID` varchar(255) DEFAULT NULL,
  `USER_ID` varchar(255) NOT NULL,
  `REALM_ID` varchar(36) NOT NULL,
  `STORAGE_PROVIDER_ID` varchar(36) DEFAULT NULL,
  `CREATED_DATE` bigint(20) DEFAULT NULL,
  `LAST_UPDATED_DATE` bigint(20) DEFAULT NULL,
  `CLIENT_STORAGE_PROVIDER` varchar(36) DEFAULT NULL,
  `EXTERNAL_CLIENT_ID` varchar(255) DEFAULT NULL
) ENGINE=InnoDB DEFAULT CHARSET=utf8mb4 COLLATE=utf8mb4_general_ci;

DROP TABLE IF EXISTS `FED_USER_CONSENT_CL_SCOPE`;
CREATE TABLE `FED_USER_CONSENT_CL_SCOPE` (
  `USER_CONSENT_ID` varchar(36) NOT NULL,
  `SCOPE_ID` varchar(36) NOT NULL
) ENGINE=InnoDB DEFAULT CHARSET=utf8mb4 COLLATE=utf8mb4_general_ci;

DROP TABLE IF EXISTS `FED_USER_CREDENTIAL`;
CREATE TABLE `FED_USER_CREDENTIAL` (
  `ID` varchar(36) NOT NULL,
  `SALT` tinyblob DEFAULT NULL,
  `TYPE` varchar(255) DEFAULT NULL,
  `CREATED_DATE` bigint(20) DEFAULT NULL,
  `USER_ID` varchar(255) NOT NULL,
  `REALM_ID` varchar(36) NOT NULL,
  `STORAGE_PROVIDER_ID` varchar(36) DEFAULT NULL,
  `USER_LABEL` varchar(255) DEFAULT NULL,
  `SECRET_DATA` longtext DEFAULT NULL,
  `CREDENTIAL_DATA` longtext DEFAULT NULL,
  `PRIORITY` int(11) DEFAULT NULL
) ENGINE=InnoDB DEFAULT CHARSET=utf8mb4 COLLATE=utf8mb4_general_ci;

DROP TABLE IF EXISTS `FED_USER_GROUP_MEMBERSHIP`;
CREATE TABLE `FED_USER_GROUP_MEMBERSHIP` (
  `GROUP_ID` varchar(36) NOT NULL,
  `USER_ID` varchar(255) NOT NULL,
  `REALM_ID` varchar(36) NOT NULL,
  `STORAGE_PROVIDER_ID` varchar(36) DEFAULT NULL
) ENGINE=InnoDB DEFAULT CHARSET=utf8mb4 COLLATE=utf8mb4_general_ci;

DROP TABLE IF EXISTS `FED_USER_REQUIRED_ACTION`;
CREATE TABLE `FED_USER_REQUIRED_ACTION` (
  `REQUIRED_ACTION` varchar(255) NOT NULL DEFAULT ' ',
  `USER_ID` varchar(255) NOT NULL,
  `REALM_ID` varchar(36) NOT NULL,
  `STORAGE_PROVIDER_ID` varchar(36) DEFAULT NULL
) ENGINE=InnoDB DEFAULT CHARSET=utf8mb4 COLLATE=utf8mb4_general_ci;

DROP TABLE IF EXISTS `FED_USER_ROLE_MAPPING`;
CREATE TABLE `FED_USER_ROLE_MAPPING` (
  `ROLE_ID` varchar(36) NOT NULL,
  `USER_ID` varchar(255) NOT NULL,
  `REALM_ID` varchar(36) NOT NULL,
  `STORAGE_PROVIDER_ID` varchar(36) DEFAULT NULL
) ENGINE=InnoDB DEFAULT CHARSET=utf8mb4 COLLATE=utf8mb4_general_ci;

DROP TABLE IF EXISTS `GROUP_ATTRIBUTE`;
CREATE TABLE `GROUP_ATTRIBUTE` (
  `ID` varchar(36) NOT NULL DEFAULT 'sybase-needs-something-here',
  `NAME` varchar(255) NOT NULL,
  `VALUE` varchar(255) CHARACTER SET utf8mb3 COLLATE utf8mb3_general_ci DEFAULT NULL,
  `GROUP_ID` varchar(36) NOT NULL
) ENGINE=InnoDB DEFAULT CHARSET=utf8mb4 COLLATE=utf8mb4_general_ci;

DROP TABLE IF EXISTS `GROUP_ROLE_MAPPING`;
CREATE TABLE `GROUP_ROLE_MAPPING` (
  `ROLE_ID` varchar(36) NOT NULL,
  `GROUP_ID` varchar(36) NOT NULL
) ENGINE=InnoDB DEFAULT CHARSET=utf8mb4 COLLATE=utf8mb4_general_ci;

DROP TABLE IF EXISTS `IDENTITY_PROVIDER`;
CREATE TABLE `IDENTITY_PROVIDER` (
  `INTERNAL_ID` varchar(36) NOT NULL,
  `ENABLED` bit(1) NOT NULL DEFAULT b'0',
  `PROVIDER_ALIAS` varchar(255) DEFAULT NULL,
  `PROVIDER_ID` varchar(255) DEFAULT NULL,
  `STORE_TOKEN` bit(1) NOT NULL DEFAULT b'0',
  `AUTHENTICATE_BY_DEFAULT` bit(1) NOT NULL DEFAULT b'0',
  `REALM_ID` varchar(36) DEFAULT NULL,
  `ADD_TOKEN_ROLE` bit(1) NOT NULL DEFAULT b'1',
  `TRUST_EMAIL` bit(1) NOT NULL DEFAULT b'0',
  `FIRST_BROKER_LOGIN_FLOW_ID` varchar(36) DEFAULT NULL,
  `POST_BROKER_LOGIN_FLOW_ID` varchar(36) DEFAULT NULL,
  `PROVIDER_DISPLAY_NAME` varchar(255) DEFAULT NULL,
  `LINK_ONLY` bit(1) NOT NULL DEFAULT b'0'
) ENGINE=InnoDB DEFAULT CHARSET=utf8mb4 COLLATE=utf8mb4_general_ci;

DROP TABLE IF EXISTS `IDENTITY_PROVIDER_CONFIG`;
CREATE TABLE `IDENTITY_PROVIDER_CONFIG` (
  `IDENTITY_PROVIDER_ID` varchar(36) NOT NULL,
  `VALUE` longtext DEFAULT NULL,
  `NAME` varchar(255) NOT NULL
) ENGINE=InnoDB DEFAULT CHARSET=utf8mb4 COLLATE=utf8mb4_general_ci;

DROP TABLE IF EXISTS `IDENTITY_PROVIDER_MAPPER`;
CREATE TABLE `IDENTITY_PROVIDER_MAPPER` (
  `ID` varchar(36) NOT NULL,
  `NAME` varchar(255) NOT NULL,
  `IDP_ALIAS` varchar(255) NOT NULL,
  `IDP_MAPPER_NAME` varchar(255) NOT NULL,
  `REALM_ID` varchar(36) NOT NULL
) ENGINE=InnoDB DEFAULT CHARSET=utf8mb4 COLLATE=utf8mb4_general_ci;

DROP TABLE IF EXISTS `IDP_MAPPER_CONFIG`;
CREATE TABLE `IDP_MAPPER_CONFIG` (
  `IDP_MAPPER_ID` varchar(36) NOT NULL,
  `VALUE` longtext DEFAULT NULL,
  `NAME` varchar(255) NOT NULL
) ENGINE=InnoDB DEFAULT CHARSET=utf8mb4 COLLATE=utf8mb4_general_ci;

DROP TABLE IF EXISTS `KEYCLOAK_GROUP`;
CREATE TABLE `KEYCLOAK_GROUP` (
  `ID` varchar(36) NOT NULL,
  `NAME` varchar(255) CHARACTER SET utf8mb3 COLLATE utf8mb3_general_ci DEFAULT NULL,
  `PARENT_GROUP` varchar(36) NOT NULL,
  `REALM_ID` varchar(36) DEFAULT NULL
) ENGINE=InnoDB DEFAULT CHARSET=utf8mb4 COLLATE=utf8mb4_general_ci;

DROP TABLE IF EXISTS `KEYCLOAK_ROLE`;
CREATE TABLE `KEYCLOAK_ROLE` (
  `ID` varchar(36) NOT NULL,
  `CLIENT_REALM_CONSTRAINT` varchar(255) DEFAULT NULL,
  `CLIENT_ROLE` bit(1) DEFAULT NULL,
  `DESCRIPTION` varchar(255) CHARACTER SET utf8mb3 COLLATE utf8mb3_general_ci DEFAULT NULL,
  `NAME` varchar(255) CHARACTER SET utf8mb3 COLLATE utf8mb3_general_ci DEFAULT NULL,
  `REALM_ID` varchar(255) DEFAULT NULL,
  `CLIENT` varchar(36) DEFAULT NULL,
  `REALM` varchar(36) DEFAULT NULL
) ENGINE=InnoDB DEFAULT CHARSET=utf8mb4 COLLATE=utf8mb4_general_ci;

INSERT INTO `KEYCLOAK_ROLE` (`ID`, `CLIENT_REALM_CONSTRAINT`, `CLIENT_ROLE`, `DESCRIPTION`, `NAME`, `REALM_ID`, `CLIENT`, `REALM`) VALUES('0036a095-7508-466e-a1f2-90181ddce4a3', '8621536a-97cc-4557-9c22-30e2a7a3c57a', b'1', '${role_read-token}', 'read-token', 'fa2d39cd-24de-4543-8c1d-b35954a7576e', '8621536a-97cc-4557-9c22-30e2a7a3c57a', NULL);
INSERT INTO `KEYCLOAK_ROLE` (`ID`, `CLIENT_REALM_CONSTRAINT`, `CLIENT_ROLE`, `DESCRIPTION`, `NAME`, `REALM_ID`, `CLIENT`, `REALM`) VALUES('00466978-6fa5-40b7-ad56-42b0d3223195', 'b476c4c6-59a9-4f12-97b2-a9bfc0d4f0e2', b'1', '${role_view-clients}', 'view-clients', 'ca5abdd7-1552-4581-bbd5-442181834c09', 'b476c4c6-59a9-4f12-97b2-a9bfc0d4f0e2', NULL);
INSERT INTO `KEYCLOAK_ROLE` (`ID`, `CLIENT_REALM_CONSTRAINT`, `CLIENT_ROLE`, `DESCRIPTION`, `NAME`, `REALM_ID`, `CLIENT`, `REALM`) VALUES('02c7c226-9cd8-49fc-812a-7a0b044795f8', '926c5af6-1841-4ccc-83eb-99a65d483dfc', b'1', '${role_view-identity-providers}', 'view-identity-providers', 'fa2d39cd-24de-4543-8c1d-b35954a7576e', '926c5af6-1841-4ccc-83eb-99a65d483dfc', NULL);
INSERT INTO `KEYCLOAK_ROLE` (`ID`, `CLIENT_REALM_CONSTRAINT`, `CLIENT_ROLE`, `DESCRIPTION`, `NAME`, `REALM_ID`, `CLIENT`, `REALM`) VALUES('073089fe-3ddf-4c5a-883c-87a0114902a7', 'b476c4c6-59a9-4f12-97b2-a9bfc0d4f0e2', b'1', '${role_view-realm}', 'view-realm', 'ca5abdd7-1552-4581-bbd5-442181834c09', 'b476c4c6-59a9-4f12-97b2-a9bfc0d4f0e2', NULL);
INSERT INTO `KEYCLOAK_ROLE` (`ID`, `CLIENT_REALM_CONSTRAINT`, `CLIENT_ROLE`, `DESCRIPTION`, `NAME`, `REALM_ID`, `CLIENT`, `REALM`) VALUES('09627cf9-0fa8-4da7-ad04-2ca6de4b3cec', 'fa2d39cd-24de-4543-8c1d-b35954a7576e', b'0', '${role_offline-access}', 'offline_access', 'fa2d39cd-24de-4543-8c1d-b35954a7576e', NULL, NULL);
INSERT INTO `KEYCLOAK_ROLE` (`ID`, `CLIENT_REALM_CONSTRAINT`, `CLIENT_ROLE`, `DESCRIPTION`, `NAME`, `REALM_ID`, `CLIENT`, `REALM`) VALUES('0ef7f6f2-84bb-481c-82b9-82caa21989b1', 'b476c4c6-59a9-4f12-97b2-a9bfc0d4f0e2', b'1', '${role_view-users}', 'view-users', 'ca5abdd7-1552-4581-bbd5-442181834c09', 'b476c4c6-59a9-4f12-97b2-a9bfc0d4f0e2', NULL);
INSERT INTO `KEYCLOAK_ROLE` (`ID`, `CLIENT_REALM_CONSTRAINT`, `CLIENT_ROLE`, `DESCRIPTION`, `NAME`, `REALM_ID`, `CLIENT`, `REALM`) VALUES('13c62d8c-38cf-4b99-89d1-c543f1a7a9b6', '52b6c78a-99f1-44eb-9265-853f866e524e', b'1', '${role_view-clients}', 'view-clients', 'ca5abdd7-1552-4581-bbd5-442181834c09', '52b6c78a-99f1-44eb-9265-853f866e524e', NULL);
INSERT INTO `KEYCLOAK_ROLE` (`ID`, `CLIENT_REALM_CONSTRAINT`, `CLIENT_ROLE`, `DESCRIPTION`, `NAME`, `REALM_ID`, `CLIENT`, `REALM`) VALUES('14148fbc-3f46-4a51-9449-8dba52b91656', '52b6c78a-99f1-44eb-9265-853f866e524e', b'1', '${role_manage-events}', 'manage-events', 'ca5abdd7-1552-4581-bbd5-442181834c09', '52b6c78a-99f1-44eb-9265-853f866e524e', NULL);
INSERT INTO `KEYCLOAK_ROLE` (`ID`, `CLIENT_REALM_CONSTRAINT`, `CLIENT_ROLE`, `DESCRIPTION`, `NAME`, `REALM_ID`, `CLIENT`, `REALM`) VALUES('1588d8b0-7d46-4057-9c90-798ca5505d1e', 'b476c4c6-59a9-4f12-97b2-a9bfc0d4f0e2', b'1', '${role_manage-clients}', 'manage-clients', 'ca5abdd7-1552-4581-bbd5-442181834c09', 'b476c4c6-59a9-4f12-97b2-a9bfc0d4f0e2', NULL);
INSERT INTO `KEYCLOAK_ROLE` (`ID`, `CLIENT_REALM_CONSTRAINT`, `CLIENT_ROLE`, `DESCRIPTION`, `NAME`, `REALM_ID`, `CLIENT`, `REALM`) VALUES('1808c172-3a37-4114-84cb-c78d9314d57a', '8bf34cfa-4a11-4eda-8803-6ca132b5e9a2', b'1', '${role_view-groups}', 'view-groups', 'fa2d39cd-24de-4543-8c1d-b35954a7576e', '8bf34cfa-4a11-4eda-8803-6ca132b5e9a2', NULL);
INSERT INTO `KEYCLOAK_ROLE` (`ID`, `CLIENT_REALM_CONSTRAINT`, `CLIENT_ROLE`, `DESCRIPTION`, `NAME`, `REALM_ID`, `CLIENT`, `REALM`) VALUES('191cea37-6dc4-4a2b-b5f5-0c4569782eb2', '8bf34cfa-4a11-4eda-8803-6ca132b5e9a2', b'1', '${role_manage-account-links}', 'manage-account-links', 'fa2d39cd-24de-4543-8c1d-b35954a7576e', '8bf34cfa-4a11-4eda-8803-6ca132b5e9a2', NULL);
INSERT INTO `KEYCLOAK_ROLE` (`ID`, `CLIENT_REALM_CONSTRAINT`, `CLIENT_ROLE`, `DESCRIPTION`, `NAME`, `REALM_ID`, `CLIENT`, `REALM`) VALUES('1f687f74-3eb4-4e70-90ed-73bdd3b1eff2', '8bf34cfa-4a11-4eda-8803-6ca132b5e9a2', b'1', '${role_manage-consent}', 'manage-consent', 'fa2d39cd-24de-4543-8c1d-b35954a7576e', '8bf34cfa-4a11-4eda-8803-6ca132b5e9a2', NULL);
INSERT INTO `KEYCLOAK_ROLE` (`ID`, `CLIENT_REALM_CONSTRAINT`, `CLIENT_ROLE`, `DESCRIPTION`, `NAME`, `REALM_ID`, `CLIENT`, `REALM`) VALUES('1fa6bf1a-3f0c-4776-b2b2-96b8761d9b7c', 'b476c4c6-59a9-4f12-97b2-a9bfc0d4f0e2', b'1', '${role_manage-realm}', 'manage-realm', 'ca5abdd7-1552-4581-bbd5-442181834c09', 'b476c4c6-59a9-4f12-97b2-a9bfc0d4f0e2', NULL);
INSERT INTO `KEYCLOAK_ROLE` (`ID`, `CLIENT_REALM_CONSTRAINT`, `CLIENT_ROLE`, `DESCRIPTION`, `NAME`, `REALM_ID`, `CLIENT`, `REALM`) VALUES('202c0ed1-3410-404b-8d85-464a4e58f318', '52b6c78a-99f1-44eb-9265-853f866e524e', b'1', '${role_query-groups}', 'query-groups', 'ca5abdd7-1552-4581-bbd5-442181834c09', '52b6c78a-99f1-44eb-9265-853f866e524e', NULL);
INSERT INTO `KEYCLOAK_ROLE` (`ID`, `CLIENT_REALM_CONSTRAINT`, `CLIENT_ROLE`, `DESCRIPTION`, `NAME`, `REALM_ID`, `CLIENT`, `REALM`) VALUES('292a6155-a883-48c4-b94a-c61da45603d4', 'ca5abdd7-1552-4581-bbd5-442181834c09', b'0', '${role_uma_authorization}', 'uma_authorization', 'ca5abdd7-1552-4581-bbd5-442181834c09', NULL, NULL);
INSERT INTO `KEYCLOAK_ROLE` (`ID`, `CLIENT_REALM_CONSTRAINT`, `CLIENT_ROLE`, `DESCRIPTION`, `NAME`, `REALM_ID`, `CLIENT`, `REALM`) VALUES('296d01cd-d896-4a84-be45-ad086f62c78a', '8bf34cfa-4a11-4eda-8803-6ca132b5e9a2', b'1', '${role_view-profile}', 'view-profile', 'fa2d39cd-24de-4543-8c1d-b35954a7576e', '8bf34cfa-4a11-4eda-8803-6ca132b5e9a2', NULL);
INSERT INTO `KEYCLOAK_ROLE` (`ID`, `CLIENT_REALM_CONSTRAINT`, `CLIENT_ROLE`, `DESCRIPTION`, `NAME`, `REALM_ID`, `CLIENT`, `REALM`) VALUES('2b44c1b1-89ea-4a09-8bb7-0442fd29a1e7', '52b6c78a-99f1-44eb-9265-853f866e524e', b'1', '${role_impersonation}', 'impersonation', 'ca5abdd7-1552-4581-bbd5-442181834c09', '52b6c78a-99f1-44eb-9265-853f866e524e', NULL);
INSERT INTO `KEYCLOAK_ROLE` (`ID`, `CLIENT_REALM_CONSTRAINT`, `CLIENT_ROLE`, `DESCRIPTION`, `NAME`, `REALM_ID`, `CLIENT`, `REALM`) VALUES('2dd5a256-aa81-431e-87ef-026f6a6ef7e8', '8bf34cfa-4a11-4eda-8803-6ca132b5e9a2', b'1', '${role_delete-account}', 'delete-account', 'fa2d39cd-24de-4543-8c1d-b35954a7576e', '8bf34cfa-4a11-4eda-8803-6ca132b5e9a2', NULL);
INSERT INTO `KEYCLOAK_ROLE` (`ID`, `CLIENT_REALM_CONSTRAINT`, `CLIENT_ROLE`, `DESCRIPTION`, `NAME`, `REALM_ID`, `CLIENT`, `REALM`) VALUES('33561a06-c69d-45d6-ba86-a169678ed6fa', '926c5af6-1841-4ccc-83eb-99a65d483dfc', b'1', '${role_query-clients}', 'query-clients', 'fa2d39cd-24de-4543-8c1d-b35954a7576e', '926c5af6-1841-4ccc-83eb-99a65d483dfc', NULL);
INSERT INTO `KEYCLOAK_ROLE` (`ID`, `CLIENT_REALM_CONSTRAINT`, `CLIENT_ROLE`, `DESCRIPTION`, `NAME`, `REALM_ID`, `CLIENT`, `REALM`) VALUES('37aa88b9-0cc1-49ec-8074-974a1908e121', 'b476c4c6-59a9-4f12-97b2-a9bfc0d4f0e2', b'1', '${role_query-clients}', 'query-clients', 'ca5abdd7-1552-4581-bbd5-442181834c09', 'b476c4c6-59a9-4f12-97b2-a9bfc0d4f0e2', NULL);
INSERT INTO `KEYCLOAK_ROLE` (`ID`, `CLIENT_REALM_CONSTRAINT`, `CLIENT_ROLE`, `DESCRIPTION`, `NAME`, `REALM_ID`, `CLIENT`, `REALM`) VALUES('37c77304-9fe6-40c8-92a6-44dea84501e5', '2758a53d-c1f8-4d98-9c66-39b507cf092b', b'1', '${role_read-token}', 'read-token', 'ca5abdd7-1552-4581-bbd5-442181834c09', '2758a53d-c1f8-4d98-9c66-39b507cf092b', NULL);
INSERT INTO `KEYCLOAK_ROLE` (`ID`, `CLIENT_REALM_CONSTRAINT`, `CLIENT_ROLE`, `DESCRIPTION`, `NAME`, `REALM_ID`, `CLIENT`, `REALM`) VALUES('38c21901-1f75-4d70-a843-f56768881403', '52b6c78a-99f1-44eb-9265-853f866e524e', b'1', '${role_view-realm}', 'view-realm', 'ca5abdd7-1552-4581-bbd5-442181834c09', '52b6c78a-99f1-44eb-9265-853f866e524e', NULL);
INSERT INTO `KEYCLOAK_ROLE` (`ID`, `CLIENT_REALM_CONSTRAINT`, `CLIENT_ROLE`, `DESCRIPTION`, `NAME`, `REALM_ID`, `CLIENT`, `REALM`) VALUES('3e8b7e8d-d494-447c-95f4-fa45bda1b2ce', 'ca5abdd7-1552-4581-bbd5-442181834c09', b'0', '${role_default-roles}', 'default-roles-master', 'ca5abdd7-1552-4581-bbd5-442181834c09', NULL, NULL);
INSERT INTO `KEYCLOAK_ROLE` (`ID`, `CLIENT_REALM_CONSTRAINT`, `CLIENT_ROLE`, `DESCRIPTION`, `NAME`, `REALM_ID`, `CLIENT`, `REALM`) VALUES('40312c48-5b54-4c57-a984-f7f14c123d1e', '926c5af6-1841-4ccc-83eb-99a65d483dfc', b'1', '${role_manage-realm}', 'manage-realm', 'fa2d39cd-24de-4543-8c1d-b35954a7576e', '926c5af6-1841-4ccc-83eb-99a65d483dfc', NULL);
INSERT INTO `KEYCLOAK_ROLE` (`ID`, `CLIENT_REALM_CONSTRAINT`, `CLIENT_ROLE`, `DESCRIPTION`, `NAME`, `REALM_ID`, `CLIENT`, `REALM`) VALUES('42167924-a821-4c2f-a371-2d5ed9d0c9a8', '926c5af6-1841-4ccc-83eb-99a65d483dfc', b'1', '${role_manage-identity-providers}', 'manage-identity-providers', 'fa2d39cd-24de-4543-8c1d-b35954a7576e', '926c5af6-1841-4ccc-83eb-99a65d483dfc', NULL);
INSERT INTO `KEYCLOAK_ROLE` (`ID`, `CLIENT_REALM_CONSTRAINT`, `CLIENT_ROLE`, `DESCRIPTION`, `NAME`, `REALM_ID`, `CLIENT`, `REALM`) VALUES('45b2b5ec-d70b-4ba7-9e72-6f4f45fd0563', 'b476c4c6-59a9-4f12-97b2-a9bfc0d4f0e2', b'1', '${role_view-events}', 'view-events', 'ca5abdd7-1552-4581-bbd5-442181834c09', 'b476c4c6-59a9-4f12-97b2-a9bfc0d4f0e2', NULL);
INSERT INTO `KEYCLOAK_ROLE` (`ID`, `CLIENT_REALM_CONSTRAINT`, `CLIENT_ROLE`, `DESCRIPTION`, `NAME`, `REALM_ID`, `CLIENT`, `REALM`) VALUES('49917ac9-4d0a-4587-94ef-db7ca7a71faa', '7ce8f350-b98b-41fc-bc1b-a1d1d3ba1adb', b'1', '${role_manage-consent}', 'manage-consent', 'ca5abdd7-1552-4581-bbd5-442181834c09', '7ce8f350-b98b-41fc-bc1b-a1d1d3ba1adb', NULL);
INSERT INTO `KEYCLOAK_ROLE` (`ID`, `CLIENT_REALM_CONSTRAINT`, `CLIENT_ROLE`, `DESCRIPTION`, `NAME`, `REALM_ID`, `CLIENT`, `REALM`) VALUES('4cae2d61-8efd-4e89-bc10-5e38c29560bf', '52b6c78a-99f1-44eb-9265-853f866e524e', b'1', '${role_query-realms}', 'query-realms', 'ca5abdd7-1552-4581-bbd5-442181834c09', '52b6c78a-99f1-44eb-9265-853f866e524e', NULL);
INSERT INTO `KEYCLOAK_ROLE` (`ID`, `CLIENT_REALM_CONSTRAINT`, `CLIENT_ROLE`, `DESCRIPTION`, `NAME`, `REALM_ID`, `CLIENT`, `REALM`) VALUES('4da44745-a951-441b-b0f1-ab974269b843', '926c5af6-1841-4ccc-83eb-99a65d483dfc', b'1', '${role_query-realms}', 'query-realms', 'fa2d39cd-24de-4543-8c1d-b35954a7576e', '926c5af6-1841-4ccc-83eb-99a65d483dfc', NULL);
INSERT INTO `KEYCLOAK_ROLE` (`ID`, `CLIENT_REALM_CONSTRAINT`, `CLIENT_ROLE`, `DESCRIPTION`, `NAME`, `REALM_ID`, `CLIENT`, `REALM`) VALUES('5216b25a-6560-4d33-8870-b6ba7c4aee9e', '7ce8f350-b98b-41fc-bc1b-a1d1d3ba1adb', b'1', '${role_view-applications}', 'view-applications', 'ca5abdd7-1552-4581-bbd5-442181834c09', '7ce8f350-b98b-41fc-bc1b-a1d1d3ba1adb', NULL);
INSERT INTO `KEYCLOAK_ROLE` (`ID`, `CLIENT_REALM_CONSTRAINT`, `CLIENT_ROLE`, `DESCRIPTION`, `NAME`, `REALM_ID`, `CLIENT`, `REALM`) VALUES('57052c89-2487-4372-b671-11ca2c8134f4', '7ce8f350-b98b-41fc-bc1b-a1d1d3ba1adb', b'1', '${role_view-profile}', 'view-profile', 'ca5abdd7-1552-4581-bbd5-442181834c09', '7ce8f350-b98b-41fc-bc1b-a1d1d3ba1adb', NULL);
INSERT INTO `KEYCLOAK_ROLE` (`ID`, `CLIENT_REALM_CONSTRAINT`, `CLIENT_ROLE`, `DESCRIPTION`, `NAME`, `REALM_ID`, `CLIENT`, `REALM`) VALUES('5df8aa44-2858-42f9-9e59-cd9f3e91001f', '52b6c78a-99f1-44eb-9265-853f866e524e', b'1', '${role_view-events}', 'view-events', 'ca5abdd7-1552-4581-bbd5-442181834c09', '52b6c78a-99f1-44eb-9265-853f866e524e', NULL);
INSERT INTO `KEYCLOAK_ROLE` (`ID`, `CLIENT_REALM_CONSTRAINT`, `CLIENT_ROLE`, `DESCRIPTION`, `NAME`, `REALM_ID`, `CLIENT`, `REALM`) VALUES('6398ad03-f9ee-4c34-bdf8-8ee18203bae8', '926c5af6-1841-4ccc-83eb-99a65d483dfc', b'1', '${role_manage-clients}', 'manage-clients', 'fa2d39cd-24de-4543-8c1d-b35954a7576e', '926c5af6-1841-4ccc-83eb-99a65d483dfc', NULL);
INSERT INTO `KEYCLOAK_ROLE` (`ID`, `CLIENT_REALM_CONSTRAINT`, `CLIENT_ROLE`, `DESCRIPTION`, `NAME`, `REALM_ID`, `CLIENT`, `REALM`) VALUES('64a902c3-80fd-40b4-93e4-10cbd0c30018', '926c5af6-1841-4ccc-83eb-99a65d483dfc', b'1', '${role_realm-admin}', 'realm-admin', 'fa2d39cd-24de-4543-8c1d-b35954a7576e', '926c5af6-1841-4ccc-83eb-99a65d483dfc', NULL);
INSERT INTO `KEYCLOAK_ROLE` (`ID`, `CLIENT_REALM_CONSTRAINT`, `CLIENT_ROLE`, `DESCRIPTION`, `NAME`, `REALM_ID`, `CLIENT`, `REALM`) VALUES('654de6ec-72af-41a0-a71e-e4bdbc283499', '926c5af6-1841-4ccc-83eb-99a65d483dfc', b'1', '${role_view-realm}', 'view-realm', 'fa2d39cd-24de-4543-8c1d-b35954a7576e', '926c5af6-1841-4ccc-83eb-99a65d483dfc', NULL);
INSERT INTO `KEYCLOAK_ROLE` (`ID`, `CLIENT_REALM_CONSTRAINT`, `CLIENT_ROLE`, `DESCRIPTION`, `NAME`, `REALM_ID`, `CLIENT`, `REALM`) VALUES('67c1acce-5a41-487b-acb3-bb3d35d90a5f', 'fa2d39cd-24de-4543-8c1d-b35954a7576e', b'0', '${role_uma_authorization}', 'uma_authorization', 'fa2d39cd-24de-4543-8c1d-b35954a7576e', NULL, NULL);
INSERT INTO `KEYCLOAK_ROLE` (`ID`, `CLIENT_REALM_CONSTRAINT`, `CLIENT_ROLE`, `DESCRIPTION`, `NAME`, `REALM_ID`, `CLIENT`, `REALM`) VALUES('6a784450-33b9-4531-a275-0cfb7bd2162b', '926c5af6-1841-4ccc-83eb-99a65d483dfc', b'1', '${role_view-users}', 'view-users', 'fa2d39cd-24de-4543-8c1d-b35954a7576e', '926c5af6-1841-4ccc-83eb-99a65d483dfc', NULL);
INSERT INTO `KEYCLOAK_ROLE` (`ID`, `CLIENT_REALM_CONSTRAINT`, `CLIENT_ROLE`, `DESCRIPTION`, `NAME`, `REALM_ID`, `CLIENT`, `REALM`) VALUES('6a7aeb46-0e80-489a-9d7c-754bdaeaf4d8', '52b6c78a-99f1-44eb-9265-853f866e524e', b'1', '${role_manage-identity-providers}', 'manage-identity-providers', 'ca5abdd7-1552-4581-bbd5-442181834c09', '52b6c78a-99f1-44eb-9265-853f866e524e', NULL);
INSERT INTO `KEYCLOAK_ROLE` (`ID`, `CLIENT_REALM_CONSTRAINT`, `CLIENT_ROLE`, `DESCRIPTION`, `NAME`, `REALM_ID`, `CLIENT`, `REALM`) VALUES('746cc3bd-55e2-49b7-8523-bc23404d597b', '52b6c78a-99f1-44eb-9265-853f866e524e', b'1', '${role_query-users}', 'query-users', 'ca5abdd7-1552-4581-bbd5-442181834c09', '52b6c78a-99f1-44eb-9265-853f866e524e', NULL);
INSERT INTO `KEYCLOAK_ROLE` (`ID`, `CLIENT_REALM_CONSTRAINT`, `CLIENT_ROLE`, `DESCRIPTION`, `NAME`, `REALM_ID`, `CLIENT`, `REALM`) VALUES('79d338e4-3551-4025-842f-5de74d1a389c', '52b6c78a-99f1-44eb-9265-853f866e524e', b'1', '${role_create-client}', 'create-client', 'ca5abdd7-1552-4581-bbd5-442181834c09', '52b6c78a-99f1-44eb-9265-853f866e524e', NULL);
INSERT INTO `KEYCLOAK_ROLE` (`ID`, `CLIENT_REALM_CONSTRAINT`, `CLIENT_ROLE`, `DESCRIPTION`, `NAME`, `REALM_ID`, `CLIENT`, `REALM`) VALUES('7f0df21a-ce43-4959-a27b-4ef922da2930', 'b476c4c6-59a9-4f12-97b2-a9bfc0d4f0e2', b'1', '${role_manage-users}', 'manage-users', 'ca5abdd7-1552-4581-bbd5-442181834c09', 'b476c4c6-59a9-4f12-97b2-a9bfc0d4f0e2', NULL);
INSERT INTO `KEYCLOAK_ROLE` (`ID`, `CLIENT_REALM_CONSTRAINT`, `CLIENT_ROLE`, `DESCRIPTION`, `NAME`, `REALM_ID`, `CLIENT`, `REALM`) VALUES('81243b25-4fa8-4b11-8003-d58bbc1f05d9', 'b476c4c6-59a9-4f12-97b2-a9bfc0d4f0e2', b'1', '${role_query-realms}', 'query-realms', 'ca5abdd7-1552-4581-bbd5-442181834c09', 'b476c4c6-59a9-4f12-97b2-a9bfc0d4f0e2', NULL);
INSERT INTO `KEYCLOAK_ROLE` (`ID`, `CLIENT_REALM_CONSTRAINT`, `CLIENT_ROLE`, `DESCRIPTION`, `NAME`, `REALM_ID`, `CLIENT`, `REALM`) VALUES('86ee486d-ae61-40a8-86cd-3d4f938bf0da', 'ca5abdd7-1552-4581-bbd5-442181834c09', b'0', '${role_admin}', 'admin', 'ca5abdd7-1552-4581-bbd5-442181834c09', NULL, NULL);
INSERT INTO `KEYCLOAK_ROLE` (`ID`, `CLIENT_REALM_CONSTRAINT`, `CLIENT_ROLE`, `DESCRIPTION`, `NAME`, `REALM_ID`, `CLIENT`, `REALM`) VALUES('88d523b7-aa6b-401b-8ca7-b15a8cf6644f', '52b6c78a-99f1-44eb-9265-853f866e524e', b'1', '${role_query-clients}', 'query-clients', 'ca5abdd7-1552-4581-bbd5-442181834c09', '52b6c78a-99f1-44eb-9265-853f866e524e', NULL);
INSERT INTO `KEYCLOAK_ROLE` (`ID`, `CLIENT_REALM_CONSTRAINT`, `CLIENT_ROLE`, `DESCRIPTION`, `NAME`, `REALM_ID`, `CLIENT`, `REALM`) VALUES('8b2129f4-2e0f-47c3-95fb-f23b83fd1649', 'b476c4c6-59a9-4f12-97b2-a9bfc0d4f0e2', b'1', '${role_manage-authorization}', 'manage-authorization', 'ca5abdd7-1552-4581-bbd5-442181834c09', 'b476c4c6-59a9-4f12-97b2-a9bfc0d4f0e2', NULL);
INSERT INTO `KEYCLOAK_ROLE` (`ID`, `CLIENT_REALM_CONSTRAINT`, `CLIENT_ROLE`, `DESCRIPTION`, `NAME`, `REALM_ID`, `CLIENT`, `REALM`) VALUES('924c513a-b36f-4fca-afbe-046d5cc3fc58', 'ca5abdd7-1552-4581-bbd5-442181834c09', b'0', '${role_offline-access}', 'offline_access', 'ca5abdd7-1552-4581-bbd5-442181834c09', NULL, NULL);
INSERT INTO `KEYCLOAK_ROLE` (`ID`, `CLIENT_REALM_CONSTRAINT`, `CLIENT_ROLE`, `DESCRIPTION`, `NAME`, `REALM_ID`, `CLIENT`, `REALM`) VALUES('96435275-c8d7-437b-8de5-d427e16caf66', '926c5af6-1841-4ccc-83eb-99a65d483dfc', b'1', '${role_impersonation}', 'impersonation', 'fa2d39cd-24de-4543-8c1d-b35954a7576e', '926c5af6-1841-4ccc-83eb-99a65d483dfc', NULL);
INSERT INTO `KEYCLOAK_ROLE` (`ID`, `CLIENT_REALM_CONSTRAINT`, `CLIENT_ROLE`, `DESCRIPTION`, `NAME`, `REALM_ID`, `CLIENT`, `REALM`) VALUES('96e3f10b-9246-4fb8-be68-e5b5fa3d04a5', '926c5af6-1841-4ccc-83eb-99a65d483dfc', b'1', '${role_query-groups}', 'query-groups', 'fa2d39cd-24de-4543-8c1d-b35954a7576e', '926c5af6-1841-4ccc-83eb-99a65d483dfc', NULL);
INSERT INTO `KEYCLOAK_ROLE` (`ID`, `CLIENT_REALM_CONSTRAINT`, `CLIENT_ROLE`, `DESCRIPTION`, `NAME`, `REALM_ID`, `CLIENT`, `REALM`) VALUES('9705f122-b589-4028-9b9e-cc251527e73d', '52b6c78a-99f1-44eb-9265-853f866e524e', b'1', '${role_view-identity-providers}', 'view-identity-providers', 'ca5abdd7-1552-4581-bbd5-442181834c09', '52b6c78a-99f1-44eb-9265-853f866e524e', NULL);
INSERT INTO `KEYCLOAK_ROLE` (`ID`, `CLIENT_REALM_CONSTRAINT`, `CLIENT_ROLE`, `DESCRIPTION`, `NAME`, `REALM_ID`, `CLIENT`, `REALM`) VALUES('99f90cef-a76a-4280-b319-684bbc1f78d7', 'b476c4c6-59a9-4f12-97b2-a9bfc0d4f0e2', b'1', '${role_impersonation}', 'impersonation', 'ca5abdd7-1552-4581-bbd5-442181834c09', 'b476c4c6-59a9-4f12-97b2-a9bfc0d4f0e2', NULL);
INSERT INTO `KEYCLOAK_ROLE` (`ID`, `CLIENT_REALM_CONSTRAINT`, `CLIENT_ROLE`, `DESCRIPTION`, `NAME`, `REALM_ID`, `CLIENT`, `REALM`) VALUES('a0816f41-7123-4a84-bd4c-b27c46075b7c', '7ce8f350-b98b-41fc-bc1b-a1d1d3ba1adb', b'1', '${role_delete-account}', 'delete-account', 'ca5abdd7-1552-4581-bbd5-442181834c09', '7ce8f350-b98b-41fc-bc1b-a1d1d3ba1adb', NULL);
INSERT INTO `KEYCLOAK_ROLE` (`ID`, `CLIENT_REALM_CONSTRAINT`, `CLIENT_ROLE`, `DESCRIPTION`, `NAME`, `REALM_ID`, `CLIENT`, `REALM`) VALUES('a4b61ca9-fcea-430f-961c-a2b1de86b623', 'ca5abdd7-1552-4581-bbd5-442181834c09', b'0', '${role_create-realm}', 'create-realm', 'ca5abdd7-1552-4581-bbd5-442181834c09', NULL, NULL);
INSERT INTO `KEYCLOAK_ROLE` (`ID`, `CLIENT_REALM_CONSTRAINT`, `CLIENT_ROLE`, `DESCRIPTION`, `NAME`, `REALM_ID`, `CLIENT`, `REALM`) VALUES('a54ce73b-d237-4d47-8554-a614ef350c79', '926c5af6-1841-4ccc-83eb-99a65d483dfc', b'1', '${role_manage-authorization}', 'manage-authorization', 'fa2d39cd-24de-4543-8c1d-b35954a7576e', '926c5af6-1841-4ccc-83eb-99a65d483dfc', NULL);
INSERT INTO `KEYCLOAK_ROLE` (`ID`, `CLIENT_REALM_CONSTRAINT`, `CLIENT_ROLE`, `DESCRIPTION`, `NAME`, `REALM_ID`, `CLIENT`, `REALM`) VALUES('a57f7b5b-fc96-4dd9-944e-41dd9faa8977', 'b476c4c6-59a9-4f12-97b2-a9bfc0d4f0e2', b'1', '${role_query-users}', 'query-users', 'ca5abdd7-1552-4581-bbd5-442181834c09', 'b476c4c6-59a9-4f12-97b2-a9bfc0d4f0e2', NULL);
INSERT INTO `KEYCLOAK_ROLE` (`ID`, `CLIENT_REALM_CONSTRAINT`, `CLIENT_ROLE`, `DESCRIPTION`, `NAME`, `REALM_ID`, `CLIENT`, `REALM`) VALUES('a7521199-1fba-471d-a3fc-643bbdf08b33', '926c5af6-1841-4ccc-83eb-99a65d483dfc', b'1', '${role_view-events}', 'view-events', 'fa2d39cd-24de-4543-8c1d-b35954a7576e', '926c5af6-1841-4ccc-83eb-99a65d483dfc', NULL);
INSERT INTO `KEYCLOAK_ROLE` (`ID`, `CLIENT_REALM_CONSTRAINT`, `CLIENT_ROLE`, `DESCRIPTION`, `NAME`, `REALM_ID`, `CLIENT`, `REALM`) VALUES('a82c0cd0-af23-40b3-ba7e-f186719c0766', '926c5af6-1841-4ccc-83eb-99a65d483dfc', b'1', '${role_create-client}', 'create-client', 'fa2d39cd-24de-4543-8c1d-b35954a7576e', '926c5af6-1841-4ccc-83eb-99a65d483dfc', NULL);
INSERT INTO `KEYCLOAK_ROLE` (`ID`, `CLIENT_REALM_CONSTRAINT`, `CLIENT_ROLE`, `DESCRIPTION`, `NAME`, `REALM_ID`, `CLIENT`, `REALM`) VALUES('a8d6d250-7580-4aa7-aa9d-75f36e9995ee', '7ce8f350-b98b-41fc-bc1b-a1d1d3ba1adb', b'1', '${role_manage-account}', 'manage-account', 'ca5abdd7-1552-4581-bbd5-442181834c09', '7ce8f350-b98b-41fc-bc1b-a1d1d3ba1adb', NULL);
INSERT INTO `KEYCLOAK_ROLE` (`ID`, `CLIENT_REALM_CONSTRAINT`, `CLIENT_ROLE`, `DESCRIPTION`, `NAME`, `REALM_ID`, `CLIENT`, `REALM`) VALUES('a9b04005-4324-47c7-a83f-b0ce5853c5e0', '52b6c78a-99f1-44eb-9265-853f866e524e', b'1', '${role_manage-clients}', 'manage-clients', 'ca5abdd7-1552-4581-bbd5-442181834c09', '52b6c78a-99f1-44eb-9265-853f866e524e', NULL);
INSERT INTO `KEYCLOAK_ROLE` (`ID`, `CLIENT_REALM_CONSTRAINT`, `CLIENT_ROLE`, `DESCRIPTION`, `NAME`, `REALM_ID`, `CLIENT`, `REALM`) VALUES('ab03dd87-34e5-4ed4-b0a1-c5754496d3f7', '52b6c78a-99f1-44eb-9265-853f866e524e', b'1', '${role_manage-users}', 'manage-users', 'ca5abdd7-1552-4581-bbd5-442181834c09', '52b6c78a-99f1-44eb-9265-853f866e524e', NULL);
INSERT INTO `KEYCLOAK_ROLE` (`ID`, `CLIENT_REALM_CONSTRAINT`, `CLIENT_ROLE`, `DESCRIPTION`, `NAME`, `REALM_ID`, `CLIENT`, `REALM`) VALUES('ad8bc753-173b-4d95-9494-46d230b1efba', 'b476c4c6-59a9-4f12-97b2-a9bfc0d4f0e2', b'1', '${role_query-groups}', 'query-groups', 'ca5abdd7-1552-4581-bbd5-442181834c09', 'b476c4c6-59a9-4f12-97b2-a9bfc0d4f0e2', NULL);
INSERT INTO `KEYCLOAK_ROLE` (`ID`, `CLIENT_REALM_CONSTRAINT`, `CLIENT_ROLE`, `DESCRIPTION`, `NAME`, `REALM_ID`, `CLIENT`, `REALM`) VALUES('ae2ef883-7903-4069-9533-0c51feb86efc', '926c5af6-1841-4ccc-83eb-99a65d483dfc', b'1', '${role_query-users}', 'query-users', 'fa2d39cd-24de-4543-8c1d-b35954a7576e', '926c5af6-1841-4ccc-83eb-99a65d483dfc', NULL);
INSERT INTO `KEYCLOAK_ROLE` (`ID`, `CLIENT_REALM_CONSTRAINT`, `CLIENT_ROLE`, `DESCRIPTION`, `NAME`, `REALM_ID`, `CLIENT`, `REALM`) VALUES('aeeac8b8-c7e2-487f-8b0e-b09105a7e9bf', 'fa2d39cd-24de-4543-8c1d-b35954a7576e', b'0', '${role_default-roles}', 'default-roles-primary', 'fa2d39cd-24de-4543-8c1d-b35954a7576e', NULL, NULL);
INSERT INTO `KEYCLOAK_ROLE` (`ID`, `CLIENT_REALM_CONSTRAINT`, `CLIENT_ROLE`, `DESCRIPTION`, `NAME`, `REALM_ID`, `CLIENT`, `REALM`) VALUES('b3df5e15-46b3-4382-8563-720d4bf83803', '8bf34cfa-4a11-4eda-8803-6ca132b5e9a2', b'1', '${role_view-applications}', 'view-applications', 'fa2d39cd-24de-4543-8c1d-b35954a7576e', '8bf34cfa-4a11-4eda-8803-6ca132b5e9a2', NULL);
INSERT INTO `KEYCLOAK_ROLE` (`ID`, `CLIENT_REALM_CONSTRAINT`, `CLIENT_ROLE`, `DESCRIPTION`, `NAME`, `REALM_ID`, `CLIENT`, `REALM`) VALUES('b5e4cf54-17a1-47ab-ac2c-1b0a02f2feef', '52b6c78a-99f1-44eb-9265-853f866e524e', b'1', '${role_view-users}', 'view-users', 'ca5abdd7-1552-4581-bbd5-442181834c09', '52b6c78a-99f1-44eb-9265-853f866e524e', NULL);
INSERT INTO `KEYCLOAK_ROLE` (`ID`, `CLIENT_REALM_CONSTRAINT`, `CLIENT_ROLE`, `DESCRIPTION`, `NAME`, `REALM_ID`, `CLIENT`, `REALM`) VALUES('b8e091d4-eec5-42e5-be84-bc2e97b1a977', '52b6c78a-99f1-44eb-9265-853f866e524e', b'1', '${role_manage-realm}', 'manage-realm', 'ca5abdd7-1552-4581-bbd5-442181834c09', '52b6c78a-99f1-44eb-9265-853f866e524e', NULL);
INSERT INTO `KEYCLOAK_ROLE` (`ID`, `CLIENT_REALM_CONSTRAINT`, `CLIENT_ROLE`, `DESCRIPTION`, `NAME`, `REALM_ID`, `CLIENT`, `REALM`) VALUES('bac7307e-86c8-4404-ad8d-11f6cd5a82d7', '7ce8f350-b98b-41fc-bc1b-a1d1d3ba1adb', b'1', '${role_view-consent}', 'view-consent', 'ca5abdd7-1552-4581-bbd5-442181834c09', '7ce8f350-b98b-41fc-bc1b-a1d1d3ba1adb', NULL);
INSERT INTO `KEYCLOAK_ROLE` (`ID`, `CLIENT_REALM_CONSTRAINT`, `CLIENT_ROLE`, `DESCRIPTION`, `NAME`, `REALM_ID`, `CLIENT`, `REALM`) VALUES('bbb8976f-ceb4-4c18-9b8e-67a65e37dfd0', '926c5af6-1841-4ccc-83eb-99a65d483dfc', b'1', '${role_manage-users}', 'manage-users', 'fa2d39cd-24de-4543-8c1d-b35954a7576e', '926c5af6-1841-4ccc-83eb-99a65d483dfc', NULL);
INSERT INTO `KEYCLOAK_ROLE` (`ID`, `CLIENT_REALM_CONSTRAINT`, `CLIENT_ROLE`, `DESCRIPTION`, `NAME`, `REALM_ID`, `CLIENT`, `REALM`) VALUES('bec0a6af-fb23-4991-bf69-1b9d7eaddb0f', '52b6c78a-99f1-44eb-9265-853f866e524e', b'1', '${role_manage-authorization}', 'manage-authorization', 'ca5abdd7-1552-4581-bbd5-442181834c09', '52b6c78a-99f1-44eb-9265-853f866e524e', NULL);
INSERT INTO `KEYCLOAK_ROLE` (`ID`, `CLIENT_REALM_CONSTRAINT`, `CLIENT_ROLE`, `DESCRIPTION`, `NAME`, `REALM_ID`, `CLIENT`, `REALM`) VALUES('c8a109e3-f854-4775-a7cb-5710759ce771', '926c5af6-1841-4ccc-83eb-99a65d483dfc', b'1', '${role_view-authorization}', 'view-authorization', 'fa2d39cd-24de-4543-8c1d-b35954a7576e', '926c5af6-1841-4ccc-83eb-99a65d483dfc', NULL);
INSERT INTO `KEYCLOAK_ROLE` (`ID`, `CLIENT_REALM_CONSTRAINT`, `CLIENT_ROLE`, `DESCRIPTION`, `NAME`, `REALM_ID`, `CLIENT`, `REALM`) VALUES('c9c19ecc-26d5-466f-a46c-dcbb2ff04ec0', '926c5af6-1841-4ccc-83eb-99a65d483dfc', b'1', '${role_manage-events}', 'manage-events', 'fa2d39cd-24de-4543-8c1d-b35954a7576e', '926c5af6-1841-4ccc-83eb-99a65d483dfc', NULL);
INSERT INTO `KEYCLOAK_ROLE` (`ID`, `CLIENT_REALM_CONSTRAINT`, `CLIENT_ROLE`, `DESCRIPTION`, `NAME`, `REALM_ID`, `CLIENT`, `REALM`) VALUES('d349ca00-e086-4070-9c9a-b4eca54c2a72', 'b476c4c6-59a9-4f12-97b2-a9bfc0d4f0e2', b'1', '${role_create-client}', 'create-client', 'ca5abdd7-1552-4581-bbd5-442181834c09', 'b476c4c6-59a9-4f12-97b2-a9bfc0d4f0e2', NULL);
INSERT INTO `KEYCLOAK_ROLE` (`ID`, `CLIENT_REALM_CONSTRAINT`, `CLIENT_ROLE`, `DESCRIPTION`, `NAME`, `REALM_ID`, `CLIENT`, `REALM`) VALUES('d8c1e151-f5e4-4ec1-9d1f-2218d17f4a0a', '52b6c78a-99f1-44eb-9265-853f866e524e', b'1', '${role_view-authorization}', 'view-authorization', 'ca5abdd7-1552-4581-bbd5-442181834c09', '52b6c78a-99f1-44eb-9265-853f866e524e', NULL);
INSERT INTO `KEYCLOAK_ROLE` (`ID`, `CLIENT_REALM_CONSTRAINT`, `CLIENT_ROLE`, `DESCRIPTION`, `NAME`, `REALM_ID`, `CLIENT`, `REALM`) VALUES('da2cf578-0bc0-4025-8357-2daf3188c4e0', '8bf34cfa-4a11-4eda-8803-6ca132b5e9a2', b'1', '${role_manage-account}', 'manage-account', 'fa2d39cd-24de-4543-8c1d-b35954a7576e', '8bf34cfa-4a11-4eda-8803-6ca132b5e9a2', NULL);
INSERT INTO `KEYCLOAK_ROLE` (`ID`, `CLIENT_REALM_CONSTRAINT`, `CLIENT_ROLE`, `DESCRIPTION`, `NAME`, `REALM_ID`, `CLIENT`, `REALM`) VALUES('dcfa0df2-051d-45b7-a63b-6c0fc86995fd', 'b476c4c6-59a9-4f12-97b2-a9bfc0d4f0e2', b'1', '${role_view-authorization}', 'view-authorization', 'ca5abdd7-1552-4581-bbd5-442181834c09', 'b476c4c6-59a9-4f12-97b2-a9bfc0d4f0e2', NULL);
INSERT INTO `KEYCLOAK_ROLE` (`ID`, `CLIENT_REALM_CONSTRAINT`, `CLIENT_ROLE`, `DESCRIPTION`, `NAME`, `REALM_ID`, `CLIENT`, `REALM`) VALUES('e3aa1c6c-ce5d-4a12-9da2-4eb5f87ebe5f', 'b476c4c6-59a9-4f12-97b2-a9bfc0d4f0e2', b'1', '${role_manage-identity-providers}', 'manage-identity-providers', 'ca5abdd7-1552-4581-bbd5-442181834c09', 'b476c4c6-59a9-4f12-97b2-a9bfc0d4f0e2', NULL);
INSERT INTO `KEYCLOAK_ROLE` (`ID`, `CLIENT_REALM_CONSTRAINT`, `CLIENT_ROLE`, `DESCRIPTION`, `NAME`, `REALM_ID`, `CLIENT`, `REALM`) VALUES('e8be201a-8353-4e66-8fed-d5d0bf0d93c4', '7ce8f350-b98b-41fc-bc1b-a1d1d3ba1adb', b'1', '${role_view-groups}', 'view-groups', 'ca5abdd7-1552-4581-bbd5-442181834c09', '7ce8f350-b98b-41fc-bc1b-a1d1d3ba1adb', NULL);
INSERT INTO `KEYCLOAK_ROLE` (`ID`, `CLIENT_REALM_CONSTRAINT`, `CLIENT_ROLE`, `DESCRIPTION`, `NAME`, `REALM_ID`, `CLIENT`, `REALM`) VALUES('ec3165d6-9c2b-48a5-9ccf-e438f6e9843b', 'b476c4c6-59a9-4f12-97b2-a9bfc0d4f0e2', b'1', '${role_manage-events}', 'manage-events', 'ca5abdd7-1552-4581-bbd5-442181834c09', 'b476c4c6-59a9-4f12-97b2-a9bfc0d4f0e2', NULL);
INSERT INTO `KEYCLOAK_ROLE` (`ID`, `CLIENT_REALM_CONSTRAINT`, `CLIENT_ROLE`, `DESCRIPTION`, `NAME`, `REALM_ID`, `CLIENT`, `REALM`) VALUES('ed1fedc7-ba4a-425a-a9d2-35a4751d8cc9', '7ce8f350-b98b-41fc-bc1b-a1d1d3ba1adb', b'1', '${role_manage-account-links}', 'manage-account-links', 'ca5abdd7-1552-4581-bbd5-442181834c09', '7ce8f350-b98b-41fc-bc1b-a1d1d3ba1adb', NULL);
INSERT INTO `KEYCLOAK_ROLE` (`ID`, `CLIENT_REALM_CONSTRAINT`, `CLIENT_ROLE`, `DESCRIPTION`, `NAME`, `REALM_ID`, `CLIENT`, `REALM`) VALUES('edbaba0e-270a-429e-8fe4-00a63d3dbd4f', '926c5af6-1841-4ccc-83eb-99a65d483dfc', b'1', '${role_view-clients}', 'view-clients', 'fa2d39cd-24de-4543-8c1d-b35954a7576e', '926c5af6-1841-4ccc-83eb-99a65d483dfc', NULL);
INSERT INTO `KEYCLOAK_ROLE` (`ID`, `CLIENT_REALM_CONSTRAINT`, `CLIENT_ROLE`, `DESCRIPTION`, `NAME`, `REALM_ID`, `CLIENT`, `REALM`) VALUES('f4252f1b-43c9-4344-9d4c-1249f30e550d', 'b476c4c6-59a9-4f12-97b2-a9bfc0d4f0e2', b'1', '${role_view-identity-providers}', 'view-identity-providers', 'ca5abdd7-1552-4581-bbd5-442181834c09', 'b476c4c6-59a9-4f12-97b2-a9bfc0d4f0e2', NULL);
INSERT INTO `KEYCLOAK_ROLE` (`ID`, `CLIENT_REALM_CONSTRAINT`, `CLIENT_ROLE`, `DESCRIPTION`, `NAME`, `REALM_ID`, `CLIENT`, `REALM`) VALUES('f53e189e-9d46-4f4b-89dd-043ca1dca680', '8bf34cfa-4a11-4eda-8803-6ca132b5e9a2', b'1', '${role_view-consent}', 'view-consent', 'fa2d39cd-24de-4543-8c1d-b35954a7576e', '8bf34cfa-4a11-4eda-8803-6ca132b5e9a2', NULL);

DROP TABLE IF EXISTS `MIGRATION_MODEL`;
CREATE TABLE `MIGRATION_MODEL` (
  `ID` varchar(36) NOT NULL,
  `VERSION` varchar(36) DEFAULT NULL,
  `UPDATE_TIME` bigint(20) NOT NULL DEFAULT 0
) ENGINE=InnoDB DEFAULT CHARSET=utf8mb4 COLLATE=utf8mb4_general_ci;

INSERT INTO `MIGRATION_MODEL` (`ID`, `VERSION`, `UPDATE_TIME`) VALUES('43643', '21.0.1', 1678038790);

DROP TABLE IF EXISTS `OFFLINE_CLIENT_SESSION`;
CREATE TABLE `OFFLINE_CLIENT_SESSION` (
  `USER_SESSION_ID` varchar(36) NOT NULL,
  `CLIENT_ID` varchar(255) NOT NULL,
  `OFFLINE_FLAG` varchar(4) NOT NULL,
  `TIMESTAMP` int(11) DEFAULT NULL,
  `DATA` longtext DEFAULT NULL,
  `CLIENT_STORAGE_PROVIDER` varchar(36) NOT NULL DEFAULT 'local',
  `EXTERNAL_CLIENT_ID` varchar(255) NOT NULL DEFAULT 'local'
) ENGINE=InnoDB DEFAULT CHARSET=utf8mb4 COLLATE=utf8mb4_general_ci;

DROP TABLE IF EXISTS `OFFLINE_USER_SESSION`;
CREATE TABLE `OFFLINE_USER_SESSION` (
  `USER_SESSION_ID` varchar(36) NOT NULL,
  `USER_ID` varchar(255) DEFAULT NULL,
  `REALM_ID` varchar(36) NOT NULL,
  `CREATED_ON` int(11) NOT NULL,
  `OFFLINE_FLAG` varchar(4) NOT NULL,
  `DATA` longtext DEFAULT NULL,
  `LAST_SESSION_REFRESH` int(11) NOT NULL DEFAULT 0
) ENGINE=InnoDB DEFAULT CHARSET=utf8mb4 COLLATE=utf8mb4_general_ci;

DROP TABLE IF EXISTS `POLICY_CONFIG`;
CREATE TABLE `POLICY_CONFIG` (
  `POLICY_ID` varchar(36) NOT NULL,
  `NAME` varchar(255) NOT NULL,
  `VALUE` longtext DEFAULT NULL
) ENGINE=InnoDB DEFAULT CHARSET=utf8mb4 COLLATE=utf8mb4_general_ci;

DROP TABLE IF EXISTS `PROTOCOL_MAPPER`;
CREATE TABLE `PROTOCOL_MAPPER` (
  `ID` varchar(36) NOT NULL,
  `NAME` varchar(255) NOT NULL,
  `PROTOCOL` varchar(255) NOT NULL,
  `PROTOCOL_MAPPER_NAME` varchar(255) NOT NULL,
  `CLIENT_ID` varchar(36) DEFAULT NULL,
  `CLIENT_SCOPE_ID` varchar(36) DEFAULT NULL
) ENGINE=InnoDB DEFAULT CHARSET=utf8mb4 COLLATE=utf8mb4_general_ci;

INSERT INTO `PROTOCOL_MAPPER` (`ID`, `NAME`, `PROTOCOL`, `PROTOCOL_MAPPER_NAME`, `CLIENT_ID`, `CLIENT_SCOPE_ID`) VALUES('00da574c-78a5-4bd5-a21c-ae5ed186c25b', 'locale', 'openid-connect', 'oidc-usermodel-attribute-mapper', NULL, 'f8728cf4-c24a-49b0-bb7a-6810ed7129d5');
INSERT INTO `PROTOCOL_MAPPER` (`ID`, `NAME`, `PROTOCOL`, `PROTOCOL_MAPPER_NAME`, `CLIENT_ID`, `CLIENT_SCOPE_ID`) VALUES('063e1744-6f29-4c44-8918-632e5a198059', 'audience resolve', 'openid-connect', 'oidc-audience-resolve-mapper', NULL, 'f625c452-38e7-4d33-bcac-934a76a5aa46');
INSERT INTO `PROTOCOL_MAPPER` (`ID`, `NAME`, `PROTOCOL`, `PROTOCOL_MAPPER_NAME`, `CLIENT_ID`, `CLIENT_SCOPE_ID`) VALUES('0a564ad0-2b4d-448a-96fe-562679b2a779', 'zoneinfo', 'openid-connect', 'oidc-usermodel-attribute-mapper', NULL, 'f8728cf4-c24a-49b0-bb7a-6810ed7129d5');
INSERT INTO `PROTOCOL_MAPPER` (`ID`, `NAME`, `PROTOCOL`, `PROTOCOL_MAPPER_NAME`, `CLIENT_ID`, `CLIENT_SCOPE_ID`) VALUES('0fb9db47-9fa0-4854-8fc9-dfce5ac2303e', 'client roles', 'openid-connect', 'oidc-usermodel-client-role-mapper', NULL, 'f625c452-38e7-4d33-bcac-934a76a5aa46');
INSERT INTO `PROTOCOL_MAPPER` (`ID`, `NAME`, `PROTOCOL`, `PROTOCOL_MAPPER_NAME`, `CLIENT_ID`, `CLIENT_SCOPE_ID`) VALUES('1bd2b80c-4c55-495e-b5c5-237433fc51df', 'allowed web origins', 'openid-connect', 'oidc-allowed-origins-mapper', NULL, '74742973-174d-40d4-a2ac-640fe739879d');
INSERT INTO `PROTOCOL_MAPPER` (`ID`, `NAME`, `PROTOCOL`, `PROTOCOL_MAPPER_NAME`, `CLIENT_ID`, `CLIENT_SCOPE_ID`) VALUES('1bf76e34-3667-4bae-8918-77490e3b3722', 'birthdate', 'openid-connect', 'oidc-usermodel-attribute-mapper', NULL, 'f8728cf4-c24a-49b0-bb7a-6810ed7129d5');
INSERT INTO `PROTOCOL_MAPPER` (`ID`, `NAME`, `PROTOCOL`, `PROTOCOL_MAPPER_NAME`, `CLIENT_ID`, `CLIENT_SCOPE_ID`) VALUES('1ce812c8-41d5-485a-8e7a-8c53838f0210', 'upn', 'openid-connect', 'oidc-usermodel-property-mapper', NULL, '9d2d258e-2d55-4869-8e79-1ca41d8db567');
INSERT INTO `PROTOCOL_MAPPER` (`ID`, `NAME`, `PROTOCOL`, `PROTOCOL_MAPPER_NAME`, `CLIENT_ID`, `CLIENT_SCOPE_ID`) VALUES('2057d2f7-5bac-4310-954d-d2771a9ed0b8', 'picture', 'openid-connect', 'oidc-usermodel-attribute-mapper', NULL, 'f8728cf4-c24a-49b0-bb7a-6810ed7129d5');
INSERT INTO `PROTOCOL_MAPPER` (`ID`, `NAME`, `PROTOCOL`, `PROTOCOL_MAPPER_NAME`, `CLIENT_ID`, `CLIENT_SCOPE_ID`) VALUES('2401fe79-d779-4b1b-8310-d795e02e58ad', 'realm roles', 'openid-connect', 'oidc-usermodel-realm-role-mapper', NULL, '5aec5122-bbf6-4e9d-97f7-fdc4c8fbdc44');
INSERT INTO `PROTOCOL_MAPPER` (`ID`, `NAME`, `PROTOCOL`, `PROTOCOL_MAPPER_NAME`, `CLIENT_ID`, `CLIENT_SCOPE_ID`) VALUES('2845697d-efb4-420c-8c70-6d884c15e105', 'upn', 'openid-connect', 'oidc-usermodel-property-mapper', NULL, 'a06ff3a2-c2e8-4985-a839-4ad5cf27862b');
INSERT INTO `PROTOCOL_MAPPER` (`ID`, `NAME`, `PROTOCOL`, `PROTOCOL_MAPPER_NAME`, `CLIENT_ID`, `CLIENT_SCOPE_ID`) VALUES('285eccb6-fd7a-4bc8-a2ce-93351638f46a', 'realm roles', 'openid-connect', 'oidc-usermodel-realm-role-mapper', NULL, 'f625c452-38e7-4d33-bcac-934a76a5aa46');
INSERT INTO `PROTOCOL_MAPPER` (`ID`, `NAME`, `PROTOCOL`, `PROTOCOL_MAPPER_NAME`, `CLIENT_ID`, `CLIENT_SCOPE_ID`) VALUES('2a416494-6329-48b0-8a30-f0dc307d893b', 'audience resolve', 'openid-connect', 'oidc-audience-resolve-mapper', 'b3ba5987-e40e-4f72-b0bd-453ed3d987ef', NULL);
INSERT INTO `PROTOCOL_MAPPER` (`ID`, `NAME`, `PROTOCOL`, `PROTOCOL_MAPPER_NAME`, `CLIENT_ID`, `CLIENT_SCOPE_ID`) VALUES('2e9cfc4e-e3f6-4523-8cd7-c4ca68c3e587', 'groups', 'openid-connect', 'oidc-usermodel-realm-role-mapper', NULL, 'a06ff3a2-c2e8-4985-a839-4ad5cf27862b');
INSERT INTO `PROTOCOL_MAPPER` (`ID`, `NAME`, `PROTOCOL`, `PROTOCOL_MAPPER_NAME`, `CLIENT_ID`, `CLIENT_SCOPE_ID`) VALUES('3003bc91-040c-4dc4-88d8-d5dca0504f41', 'locale', 'openid-connect', 'oidc-usermodel-attribute-mapper', NULL, 'e1db8d63-0e54-4362-beb9-152596d3aba3');
INSERT INTO `PROTOCOL_MAPPER` (`ID`, `NAME`, `PROTOCOL`, `PROTOCOL_MAPPER_NAME`, `CLIENT_ID`, `CLIENT_SCOPE_ID`) VALUES('3efb0cdd-21bb-4827-892a-009c922a2f0b', 'picture', 'openid-connect', 'oidc-usermodel-attribute-mapper', NULL, 'e1db8d63-0e54-4362-beb9-152596d3aba3');
INSERT INTO `PROTOCOL_MAPPER` (`ID`, `NAME`, `PROTOCOL`, `PROTOCOL_MAPPER_NAME`, `CLIENT_ID`, `CLIENT_SCOPE_ID`) VALUES('44a8ed60-1814-4520-8e3c-52d40ea7a5d6', 'gender', 'openid-connect', 'oidc-usermodel-attribute-mapper', NULL, 'f8728cf4-c24a-49b0-bb7a-6810ed7129d5');
INSERT INTO `PROTOCOL_MAPPER` (`ID`, `NAME`, `PROTOCOL`, `PROTOCOL_MAPPER_NAME`, `CLIENT_ID`, `CLIENT_SCOPE_ID`) VALUES('4760e17c-f301-44a6-b0b5-5fd7501e643e', 'groups', 'openid-connect', 'oidc-usermodel-realm-role-mapper', NULL, '9d2d258e-2d55-4869-8e79-1ca41d8db567');
INSERT INTO `PROTOCOL_MAPPER` (`ID`, `NAME`, `PROTOCOL`, `PROTOCOL_MAPPER_NAME`, `CLIENT_ID`, `CLIENT_SCOPE_ID`) VALUES('55c38134-a8b8-4110-a15d-3b76fbe2ae63', 'profile', 'openid-connect', 'oidc-usermodel-attribute-mapper', NULL, 'e1db8d63-0e54-4362-beb9-152596d3aba3');
INSERT INTO `PROTOCOL_MAPPER` (`ID`, `NAME`, `PROTOCOL`, `PROTOCOL_MAPPER_NAME`, `CLIENT_ID`, `CLIENT_SCOPE_ID`) VALUES('61d1c953-72ff-4746-9e23-06e38e25aec8', 'address', 'openid-connect', 'oidc-address-mapper', NULL, '5b9e52cc-2dba-432a-a053-0a2253f53b65');
INSERT INTO `PROTOCOL_MAPPER` (`ID`, `NAME`, `PROTOCOL`, `PROTOCOL_MAPPER_NAME`, `CLIENT_ID`, `CLIENT_SCOPE_ID`) VALUES('63967d62-c93e-423d-aedb-311b1c773065', 'profile', 'openid-connect', 'oidc-usermodel-attribute-mapper', NULL, 'f8728cf4-c24a-49b0-bb7a-6810ed7129d5');
INSERT INTO `PROTOCOL_MAPPER` (`ID`, `NAME`, `PROTOCOL`, `PROTOCOL_MAPPER_NAME`, `CLIENT_ID`, `CLIENT_SCOPE_ID`) VALUES('672573be-66e0-406c-a8f9-070233ccf71d', 'audience resolve', 'openid-connect', 'oidc-audience-resolve-mapper', 'e4100cfe-9ccb-4c70-8d7e-5fd21a08e97b', NULL);
INSERT INTO `PROTOCOL_MAPPER` (`ID`, `NAME`, `PROTOCOL`, `PROTOCOL_MAPPER_NAME`, `CLIENT_ID`, `CLIENT_SCOPE_ID`) VALUES('68bf428e-cd88-4b9e-9b80-542baa966773', 'given name', 'openid-connect', 'oidc-usermodel-property-mapper', NULL, 'e1db8d63-0e54-4362-beb9-152596d3aba3');
INSERT INTO `PROTOCOL_MAPPER` (`ID`, `NAME`, `PROTOCOL`, `PROTOCOL_MAPPER_NAME`, `CLIENT_ID`, `CLIENT_SCOPE_ID`) VALUES('6e8d56bd-a8bb-41ea-ae6b-6159710f88d2', 'family name', 'openid-connect', 'oidc-usermodel-property-mapper', NULL, 'f8728cf4-c24a-49b0-bb7a-6810ed7129d5');
INSERT INTO `PROTOCOL_MAPPER` (`ID`, `NAME`, `PROTOCOL`, `PROTOCOL_MAPPER_NAME`, `CLIENT_ID`, `CLIENT_SCOPE_ID`) VALUES('733d415e-3e22-4728-bd61-ee22fb779eeb', 'birthdate', 'openid-connect', 'oidc-usermodel-attribute-mapper', NULL, 'e1db8d63-0e54-4362-beb9-152596d3aba3');
INSERT INTO `PROTOCOL_MAPPER` (`ID`, `NAME`, `PROTOCOL`, `PROTOCOL_MAPPER_NAME`, `CLIENT_ID`, `CLIENT_SCOPE_ID`) VALUES('758cf2b7-0196-484b-add0-1a1fdf6dbf11', 'nickname', 'openid-connect', 'oidc-usermodel-attribute-mapper', NULL, 'e1db8d63-0e54-4362-beb9-152596d3aba3');
INSERT INTO `PROTOCOL_MAPPER` (`ID`, `NAME`, `PROTOCOL`, `PROTOCOL_MAPPER_NAME`, `CLIENT_ID`, `CLIENT_SCOPE_ID`) VALUES('7775c86c-f1b1-492b-b186-8c040f71cb26', 'updated at', 'openid-connect', 'oidc-usermodel-attribute-mapper', NULL, 'e1db8d63-0e54-4362-beb9-152596d3aba3');
INSERT INTO `PROTOCOL_MAPPER` (`ID`, `NAME`, `PROTOCOL`, `PROTOCOL_MAPPER_NAME`, `CLIENT_ID`, `CLIENT_SCOPE_ID`) VALUES('796355c4-05e0-4d84-898a-cc098eb3c799', 'family name', 'openid-connect', 'oidc-usermodel-property-mapper', NULL, 'e1db8d63-0e54-4362-beb9-152596d3aba3');
INSERT INTO `PROTOCOL_MAPPER` (`ID`, `NAME`, `PROTOCOL`, `PROTOCOL_MAPPER_NAME`, `CLIENT_ID`, `CLIENT_SCOPE_ID`) VALUES('8293d02d-db83-443a-8b19-bb89f3066208', 'given name', 'openid-connect', 'oidc-usermodel-property-mapper', NULL, 'f8728cf4-c24a-49b0-bb7a-6810ed7129d5');
INSERT INTO `PROTOCOL_MAPPER` (`ID`, `NAME`, `PROTOCOL`, `PROTOCOL_MAPPER_NAME`, `CLIENT_ID`, `CLIENT_SCOPE_ID`) VALUES('83385759-c2ba-4497-a682-d908d16e4dcb', 'email', 'openid-connect', 'oidc-usermodel-property-mapper', NULL, '2321a7a0-b213-4c92-b9ae-243b1e45b95b');
INSERT INTO `PROTOCOL_MAPPER` (`ID`, `NAME`, `PROTOCOL`, `PROTOCOL_MAPPER_NAME`, `CLIENT_ID`, `CLIENT_SCOPE_ID`) VALUES('844f626b-b701-49a4-a044-8aba25401e95', 'phone number', 'openid-connect', 'oidc-usermodel-attribute-mapper', NULL, '5ce8cd97-cbcd-4474-84d4-d6aa3cd48783');
INSERT INTO `PROTOCOL_MAPPER` (`ID`, `NAME`, `PROTOCOL`, `PROTOCOL_MAPPER_NAME`, `CLIENT_ID`, `CLIENT_SCOPE_ID`) VALUES('8d22485d-89d7-41f9-8351-c64638bcbfc2', 'audience resolve', 'openid-connect', 'oidc-audience-resolve-mapper', NULL, '5aec5122-bbf6-4e9d-97f7-fdc4c8fbdc44');
INSERT INTO `PROTOCOL_MAPPER` (`ID`, `NAME`, `PROTOCOL`, `PROTOCOL_MAPPER_NAME`, `CLIENT_ID`, `CLIENT_SCOPE_ID`) VALUES('8d591504-14ef-40e4-abdb-7c16163d2f05', 'address', 'openid-connect', 'oidc-address-mapper', NULL, 'ef90a3be-9a0e-48a3-97d3-fbaacd36b60c');
INSERT INTO `PROTOCOL_MAPPER` (`ID`, `NAME`, `PROTOCOL`, `PROTOCOL_MAPPER_NAME`, `CLIENT_ID`, `CLIENT_SCOPE_ID`) VALUES('904ae4c8-9bad-403f-81d4-c5f8d359ae07', 'website', 'openid-connect', 'oidc-usermodel-attribute-mapper', NULL, 'e1db8d63-0e54-4362-beb9-152596d3aba3');
INSERT INTO `PROTOCOL_MAPPER` (`ID`, `NAME`, `PROTOCOL`, `PROTOCOL_MAPPER_NAME`, `CLIENT_ID`, `CLIENT_SCOPE_ID`) VALUES('9bdce43b-02c5-4fca-a1ab-efda44b2eb7d', 'middle name', 'openid-connect', 'oidc-usermodel-attribute-mapper', NULL, 'f8728cf4-c24a-49b0-bb7a-6810ed7129d5');
INSERT INTO `PROTOCOL_MAPPER` (`ID`, `NAME`, `PROTOCOL`, `PROTOCOL_MAPPER_NAME`, `CLIENT_ID`, `CLIENT_SCOPE_ID`) VALUES('9d4860bb-c50b-4920-94e8-ab9b6289d71f', 'acr loa level', 'openid-connect', 'oidc-acr-mapper', NULL, 'd897ffec-3669-41b7-ae2f-87bdc7d5db9e');
INSERT INTO `PROTOCOL_MAPPER` (`ID`, `NAME`, `PROTOCOL`, `PROTOCOL_MAPPER_NAME`, `CLIENT_ID`, `CLIENT_SCOPE_ID`) VALUES('a0173f1d-0784-4830-bf22-c4e281482912', 'client roles', 'openid-connect', 'oidc-usermodel-client-role-mapper', NULL, '5aec5122-bbf6-4e9d-97f7-fdc4c8fbdc44');
INSERT INTO `PROTOCOL_MAPPER` (`ID`, `NAME`, `PROTOCOL`, `PROTOCOL_MAPPER_NAME`, `CLIENT_ID`, `CLIENT_SCOPE_ID`) VALUES('a6d282ef-fda9-4b9e-ae1e-d3528721365a', 'website', 'openid-connect', 'oidc-usermodel-attribute-mapper', NULL, 'f8728cf4-c24a-49b0-bb7a-6810ed7129d5');
INSERT INTO `PROTOCOL_MAPPER` (`ID`, `NAME`, `PROTOCOL`, `PROTOCOL_MAPPER_NAME`, `CLIENT_ID`, `CLIENT_SCOPE_ID`) VALUES('aa6d0d31-ada9-4d3e-9629-a6ac5db44626', 'full name', 'openid-connect', 'oidc-full-name-mapper', NULL, 'e1db8d63-0e54-4362-beb9-152596d3aba3');
INSERT INTO `PROTOCOL_MAPPER` (`ID`, `NAME`, `PROTOCOL`, `PROTOCOL_MAPPER_NAME`, `CLIENT_ID`, `CLIENT_SCOPE_ID`) VALUES('ab322c0f-9d46-44f1-ba45-5e30b1881c91', 'full name', 'openid-connect', 'oidc-full-name-mapper', NULL, 'f8728cf4-c24a-49b0-bb7a-6810ed7129d5');
INSERT INTO `PROTOCOL_MAPPER` (`ID`, `NAME`, `PROTOCOL`, `PROTOCOL_MAPPER_NAME`, `CLIENT_ID`, `CLIENT_SCOPE_ID`) VALUES('ae12e7c5-a406-492c-99e0-1a00857f5d01', 'role list', 'saml', 'saml-role-list-mapper', NULL, '5edf09d2-16fb-4086-bf7e-782cd5718f20');
INSERT INTO `PROTOCOL_MAPPER` (`ID`, `NAME`, `PROTOCOL`, `PROTOCOL_MAPPER_NAME`, `CLIENT_ID`, `CLIENT_SCOPE_ID`) VALUES('aef2f2e5-bfe1-44a6-9bfb-46ecf97e3457', 'allowed web origins', 'openid-connect', 'oidc-allowed-origins-mapper', NULL, '65cd034a-2193-4fbe-9030-da9d0ac069b4');
INSERT INTO `PROTOCOL_MAPPER` (`ID`, `NAME`, `PROTOCOL`, `PROTOCOL_MAPPER_NAME`, `CLIENT_ID`, `CLIENT_SCOPE_ID`) VALUES('afe77fc6-3980-4b87-aab7-e0da9ffe3396', 'username', 'openid-connect', 'oidc-usermodel-property-mapper', NULL, 'f8728cf4-c24a-49b0-bb7a-6810ed7129d5');
INSERT INTO `PROTOCOL_MAPPER` (`ID`, `NAME`, `PROTOCOL`, `PROTOCOL_MAPPER_NAME`, `CLIENT_ID`, `CLIENT_SCOPE_ID`) VALUES('b0ddb558-d580-4df0-92e7-29f3bf1a20ef', 'username', 'openid-connect', 'oidc-usermodel-property-mapper', NULL, 'e1db8d63-0e54-4362-beb9-152596d3aba3');
INSERT INTO `PROTOCOL_MAPPER` (`ID`, `NAME`, `PROTOCOL`, `PROTOCOL_MAPPER_NAME`, `CLIENT_ID`, `CLIENT_SCOPE_ID`) VALUES('b22b86a0-e36d-4d3a-b9a7-2f4b6e3c63a7', 'locale', 'openid-connect', 'oidc-usermodel-attribute-mapper', '2055e995-b383-4cf5-9e2d-d102aeca1a24', NULL);
INSERT INTO `PROTOCOL_MAPPER` (`ID`, `NAME`, `PROTOCOL`, `PROTOCOL_MAPPER_NAME`, `CLIENT_ID`, `CLIENT_SCOPE_ID`) VALUES('b59729ed-3475-45a6-8299-4443ade28bb0', 'acr loa level', 'openid-connect', 'oidc-acr-mapper', NULL, '2458bdd0-61f2-4385-a11e-fd70e033f755');
INSERT INTO `PROTOCOL_MAPPER` (`ID`, `NAME`, `PROTOCOL`, `PROTOCOL_MAPPER_NAME`, `CLIENT_ID`, `CLIENT_SCOPE_ID`) VALUES('b5a4bc6f-12f7-4e4e-a4da-d31df560c835', 'phone number', 'openid-connect', 'oidc-usermodel-attribute-mapper', NULL, 'a7190ef9-4563-492d-9ea5-858a89eb49aa');
INSERT INTO `PROTOCOL_MAPPER` (`ID`, `NAME`, `PROTOCOL`, `PROTOCOL_MAPPER_NAME`, `CLIENT_ID`, `CLIENT_SCOPE_ID`) VALUES('cb26643d-d3c7-4f78-bc05-adf358ca99d6', 'middle name', 'openid-connect', 'oidc-usermodel-attribute-mapper', NULL, 'e1db8d63-0e54-4362-beb9-152596d3aba3');
INSERT INTO `PROTOCOL_MAPPER` (`ID`, `NAME`, `PROTOCOL`, `PROTOCOL_MAPPER_NAME`, `CLIENT_ID`, `CLIENT_SCOPE_ID`) VALUES('d274b875-bfc8-455b-a82f-c3fa520dd870', 'email verified', 'openid-connect', 'oidc-usermodel-property-mapper', NULL, 'b61057fe-4555-48f0-b103-a684764fe615');
INSERT INTO `PROTOCOL_MAPPER` (`ID`, `NAME`, `PROTOCOL`, `PROTOCOL_MAPPER_NAME`, `CLIENT_ID`, `CLIENT_SCOPE_ID`) VALUES('d317dc58-4bf0-46f1-8f0f-4ac5fd38a7cb', 'role list', 'saml', 'saml-role-list-mapper', NULL, 'c69774b5-93ed-4fe3-9ad5-a9fad51b191f');
INSERT INTO `PROTOCOL_MAPPER` (`ID`, `NAME`, `PROTOCOL`, `PROTOCOL_MAPPER_NAME`, `CLIENT_ID`, `CLIENT_SCOPE_ID`) VALUES('dc622909-c5d6-4357-814d-7b9f4cdd5fa5', 'locale', 'openid-connect', 'oidc-usermodel-attribute-mapper', '3cebacfc-b1d9-4ada-909e-e8634caf12b9', NULL);
INSERT INTO `PROTOCOL_MAPPER` (`ID`, `NAME`, `PROTOCOL`, `PROTOCOL_MAPPER_NAME`, `CLIENT_ID`, `CLIENT_SCOPE_ID`) VALUES('dffe56a5-fb2a-418f-8909-870fb61ef1db', 'zoneinfo', 'openid-connect', 'oidc-usermodel-attribute-mapper', NULL, 'e1db8d63-0e54-4362-beb9-152596d3aba3');
INSERT INTO `PROTOCOL_MAPPER` (`ID`, `NAME`, `PROTOCOL`, `PROTOCOL_MAPPER_NAME`, `CLIENT_ID`, `CLIENT_SCOPE_ID`) VALUES('e2f4826d-9802-4869-8373-f6eacbf73ecc', 'phone number verified', 'openid-connect', 'oidc-usermodel-attribute-mapper', NULL, 'a7190ef9-4563-492d-9ea5-858a89eb49aa');
INSERT INTO `PROTOCOL_MAPPER` (`ID`, `NAME`, `PROTOCOL`, `PROTOCOL_MAPPER_NAME`, `CLIENT_ID`, `CLIENT_SCOPE_ID`) VALUES('e395edf0-bff8-46ef-bdbe-94c7a754c156', 'email', 'openid-connect', 'oidc-usermodel-property-mapper', NULL, 'b61057fe-4555-48f0-b103-a684764fe615');
INSERT INTO `PROTOCOL_MAPPER` (`ID`, `NAME`, `PROTOCOL`, `PROTOCOL_MAPPER_NAME`, `CLIENT_ID`, `CLIENT_SCOPE_ID`) VALUES('e772ed20-3cba-4de5-9f39-316b3a781aea', 'updated at', 'openid-connect', 'oidc-usermodel-attribute-mapper', NULL, 'f8728cf4-c24a-49b0-bb7a-6810ed7129d5');
INSERT INTO `PROTOCOL_MAPPER` (`ID`, `NAME`, `PROTOCOL`, `PROTOCOL_MAPPER_NAME`, `CLIENT_ID`, `CLIENT_SCOPE_ID`) VALUES('ecfa8741-0097-4c42-9588-693be64f3e6d', 'nickname', 'openid-connect', 'oidc-usermodel-attribute-mapper', NULL, 'f8728cf4-c24a-49b0-bb7a-6810ed7129d5');
INSERT INTO `PROTOCOL_MAPPER` (`ID`, `NAME`, `PROTOCOL`, `PROTOCOL_MAPPER_NAME`, `CLIENT_ID`, `CLIENT_SCOPE_ID`) VALUES('f379cd2a-07cc-4d1a-942d-272371f5689b', 'email verified', 'openid-connect', 'oidc-usermodel-property-mapper', NULL, '2321a7a0-b213-4c92-b9ae-243b1e45b95b');
INSERT INTO `PROTOCOL_MAPPER` (`ID`, `NAME`, `PROTOCOL`, `PROTOCOL_MAPPER_NAME`, `CLIENT_ID`, `CLIENT_SCOPE_ID`) VALUES('f6b97336-ac79-469c-8f8e-165aa391cdb6', 'gender', 'openid-connect', 'oidc-usermodel-attribute-mapper', NULL, 'e1db8d63-0e54-4362-beb9-152596d3aba3');
INSERT INTO `PROTOCOL_MAPPER` (`ID`, `NAME`, `PROTOCOL`, `PROTOCOL_MAPPER_NAME`, `CLIENT_ID`, `CLIENT_SCOPE_ID`) VALUES('ff3bea9a-981e-442c-8ccf-2aa7a78e84a8', 'phone number verified', 'openid-connect', 'oidc-usermodel-attribute-mapper', NULL, '5ce8cd97-cbcd-4474-84d4-d6aa3cd48783');

DROP TABLE IF EXISTS `PROTOCOL_MAPPER_CONFIG`;
CREATE TABLE `PROTOCOL_MAPPER_CONFIG` (
  `PROTOCOL_MAPPER_ID` varchar(36) NOT NULL,
  `VALUE` longtext DEFAULT NULL,
  `NAME` varchar(255) NOT NULL
) ENGINE=InnoDB DEFAULT CHARSET=utf8mb4 COLLATE=utf8mb4_general_ci;

INSERT INTO `PROTOCOL_MAPPER_CONFIG` (`PROTOCOL_MAPPER_ID`, `VALUE`, `NAME`) VALUES('00da574c-78a5-4bd5-a21c-ae5ed186c25b', 'true', 'access.token.claim');
INSERT INTO `PROTOCOL_MAPPER_CONFIG` (`PROTOCOL_MAPPER_ID`, `VALUE`, `NAME`) VALUES('00da574c-78a5-4bd5-a21c-ae5ed186c25b', 'locale', 'claim.name');
INSERT INTO `PROTOCOL_MAPPER_CONFIG` (`PROTOCOL_MAPPER_ID`, `VALUE`, `NAME`) VALUES('00da574c-78a5-4bd5-a21c-ae5ed186c25b', 'true', 'id.token.claim');
INSERT INTO `PROTOCOL_MAPPER_CONFIG` (`PROTOCOL_MAPPER_ID`, `VALUE`, `NAME`) VALUES('00da574c-78a5-4bd5-a21c-ae5ed186c25b', 'String', 'jsonType.label');
INSERT INTO `PROTOCOL_MAPPER_CONFIG` (`PROTOCOL_MAPPER_ID`, `VALUE`, `NAME`) VALUES('00da574c-78a5-4bd5-a21c-ae5ed186c25b', 'locale', 'user.attribute');
INSERT INTO `PROTOCOL_MAPPER_CONFIG` (`PROTOCOL_MAPPER_ID`, `VALUE`, `NAME`) VALUES('00da574c-78a5-4bd5-a21c-ae5ed186c25b', 'true', 'userinfo.token.claim');
INSERT INTO `PROTOCOL_MAPPER_CONFIG` (`PROTOCOL_MAPPER_ID`, `VALUE`, `NAME`) VALUES('0a564ad0-2b4d-448a-96fe-562679b2a779', 'true', 'access.token.claim');
INSERT INTO `PROTOCOL_MAPPER_CONFIG` (`PROTOCOL_MAPPER_ID`, `VALUE`, `NAME`) VALUES('0a564ad0-2b4d-448a-96fe-562679b2a779', 'zoneinfo', 'claim.name');
INSERT INTO `PROTOCOL_MAPPER_CONFIG` (`PROTOCOL_MAPPER_ID`, `VALUE`, `NAME`) VALUES('0a564ad0-2b4d-448a-96fe-562679b2a779', 'true', 'id.token.claim');
INSERT INTO `PROTOCOL_MAPPER_CONFIG` (`PROTOCOL_MAPPER_ID`, `VALUE`, `NAME`) VALUES('0a564ad0-2b4d-448a-96fe-562679b2a779', 'String', 'jsonType.label');
INSERT INTO `PROTOCOL_MAPPER_CONFIG` (`PROTOCOL_MAPPER_ID`, `VALUE`, `NAME`) VALUES('0a564ad0-2b4d-448a-96fe-562679b2a779', 'zoneinfo', 'user.attribute');
INSERT INTO `PROTOCOL_MAPPER_CONFIG` (`PROTOCOL_MAPPER_ID`, `VALUE`, `NAME`) VALUES('0a564ad0-2b4d-448a-96fe-562679b2a779', 'true', 'userinfo.token.claim');
INSERT INTO `PROTOCOL_MAPPER_CONFIG` (`PROTOCOL_MAPPER_ID`, `VALUE`, `NAME`) VALUES('0fb9db47-9fa0-4854-8fc9-dfce5ac2303e', 'true', 'access.token.claim');
INSERT INTO `PROTOCOL_MAPPER_CONFIG` (`PROTOCOL_MAPPER_ID`, `VALUE`, `NAME`) VALUES('0fb9db47-9fa0-4854-8fc9-dfce5ac2303e', 'resource_access.${client_id}.roles', 'claim.name');
INSERT INTO `PROTOCOL_MAPPER_CONFIG` (`PROTOCOL_MAPPER_ID`, `VALUE`, `NAME`) VALUES('0fb9db47-9fa0-4854-8fc9-dfce5ac2303e', 'String', 'jsonType.label');
INSERT INTO `PROTOCOL_MAPPER_CONFIG` (`PROTOCOL_MAPPER_ID`, `VALUE`, `NAME`) VALUES('0fb9db47-9fa0-4854-8fc9-dfce5ac2303e', 'true', 'multivalued');
INSERT INTO `PROTOCOL_MAPPER_CONFIG` (`PROTOCOL_MAPPER_ID`, `VALUE`, `NAME`) VALUES('0fb9db47-9fa0-4854-8fc9-dfce5ac2303e', 'foo', 'user.attribute');
INSERT INTO `PROTOCOL_MAPPER_CONFIG` (`PROTOCOL_MAPPER_ID`, `VALUE`, `NAME`) VALUES('1bf76e34-3667-4bae-8918-77490e3b3722', 'true', 'access.token.claim');
INSERT INTO `PROTOCOL_MAPPER_CONFIG` (`PROTOCOL_MAPPER_ID`, `VALUE`, `NAME`) VALUES('1bf76e34-3667-4bae-8918-77490e3b3722', 'birthdate', 'claim.name');
INSERT INTO `PROTOCOL_MAPPER_CONFIG` (`PROTOCOL_MAPPER_ID`, `VALUE`, `NAME`) VALUES('1bf76e34-3667-4bae-8918-77490e3b3722', 'true', 'id.token.claim');
INSERT INTO `PROTOCOL_MAPPER_CONFIG` (`PROTOCOL_MAPPER_ID`, `VALUE`, `NAME`) VALUES('1bf76e34-3667-4bae-8918-77490e3b3722', 'String', 'jsonType.label');
INSERT INTO `PROTOCOL_MAPPER_CONFIG` (`PROTOCOL_MAPPER_ID`, `VALUE`, `NAME`) VALUES('1bf76e34-3667-4bae-8918-77490e3b3722', 'birthdate', 'user.attribute');
INSERT INTO `PROTOCOL_MAPPER_CONFIG` (`PROTOCOL_MAPPER_ID`, `VALUE`, `NAME`) VALUES('1bf76e34-3667-4bae-8918-77490e3b3722', 'true', 'userinfo.token.claim');
INSERT INTO `PROTOCOL_MAPPER_CONFIG` (`PROTOCOL_MAPPER_ID`, `VALUE`, `NAME`) VALUES('1ce812c8-41d5-485a-8e7a-8c53838f0210', 'true', 'access.token.claim');
INSERT INTO `PROTOCOL_MAPPER_CONFIG` (`PROTOCOL_MAPPER_ID`, `VALUE`, `NAME`) VALUES('1ce812c8-41d5-485a-8e7a-8c53838f0210', 'upn', 'claim.name');
INSERT INTO `PROTOCOL_MAPPER_CONFIG` (`PROTOCOL_MAPPER_ID`, `VALUE`, `NAME`) VALUES('1ce812c8-41d5-485a-8e7a-8c53838f0210', 'true', 'id.token.claim');
INSERT INTO `PROTOCOL_MAPPER_CONFIG` (`PROTOCOL_MAPPER_ID`, `VALUE`, `NAME`) VALUES('1ce812c8-41d5-485a-8e7a-8c53838f0210', 'String', 'jsonType.label');
INSERT INTO `PROTOCOL_MAPPER_CONFIG` (`PROTOCOL_MAPPER_ID`, `VALUE`, `NAME`) VALUES('1ce812c8-41d5-485a-8e7a-8c53838f0210', 'username', 'user.attribute');
INSERT INTO `PROTOCOL_MAPPER_CONFIG` (`PROTOCOL_MAPPER_ID`, `VALUE`, `NAME`) VALUES('1ce812c8-41d5-485a-8e7a-8c53838f0210', 'true', 'userinfo.token.claim');
INSERT INTO `PROTOCOL_MAPPER_CONFIG` (`PROTOCOL_MAPPER_ID`, `VALUE`, `NAME`) VALUES('2057d2f7-5bac-4310-954d-d2771a9ed0b8', 'true', 'access.token.claim');
INSERT INTO `PROTOCOL_MAPPER_CONFIG` (`PROTOCOL_MAPPER_ID`, `VALUE`, `NAME`) VALUES('2057d2f7-5bac-4310-954d-d2771a9ed0b8', 'picture', 'claim.name');
INSERT INTO `PROTOCOL_MAPPER_CONFIG` (`PROTOCOL_MAPPER_ID`, `VALUE`, `NAME`) VALUES('2057d2f7-5bac-4310-954d-d2771a9ed0b8', 'true', 'id.token.claim');
INSERT INTO `PROTOCOL_MAPPER_CONFIG` (`PROTOCOL_MAPPER_ID`, `VALUE`, `NAME`) VALUES('2057d2f7-5bac-4310-954d-d2771a9ed0b8', 'String', 'jsonType.label');
INSERT INTO `PROTOCOL_MAPPER_CONFIG` (`PROTOCOL_MAPPER_ID`, `VALUE`, `NAME`) VALUES('2057d2f7-5bac-4310-954d-d2771a9ed0b8', 'picture', 'user.attribute');
INSERT INTO `PROTOCOL_MAPPER_CONFIG` (`PROTOCOL_MAPPER_ID`, `VALUE`, `NAME`) VALUES('2057d2f7-5bac-4310-954d-d2771a9ed0b8', 'true', 'userinfo.token.claim');
INSERT INTO `PROTOCOL_MAPPER_CONFIG` (`PROTOCOL_MAPPER_ID`, `VALUE`, `NAME`) VALUES('2401fe79-d779-4b1b-8310-d795e02e58ad', 'true', 'access.token.claim');
INSERT INTO `PROTOCOL_MAPPER_CONFIG` (`PROTOCOL_MAPPER_ID`, `VALUE`, `NAME`) VALUES('2401fe79-d779-4b1b-8310-d795e02e58ad', 'realm_access.roles', 'claim.name');
INSERT INTO `PROTOCOL_MAPPER_CONFIG` (`PROTOCOL_MAPPER_ID`, `VALUE`, `NAME`) VALUES('2401fe79-d779-4b1b-8310-d795e02e58ad', 'String', 'jsonType.label');
INSERT INTO `PROTOCOL_MAPPER_CONFIG` (`PROTOCOL_MAPPER_ID`, `VALUE`, `NAME`) VALUES('2401fe79-d779-4b1b-8310-d795e02e58ad', 'true', 'multivalued');
INSERT INTO `PROTOCOL_MAPPER_CONFIG` (`PROTOCOL_MAPPER_ID`, `VALUE`, `NAME`) VALUES('2401fe79-d779-4b1b-8310-d795e02e58ad', 'foo', 'user.attribute');
INSERT INTO `PROTOCOL_MAPPER_CONFIG` (`PROTOCOL_MAPPER_ID`, `VALUE`, `NAME`) VALUES('2845697d-efb4-420c-8c70-6d884c15e105', 'true', 'access.token.claim');
INSERT INTO `PROTOCOL_MAPPER_CONFIG` (`PROTOCOL_MAPPER_ID`, `VALUE`, `NAME`) VALUES('2845697d-efb4-420c-8c70-6d884c15e105', 'upn', 'claim.name');
INSERT INTO `PROTOCOL_MAPPER_CONFIG` (`PROTOCOL_MAPPER_ID`, `VALUE`, `NAME`) VALUES('2845697d-efb4-420c-8c70-6d884c15e105', 'true', 'id.token.claim');
INSERT INTO `PROTOCOL_MAPPER_CONFIG` (`PROTOCOL_MAPPER_ID`, `VALUE`, `NAME`) VALUES('2845697d-efb4-420c-8c70-6d884c15e105', 'String', 'jsonType.label');
INSERT INTO `PROTOCOL_MAPPER_CONFIG` (`PROTOCOL_MAPPER_ID`, `VALUE`, `NAME`) VALUES('2845697d-efb4-420c-8c70-6d884c15e105', 'username', 'user.attribute');
INSERT INTO `PROTOCOL_MAPPER_CONFIG` (`PROTOCOL_MAPPER_ID`, `VALUE`, `NAME`) VALUES('2845697d-efb4-420c-8c70-6d884c15e105', 'true', 'userinfo.token.claim');
INSERT INTO `PROTOCOL_MAPPER_CONFIG` (`PROTOCOL_MAPPER_ID`, `VALUE`, `NAME`) VALUES('285eccb6-fd7a-4bc8-a2ce-93351638f46a', 'true', 'access.token.claim');
INSERT INTO `PROTOCOL_MAPPER_CONFIG` (`PROTOCOL_MAPPER_ID`, `VALUE`, `NAME`) VALUES('285eccb6-fd7a-4bc8-a2ce-93351638f46a', 'realm_access.roles', 'claim.name');
INSERT INTO `PROTOCOL_MAPPER_CONFIG` (`PROTOCOL_MAPPER_ID`, `VALUE`, `NAME`) VALUES('285eccb6-fd7a-4bc8-a2ce-93351638f46a', 'String', 'jsonType.label');
INSERT INTO `PROTOCOL_MAPPER_CONFIG` (`PROTOCOL_MAPPER_ID`, `VALUE`, `NAME`) VALUES('285eccb6-fd7a-4bc8-a2ce-93351638f46a', 'true', 'multivalued');
INSERT INTO `PROTOCOL_MAPPER_CONFIG` (`PROTOCOL_MAPPER_ID`, `VALUE`, `NAME`) VALUES('285eccb6-fd7a-4bc8-a2ce-93351638f46a', 'foo', 'user.attribute');
INSERT INTO `PROTOCOL_MAPPER_CONFIG` (`PROTOCOL_MAPPER_ID`, `VALUE`, `NAME`) VALUES('2e9cfc4e-e3f6-4523-8cd7-c4ca68c3e587', 'true', 'access.token.claim');
INSERT INTO `PROTOCOL_MAPPER_CONFIG` (`PROTOCOL_MAPPER_ID`, `VALUE`, `NAME`) VALUES('2e9cfc4e-e3f6-4523-8cd7-c4ca68c3e587', 'groups', 'claim.name');
INSERT INTO `PROTOCOL_MAPPER_CONFIG` (`PROTOCOL_MAPPER_ID`, `VALUE`, `NAME`) VALUES('2e9cfc4e-e3f6-4523-8cd7-c4ca68c3e587', 'true', 'id.token.claim');
INSERT INTO `PROTOCOL_MAPPER_CONFIG` (`PROTOCOL_MAPPER_ID`, `VALUE`, `NAME`) VALUES('2e9cfc4e-e3f6-4523-8cd7-c4ca68c3e587', 'String', 'jsonType.label');
INSERT INTO `PROTOCOL_MAPPER_CONFIG` (`PROTOCOL_MAPPER_ID`, `VALUE`, `NAME`) VALUES('2e9cfc4e-e3f6-4523-8cd7-c4ca68c3e587', 'true', 'multivalued');
INSERT INTO `PROTOCOL_MAPPER_CONFIG` (`PROTOCOL_MAPPER_ID`, `VALUE`, `NAME`) VALUES('2e9cfc4e-e3f6-4523-8cd7-c4ca68c3e587', 'foo', 'user.attribute');
INSERT INTO `PROTOCOL_MAPPER_CONFIG` (`PROTOCOL_MAPPER_ID`, `VALUE`, `NAME`) VALUES('3003bc91-040c-4dc4-88d8-d5dca0504f41', 'true', 'access.token.claim');
INSERT INTO `PROTOCOL_MAPPER_CONFIG` (`PROTOCOL_MAPPER_ID`, `VALUE`, `NAME`) VALUES('3003bc91-040c-4dc4-88d8-d5dca0504f41', 'locale', 'claim.name');
INSERT INTO `PROTOCOL_MAPPER_CONFIG` (`PROTOCOL_MAPPER_ID`, `VALUE`, `NAME`) VALUES('3003bc91-040c-4dc4-88d8-d5dca0504f41', 'true', 'id.token.claim');
INSERT INTO `PROTOCOL_MAPPER_CONFIG` (`PROTOCOL_MAPPER_ID`, `VALUE`, `NAME`) VALUES('3003bc91-040c-4dc4-88d8-d5dca0504f41', 'String', 'jsonType.label');
INSERT INTO `PROTOCOL_MAPPER_CONFIG` (`PROTOCOL_MAPPER_ID`, `VALUE`, `NAME`) VALUES('3003bc91-040c-4dc4-88d8-d5dca0504f41', 'locale', 'user.attribute');
INSERT INTO `PROTOCOL_MAPPER_CONFIG` (`PROTOCOL_MAPPER_ID`, `VALUE`, `NAME`) VALUES('3003bc91-040c-4dc4-88d8-d5dca0504f41', 'true', 'userinfo.token.claim');
INSERT INTO `PROTOCOL_MAPPER_CONFIG` (`PROTOCOL_MAPPER_ID`, `VALUE`, `NAME`) VALUES('3efb0cdd-21bb-4827-892a-009c922a2f0b', 'true', 'access.token.claim');
INSERT INTO `PROTOCOL_MAPPER_CONFIG` (`PROTOCOL_MAPPER_ID`, `VALUE`, `NAME`) VALUES('3efb0cdd-21bb-4827-892a-009c922a2f0b', 'picture', 'claim.name');
INSERT INTO `PROTOCOL_MAPPER_CONFIG` (`PROTOCOL_MAPPER_ID`, `VALUE`, `NAME`) VALUES('3efb0cdd-21bb-4827-892a-009c922a2f0b', 'true', 'id.token.claim');
INSERT INTO `PROTOCOL_MAPPER_CONFIG` (`PROTOCOL_MAPPER_ID`, `VALUE`, `NAME`) VALUES('3efb0cdd-21bb-4827-892a-009c922a2f0b', 'String', 'jsonType.label');
INSERT INTO `PROTOCOL_MAPPER_CONFIG` (`PROTOCOL_MAPPER_ID`, `VALUE`, `NAME`) VALUES('3efb0cdd-21bb-4827-892a-009c922a2f0b', 'picture', 'user.attribute');
INSERT INTO `PROTOCOL_MAPPER_CONFIG` (`PROTOCOL_MAPPER_ID`, `VALUE`, `NAME`) VALUES('3efb0cdd-21bb-4827-892a-009c922a2f0b', 'true', 'userinfo.token.claim');
INSERT INTO `PROTOCOL_MAPPER_CONFIG` (`PROTOCOL_MAPPER_ID`, `VALUE`, `NAME`) VALUES('44a8ed60-1814-4520-8e3c-52d40ea7a5d6', 'true', 'access.token.claim');
INSERT INTO `PROTOCOL_MAPPER_CONFIG` (`PROTOCOL_MAPPER_ID`, `VALUE`, `NAME`) VALUES('44a8ed60-1814-4520-8e3c-52d40ea7a5d6', 'gender', 'claim.name');
INSERT INTO `PROTOCOL_MAPPER_CONFIG` (`PROTOCOL_MAPPER_ID`, `VALUE`, `NAME`) VALUES('44a8ed60-1814-4520-8e3c-52d40ea7a5d6', 'true', 'id.token.claim');
INSERT INTO `PROTOCOL_MAPPER_CONFIG` (`PROTOCOL_MAPPER_ID`, `VALUE`, `NAME`) VALUES('44a8ed60-1814-4520-8e3c-52d40ea7a5d6', 'String', 'jsonType.label');
INSERT INTO `PROTOCOL_MAPPER_CONFIG` (`PROTOCOL_MAPPER_ID`, `VALUE`, `NAME`) VALUES('44a8ed60-1814-4520-8e3c-52d40ea7a5d6', 'gender', 'user.attribute');
INSERT INTO `PROTOCOL_MAPPER_CONFIG` (`PROTOCOL_MAPPER_ID`, `VALUE`, `NAME`) VALUES('44a8ed60-1814-4520-8e3c-52d40ea7a5d6', 'true', 'userinfo.token.claim');
INSERT INTO `PROTOCOL_MAPPER_CONFIG` (`PROTOCOL_MAPPER_ID`, `VALUE`, `NAME`) VALUES('4760e17c-f301-44a6-b0b5-5fd7501e643e', 'true', 'access.token.claim');
INSERT INTO `PROTOCOL_MAPPER_CONFIG` (`PROTOCOL_MAPPER_ID`, `VALUE`, `NAME`) VALUES('4760e17c-f301-44a6-b0b5-5fd7501e643e', 'groups', 'claim.name');
INSERT INTO `PROTOCOL_MAPPER_CONFIG` (`PROTOCOL_MAPPER_ID`, `VALUE`, `NAME`) VALUES('4760e17c-f301-44a6-b0b5-5fd7501e643e', 'true', 'id.token.claim');
INSERT INTO `PROTOCOL_MAPPER_CONFIG` (`PROTOCOL_MAPPER_ID`, `VALUE`, `NAME`) VALUES('4760e17c-f301-44a6-b0b5-5fd7501e643e', 'String', 'jsonType.label');
INSERT INTO `PROTOCOL_MAPPER_CONFIG` (`PROTOCOL_MAPPER_ID`, `VALUE`, `NAME`) VALUES('4760e17c-f301-44a6-b0b5-5fd7501e643e', 'true', 'multivalued');
INSERT INTO `PROTOCOL_MAPPER_CONFIG` (`PROTOCOL_MAPPER_ID`, `VALUE`, `NAME`) VALUES('4760e17c-f301-44a6-b0b5-5fd7501e643e', 'foo', 'user.attribute');
INSERT INTO `PROTOCOL_MAPPER_CONFIG` (`PROTOCOL_MAPPER_ID`, `VALUE`, `NAME`) VALUES('55c38134-a8b8-4110-a15d-3b76fbe2ae63', 'true', 'access.token.claim');
INSERT INTO `PROTOCOL_MAPPER_CONFIG` (`PROTOCOL_MAPPER_ID`, `VALUE`, `NAME`) VALUES('55c38134-a8b8-4110-a15d-3b76fbe2ae63', 'profile', 'claim.name');
INSERT INTO `PROTOCOL_MAPPER_CONFIG` (`PROTOCOL_MAPPER_ID`, `VALUE`, `NAME`) VALUES('55c38134-a8b8-4110-a15d-3b76fbe2ae63', 'true', 'id.token.claim');
INSERT INTO `PROTOCOL_MAPPER_CONFIG` (`PROTOCOL_MAPPER_ID`, `VALUE`, `NAME`) VALUES('55c38134-a8b8-4110-a15d-3b76fbe2ae63', 'String', 'jsonType.label');
INSERT INTO `PROTOCOL_MAPPER_CONFIG` (`PROTOCOL_MAPPER_ID`, `VALUE`, `NAME`) VALUES('55c38134-a8b8-4110-a15d-3b76fbe2ae63', 'profile', 'user.attribute');
INSERT INTO `PROTOCOL_MAPPER_CONFIG` (`PROTOCOL_MAPPER_ID`, `VALUE`, `NAME`) VALUES('55c38134-a8b8-4110-a15d-3b76fbe2ae63', 'true', 'userinfo.token.claim');
INSERT INTO `PROTOCOL_MAPPER_CONFIG` (`PROTOCOL_MAPPER_ID`, `VALUE`, `NAME`) VALUES('61d1c953-72ff-4746-9e23-06e38e25aec8', 'true', 'access.token.claim');
INSERT INTO `PROTOCOL_MAPPER_CONFIG` (`PROTOCOL_MAPPER_ID`, `VALUE`, `NAME`) VALUES('61d1c953-72ff-4746-9e23-06e38e25aec8', 'true', 'id.token.claim');
INSERT INTO `PROTOCOL_MAPPER_CONFIG` (`PROTOCOL_MAPPER_ID`, `VALUE`, `NAME`) VALUES('61d1c953-72ff-4746-9e23-06e38e25aec8', 'country', 'user.attribute.country');
INSERT INTO `PROTOCOL_MAPPER_CONFIG` (`PROTOCOL_MAPPER_ID`, `VALUE`, `NAME`) VALUES('61d1c953-72ff-4746-9e23-06e38e25aec8', 'formatted', 'user.attribute.formatted');
INSERT INTO `PROTOCOL_MAPPER_CONFIG` (`PROTOCOL_MAPPER_ID`, `VALUE`, `NAME`) VALUES('61d1c953-72ff-4746-9e23-06e38e25aec8', 'locality', 'user.attribute.locality');
INSERT INTO `PROTOCOL_MAPPER_CONFIG` (`PROTOCOL_MAPPER_ID`, `VALUE`, `NAME`) VALUES('61d1c953-72ff-4746-9e23-06e38e25aec8', 'postal_code', 'user.attribute.postal_code');
INSERT INTO `PROTOCOL_MAPPER_CONFIG` (`PROTOCOL_MAPPER_ID`, `VALUE`, `NAME`) VALUES('61d1c953-72ff-4746-9e23-06e38e25aec8', 'region', 'user.attribute.region');
INSERT INTO `PROTOCOL_MAPPER_CONFIG` (`PROTOCOL_MAPPER_ID`, `VALUE`, `NAME`) VALUES('61d1c953-72ff-4746-9e23-06e38e25aec8', 'street', 'user.attribute.street');
INSERT INTO `PROTOCOL_MAPPER_CONFIG` (`PROTOCOL_MAPPER_ID`, `VALUE`, `NAME`) VALUES('61d1c953-72ff-4746-9e23-06e38e25aec8', 'true', 'userinfo.token.claim');
INSERT INTO `PROTOCOL_MAPPER_CONFIG` (`PROTOCOL_MAPPER_ID`, `VALUE`, `NAME`) VALUES('63967d62-c93e-423d-aedb-311b1c773065', 'true', 'access.token.claim');
INSERT INTO `PROTOCOL_MAPPER_CONFIG` (`PROTOCOL_MAPPER_ID`, `VALUE`, `NAME`) VALUES('63967d62-c93e-423d-aedb-311b1c773065', 'profile', 'claim.name');
INSERT INTO `PROTOCOL_MAPPER_CONFIG` (`PROTOCOL_MAPPER_ID`, `VALUE`, `NAME`) VALUES('63967d62-c93e-423d-aedb-311b1c773065', 'true', 'id.token.claim');
INSERT INTO `PROTOCOL_MAPPER_CONFIG` (`PROTOCOL_MAPPER_ID`, `VALUE`, `NAME`) VALUES('63967d62-c93e-423d-aedb-311b1c773065', 'String', 'jsonType.label');
INSERT INTO `PROTOCOL_MAPPER_CONFIG` (`PROTOCOL_MAPPER_ID`, `VALUE`, `NAME`) VALUES('63967d62-c93e-423d-aedb-311b1c773065', 'profile', 'user.attribute');
INSERT INTO `PROTOCOL_MAPPER_CONFIG` (`PROTOCOL_MAPPER_ID`, `VALUE`, `NAME`) VALUES('63967d62-c93e-423d-aedb-311b1c773065', 'true', 'userinfo.token.claim');
INSERT INTO `PROTOCOL_MAPPER_CONFIG` (`PROTOCOL_MAPPER_ID`, `VALUE`, `NAME`) VALUES('68bf428e-cd88-4b9e-9b80-542baa966773', 'true', 'access.token.claim');
INSERT INTO `PROTOCOL_MAPPER_CONFIG` (`PROTOCOL_MAPPER_ID`, `VALUE`, `NAME`) VALUES('68bf428e-cd88-4b9e-9b80-542baa966773', 'given_name', 'claim.name');
INSERT INTO `PROTOCOL_MAPPER_CONFIG` (`PROTOCOL_MAPPER_ID`, `VALUE`, `NAME`) VALUES('68bf428e-cd88-4b9e-9b80-542baa966773', 'true', 'id.token.claim');
INSERT INTO `PROTOCOL_MAPPER_CONFIG` (`PROTOCOL_MAPPER_ID`, `VALUE`, `NAME`) VALUES('68bf428e-cd88-4b9e-9b80-542baa966773', 'String', 'jsonType.label');
INSERT INTO `PROTOCOL_MAPPER_CONFIG` (`PROTOCOL_MAPPER_ID`, `VALUE`, `NAME`) VALUES('68bf428e-cd88-4b9e-9b80-542baa966773', 'firstName', 'user.attribute');
INSERT INTO `PROTOCOL_MAPPER_CONFIG` (`PROTOCOL_MAPPER_ID`, `VALUE`, `NAME`) VALUES('68bf428e-cd88-4b9e-9b80-542baa966773', 'true', 'userinfo.token.claim');
INSERT INTO `PROTOCOL_MAPPER_CONFIG` (`PROTOCOL_MAPPER_ID`, `VALUE`, `NAME`) VALUES('6e8d56bd-a8bb-41ea-ae6b-6159710f88d2', 'true', 'access.token.claim');
INSERT INTO `PROTOCOL_MAPPER_CONFIG` (`PROTOCOL_MAPPER_ID`, `VALUE`, `NAME`) VALUES('6e8d56bd-a8bb-41ea-ae6b-6159710f88d2', 'family_name', 'claim.name');
INSERT INTO `PROTOCOL_MAPPER_CONFIG` (`PROTOCOL_MAPPER_ID`, `VALUE`, `NAME`) VALUES('6e8d56bd-a8bb-41ea-ae6b-6159710f88d2', 'true', 'id.token.claim');
INSERT INTO `PROTOCOL_MAPPER_CONFIG` (`PROTOCOL_MAPPER_ID`, `VALUE`, `NAME`) VALUES('6e8d56bd-a8bb-41ea-ae6b-6159710f88d2', 'String', 'jsonType.label');
INSERT INTO `PROTOCOL_MAPPER_CONFIG` (`PROTOCOL_MAPPER_ID`, `VALUE`, `NAME`) VALUES('6e8d56bd-a8bb-41ea-ae6b-6159710f88d2', 'lastName', 'user.attribute');
INSERT INTO `PROTOCOL_MAPPER_CONFIG` (`PROTOCOL_MAPPER_ID`, `VALUE`, `NAME`) VALUES('6e8d56bd-a8bb-41ea-ae6b-6159710f88d2', 'true', 'userinfo.token.claim');
INSERT INTO `PROTOCOL_MAPPER_CONFIG` (`PROTOCOL_MAPPER_ID`, `VALUE`, `NAME`) VALUES('733d415e-3e22-4728-bd61-ee22fb779eeb', 'true', 'access.token.claim');
INSERT INTO `PROTOCOL_MAPPER_CONFIG` (`PROTOCOL_MAPPER_ID`, `VALUE`, `NAME`) VALUES('733d415e-3e22-4728-bd61-ee22fb779eeb', 'birthdate', 'claim.name');
INSERT INTO `PROTOCOL_MAPPER_CONFIG` (`PROTOCOL_MAPPER_ID`, `VALUE`, `NAME`) VALUES('733d415e-3e22-4728-bd61-ee22fb779eeb', 'true', 'id.token.claim');
INSERT INTO `PROTOCOL_MAPPER_CONFIG` (`PROTOCOL_MAPPER_ID`, `VALUE`, `NAME`) VALUES('733d415e-3e22-4728-bd61-ee22fb779eeb', 'String', 'jsonType.label');
INSERT INTO `PROTOCOL_MAPPER_CONFIG` (`PROTOCOL_MAPPER_ID`, `VALUE`, `NAME`) VALUES('733d415e-3e22-4728-bd61-ee22fb779eeb', 'birthdate', 'user.attribute');
INSERT INTO `PROTOCOL_MAPPER_CONFIG` (`PROTOCOL_MAPPER_ID`, `VALUE`, `NAME`) VALUES('733d415e-3e22-4728-bd61-ee22fb779eeb', 'true', 'userinfo.token.claim');
INSERT INTO `PROTOCOL_MAPPER_CONFIG` (`PROTOCOL_MAPPER_ID`, `VALUE`, `NAME`) VALUES('758cf2b7-0196-484b-add0-1a1fdf6dbf11', 'true', 'access.token.claim');
INSERT INTO `PROTOCOL_MAPPER_CONFIG` (`PROTOCOL_MAPPER_ID`, `VALUE`, `NAME`) VALUES('758cf2b7-0196-484b-add0-1a1fdf6dbf11', 'nickname', 'claim.name');
INSERT INTO `PROTOCOL_MAPPER_CONFIG` (`PROTOCOL_MAPPER_ID`, `VALUE`, `NAME`) VALUES('758cf2b7-0196-484b-add0-1a1fdf6dbf11', 'true', 'id.token.claim');
INSERT INTO `PROTOCOL_MAPPER_CONFIG` (`PROTOCOL_MAPPER_ID`, `VALUE`, `NAME`) VALUES('758cf2b7-0196-484b-add0-1a1fdf6dbf11', 'String', 'jsonType.label');
INSERT INTO `PROTOCOL_MAPPER_CONFIG` (`PROTOCOL_MAPPER_ID`, `VALUE`, `NAME`) VALUES('758cf2b7-0196-484b-add0-1a1fdf6dbf11', 'nickname', 'user.attribute');
INSERT INTO `PROTOCOL_MAPPER_CONFIG` (`PROTOCOL_MAPPER_ID`, `VALUE`, `NAME`) VALUES('758cf2b7-0196-484b-add0-1a1fdf6dbf11', 'true', 'userinfo.token.claim');
INSERT INTO `PROTOCOL_MAPPER_CONFIG` (`PROTOCOL_MAPPER_ID`, `VALUE`, `NAME`) VALUES('7775c86c-f1b1-492b-b186-8c040f71cb26', 'true', 'access.token.claim');
INSERT INTO `PROTOCOL_MAPPER_CONFIG` (`PROTOCOL_MAPPER_ID`, `VALUE`, `NAME`) VALUES('7775c86c-f1b1-492b-b186-8c040f71cb26', 'updated_at', 'claim.name');
INSERT INTO `PROTOCOL_MAPPER_CONFIG` (`PROTOCOL_MAPPER_ID`, `VALUE`, `NAME`) VALUES('7775c86c-f1b1-492b-b186-8c040f71cb26', 'true', 'id.token.claim');
INSERT INTO `PROTOCOL_MAPPER_CONFIG` (`PROTOCOL_MAPPER_ID`, `VALUE`, `NAME`) VALUES('7775c86c-f1b1-492b-b186-8c040f71cb26', 'long', 'jsonType.label');
INSERT INTO `PROTOCOL_MAPPER_CONFIG` (`PROTOCOL_MAPPER_ID`, `VALUE`, `NAME`) VALUES('7775c86c-f1b1-492b-b186-8c040f71cb26', 'updatedAt', 'user.attribute');
INSERT INTO `PROTOCOL_MAPPER_CONFIG` (`PROTOCOL_MAPPER_ID`, `VALUE`, `NAME`) VALUES('7775c86c-f1b1-492b-b186-8c040f71cb26', 'true', 'userinfo.token.claim');
INSERT INTO `PROTOCOL_MAPPER_CONFIG` (`PROTOCOL_MAPPER_ID`, `VALUE`, `NAME`) VALUES('796355c4-05e0-4d84-898a-cc098eb3c799', 'true', 'access.token.claim');
INSERT INTO `PROTOCOL_MAPPER_CONFIG` (`PROTOCOL_MAPPER_ID`, `VALUE`, `NAME`) VALUES('796355c4-05e0-4d84-898a-cc098eb3c799', 'family_name', 'claim.name');
INSERT INTO `PROTOCOL_MAPPER_CONFIG` (`PROTOCOL_MAPPER_ID`, `VALUE`, `NAME`) VALUES('796355c4-05e0-4d84-898a-cc098eb3c799', 'true', 'id.token.claim');
INSERT INTO `PROTOCOL_MAPPER_CONFIG` (`PROTOCOL_MAPPER_ID`, `VALUE`, `NAME`) VALUES('796355c4-05e0-4d84-898a-cc098eb3c799', 'String', 'jsonType.label');
INSERT INTO `PROTOCOL_MAPPER_CONFIG` (`PROTOCOL_MAPPER_ID`, `VALUE`, `NAME`) VALUES('796355c4-05e0-4d84-898a-cc098eb3c799', 'lastName', 'user.attribute');
INSERT INTO `PROTOCOL_MAPPER_CONFIG` (`PROTOCOL_MAPPER_ID`, `VALUE`, `NAME`) VALUES('796355c4-05e0-4d84-898a-cc098eb3c799', 'true', 'userinfo.token.claim');
INSERT INTO `PROTOCOL_MAPPER_CONFIG` (`PROTOCOL_MAPPER_ID`, `VALUE`, `NAME`) VALUES('8293d02d-db83-443a-8b19-bb89f3066208', 'true', 'access.token.claim');
INSERT INTO `PROTOCOL_MAPPER_CONFIG` (`PROTOCOL_MAPPER_ID`, `VALUE`, `NAME`) VALUES('8293d02d-db83-443a-8b19-bb89f3066208', 'given_name', 'claim.name');
INSERT INTO `PROTOCOL_MAPPER_CONFIG` (`PROTOCOL_MAPPER_ID`, `VALUE`, `NAME`) VALUES('8293d02d-db83-443a-8b19-bb89f3066208', 'true', 'id.token.claim');
INSERT INTO `PROTOCOL_MAPPER_CONFIG` (`PROTOCOL_MAPPER_ID`, `VALUE`, `NAME`) VALUES('8293d02d-db83-443a-8b19-bb89f3066208', 'String', 'jsonType.label');
INSERT INTO `PROTOCOL_MAPPER_CONFIG` (`PROTOCOL_MAPPER_ID`, `VALUE`, `NAME`) VALUES('8293d02d-db83-443a-8b19-bb89f3066208', 'firstName', 'user.attribute');
INSERT INTO `PROTOCOL_MAPPER_CONFIG` (`PROTOCOL_MAPPER_ID`, `VALUE`, `NAME`) VALUES('8293d02d-db83-443a-8b19-bb89f3066208', 'true', 'userinfo.token.claim');
INSERT INTO `PROTOCOL_MAPPER_CONFIG` (`PROTOCOL_MAPPER_ID`, `VALUE`, `NAME`) VALUES('83385759-c2ba-4497-a682-d908d16e4dcb', 'true', 'access.token.claim');
INSERT INTO `PROTOCOL_MAPPER_CONFIG` (`PROTOCOL_MAPPER_ID`, `VALUE`, `NAME`) VALUES('83385759-c2ba-4497-a682-d908d16e4dcb', 'email', 'claim.name');
INSERT INTO `PROTOCOL_MAPPER_CONFIG` (`PROTOCOL_MAPPER_ID`, `VALUE`, `NAME`) VALUES('83385759-c2ba-4497-a682-d908d16e4dcb', 'true', 'id.token.claim');
INSERT INTO `PROTOCOL_MAPPER_CONFIG` (`PROTOCOL_MAPPER_ID`, `VALUE`, `NAME`) VALUES('83385759-c2ba-4497-a682-d908d16e4dcb', 'String', 'jsonType.label');
INSERT INTO `PROTOCOL_MAPPER_CONFIG` (`PROTOCOL_MAPPER_ID`, `VALUE`, `NAME`) VALUES('83385759-c2ba-4497-a682-d908d16e4dcb', 'email', 'user.attribute');
INSERT INTO `PROTOCOL_MAPPER_CONFIG` (`PROTOCOL_MAPPER_ID`, `VALUE`, `NAME`) VALUES('83385759-c2ba-4497-a682-d908d16e4dcb', 'true', 'userinfo.token.claim');
INSERT INTO `PROTOCOL_MAPPER_CONFIG` (`PROTOCOL_MAPPER_ID`, `VALUE`, `NAME`) VALUES('844f626b-b701-49a4-a044-8aba25401e95', 'true', 'access.token.claim');
INSERT INTO `PROTOCOL_MAPPER_CONFIG` (`PROTOCOL_MAPPER_ID`, `VALUE`, `NAME`) VALUES('844f626b-b701-49a4-a044-8aba25401e95', 'phone_number', 'claim.name');
INSERT INTO `PROTOCOL_MAPPER_CONFIG` (`PROTOCOL_MAPPER_ID`, `VALUE`, `NAME`) VALUES('844f626b-b701-49a4-a044-8aba25401e95', 'true', 'id.token.claim');
INSERT INTO `PROTOCOL_MAPPER_CONFIG` (`PROTOCOL_MAPPER_ID`, `VALUE`, `NAME`) VALUES('844f626b-b701-49a4-a044-8aba25401e95', 'String', 'jsonType.label');
INSERT INTO `PROTOCOL_MAPPER_CONFIG` (`PROTOCOL_MAPPER_ID`, `VALUE`, `NAME`) VALUES('844f626b-b701-49a4-a044-8aba25401e95', 'phoneNumber', 'user.attribute');
INSERT INTO `PROTOCOL_MAPPER_CONFIG` (`PROTOCOL_MAPPER_ID`, `VALUE`, `NAME`) VALUES('844f626b-b701-49a4-a044-8aba25401e95', 'true', 'userinfo.token.claim');
INSERT INTO `PROTOCOL_MAPPER_CONFIG` (`PROTOCOL_MAPPER_ID`, `VALUE`, `NAME`) VALUES('8d591504-14ef-40e4-abdb-7c16163d2f05', 'true', 'access.token.claim');
INSERT INTO `PROTOCOL_MAPPER_CONFIG` (`PROTOCOL_MAPPER_ID`, `VALUE`, `NAME`) VALUES('8d591504-14ef-40e4-abdb-7c16163d2f05', 'true', 'id.token.claim');
INSERT INTO `PROTOCOL_MAPPER_CONFIG` (`PROTOCOL_MAPPER_ID`, `VALUE`, `NAME`) VALUES('8d591504-14ef-40e4-abdb-7c16163d2f05', 'country', 'user.attribute.country');
INSERT INTO `PROTOCOL_MAPPER_CONFIG` (`PROTOCOL_MAPPER_ID`, `VALUE`, `NAME`) VALUES('8d591504-14ef-40e4-abdb-7c16163d2f05', 'formatted', 'user.attribute.formatted');
INSERT INTO `PROTOCOL_MAPPER_CONFIG` (`PROTOCOL_MAPPER_ID`, `VALUE`, `NAME`) VALUES('8d591504-14ef-40e4-abdb-7c16163d2f05', 'locality', 'user.attribute.locality');
INSERT INTO `PROTOCOL_MAPPER_CONFIG` (`PROTOCOL_MAPPER_ID`, `VALUE`, `NAME`) VALUES('8d591504-14ef-40e4-abdb-7c16163d2f05', 'postal_code', 'user.attribute.postal_code');
INSERT INTO `PROTOCOL_MAPPER_CONFIG` (`PROTOCOL_MAPPER_ID`, `VALUE`, `NAME`) VALUES('8d591504-14ef-40e4-abdb-7c16163d2f05', 'region', 'user.attribute.region');
INSERT INTO `PROTOCOL_MAPPER_CONFIG` (`PROTOCOL_MAPPER_ID`, `VALUE`, `NAME`) VALUES('8d591504-14ef-40e4-abdb-7c16163d2f05', 'street', 'user.attribute.street');
INSERT INTO `PROTOCOL_MAPPER_CONFIG` (`PROTOCOL_MAPPER_ID`, `VALUE`, `NAME`) VALUES('8d591504-14ef-40e4-abdb-7c16163d2f05', 'true', 'userinfo.token.claim');
INSERT INTO `PROTOCOL_MAPPER_CONFIG` (`PROTOCOL_MAPPER_ID`, `VALUE`, `NAME`) VALUES('904ae4c8-9bad-403f-81d4-c5f8d359ae07', 'true', 'access.token.claim');
INSERT INTO `PROTOCOL_MAPPER_CONFIG` (`PROTOCOL_MAPPER_ID`, `VALUE`, `NAME`) VALUES('904ae4c8-9bad-403f-81d4-c5f8d359ae07', 'website', 'claim.name');
INSERT INTO `PROTOCOL_MAPPER_CONFIG` (`PROTOCOL_MAPPER_ID`, `VALUE`, `NAME`) VALUES('904ae4c8-9bad-403f-81d4-c5f8d359ae07', 'true', 'id.token.claim');
INSERT INTO `PROTOCOL_MAPPER_CONFIG` (`PROTOCOL_MAPPER_ID`, `VALUE`, `NAME`) VALUES('904ae4c8-9bad-403f-81d4-c5f8d359ae07', 'String', 'jsonType.label');
INSERT INTO `PROTOCOL_MAPPER_CONFIG` (`PROTOCOL_MAPPER_ID`, `VALUE`, `NAME`) VALUES('904ae4c8-9bad-403f-81d4-c5f8d359ae07', 'website', 'user.attribute');
INSERT INTO `PROTOCOL_MAPPER_CONFIG` (`PROTOCOL_MAPPER_ID`, `VALUE`, `NAME`) VALUES('904ae4c8-9bad-403f-81d4-c5f8d359ae07', 'true', 'userinfo.token.claim');
INSERT INTO `PROTOCOL_MAPPER_CONFIG` (`PROTOCOL_MAPPER_ID`, `VALUE`, `NAME`) VALUES('9bdce43b-02c5-4fca-a1ab-efda44b2eb7d', 'true', 'access.token.claim');
INSERT INTO `PROTOCOL_MAPPER_CONFIG` (`PROTOCOL_MAPPER_ID`, `VALUE`, `NAME`) VALUES('9bdce43b-02c5-4fca-a1ab-efda44b2eb7d', 'middle_name', 'claim.name');
INSERT INTO `PROTOCOL_MAPPER_CONFIG` (`PROTOCOL_MAPPER_ID`, `VALUE`, `NAME`) VALUES('9bdce43b-02c5-4fca-a1ab-efda44b2eb7d', 'true', 'id.token.claim');
INSERT INTO `PROTOCOL_MAPPER_CONFIG` (`PROTOCOL_MAPPER_ID`, `VALUE`, `NAME`) VALUES('9bdce43b-02c5-4fca-a1ab-efda44b2eb7d', 'String', 'jsonType.label');
INSERT INTO `PROTOCOL_MAPPER_CONFIG` (`PROTOCOL_MAPPER_ID`, `VALUE`, `NAME`) VALUES('9bdce43b-02c5-4fca-a1ab-efda44b2eb7d', 'middleName', 'user.attribute');
INSERT INTO `PROTOCOL_MAPPER_CONFIG` (`PROTOCOL_MAPPER_ID`, `VALUE`, `NAME`) VALUES('9bdce43b-02c5-4fca-a1ab-efda44b2eb7d', 'true', 'userinfo.token.claim');
INSERT INTO `PROTOCOL_MAPPER_CONFIG` (`PROTOCOL_MAPPER_ID`, `VALUE`, `NAME`) VALUES('9d4860bb-c50b-4920-94e8-ab9b6289d71f', 'true', 'access.token.claim');
INSERT INTO `PROTOCOL_MAPPER_CONFIG` (`PROTOCOL_MAPPER_ID`, `VALUE`, `NAME`) VALUES('9d4860bb-c50b-4920-94e8-ab9b6289d71f', 'true', 'id.token.claim');
INSERT INTO `PROTOCOL_MAPPER_CONFIG` (`PROTOCOL_MAPPER_ID`, `VALUE`, `NAME`) VALUES('a0173f1d-0784-4830-bf22-c4e281482912', 'true', 'access.token.claim');
INSERT INTO `PROTOCOL_MAPPER_CONFIG` (`PROTOCOL_MAPPER_ID`, `VALUE`, `NAME`) VALUES('a0173f1d-0784-4830-bf22-c4e281482912', 'resource_access.${client_id}.roles', 'claim.name');
INSERT INTO `PROTOCOL_MAPPER_CONFIG` (`PROTOCOL_MAPPER_ID`, `VALUE`, `NAME`) VALUES('a0173f1d-0784-4830-bf22-c4e281482912', 'String', 'jsonType.label');
INSERT INTO `PROTOCOL_MAPPER_CONFIG` (`PROTOCOL_MAPPER_ID`, `VALUE`, `NAME`) VALUES('a0173f1d-0784-4830-bf22-c4e281482912', 'true', 'multivalued');
INSERT INTO `PROTOCOL_MAPPER_CONFIG` (`PROTOCOL_MAPPER_ID`, `VALUE`, `NAME`) VALUES('a0173f1d-0784-4830-bf22-c4e281482912', 'foo', 'user.attribute');
INSERT INTO `PROTOCOL_MAPPER_CONFIG` (`PROTOCOL_MAPPER_ID`, `VALUE`, `NAME`) VALUES('a6d282ef-fda9-4b9e-ae1e-d3528721365a', 'true', 'access.token.claim');
INSERT INTO `PROTOCOL_MAPPER_CONFIG` (`PROTOCOL_MAPPER_ID`, `VALUE`, `NAME`) VALUES('a6d282ef-fda9-4b9e-ae1e-d3528721365a', 'website', 'claim.name');
INSERT INTO `PROTOCOL_MAPPER_CONFIG` (`PROTOCOL_MAPPER_ID`, `VALUE`, `NAME`) VALUES('a6d282ef-fda9-4b9e-ae1e-d3528721365a', 'true', 'id.token.claim');
INSERT INTO `PROTOCOL_MAPPER_CONFIG` (`PROTOCOL_MAPPER_ID`, `VALUE`, `NAME`) VALUES('a6d282ef-fda9-4b9e-ae1e-d3528721365a', 'String', 'jsonType.label');
INSERT INTO `PROTOCOL_MAPPER_CONFIG` (`PROTOCOL_MAPPER_ID`, `VALUE`, `NAME`) VALUES('a6d282ef-fda9-4b9e-ae1e-d3528721365a', 'website', 'user.attribute');
INSERT INTO `PROTOCOL_MAPPER_CONFIG` (`PROTOCOL_MAPPER_ID`, `VALUE`, `NAME`) VALUES('a6d282ef-fda9-4b9e-ae1e-d3528721365a', 'true', 'userinfo.token.claim');
INSERT INTO `PROTOCOL_MAPPER_CONFIG` (`PROTOCOL_MAPPER_ID`, `VALUE`, `NAME`) VALUES('aa6d0d31-ada9-4d3e-9629-a6ac5db44626', 'true', 'access.token.claim');
INSERT INTO `PROTOCOL_MAPPER_CONFIG` (`PROTOCOL_MAPPER_ID`, `VALUE`, `NAME`) VALUES('aa6d0d31-ada9-4d3e-9629-a6ac5db44626', 'true', 'id.token.claim');
INSERT INTO `PROTOCOL_MAPPER_CONFIG` (`PROTOCOL_MAPPER_ID`, `VALUE`, `NAME`) VALUES('aa6d0d31-ada9-4d3e-9629-a6ac5db44626', 'true', 'userinfo.token.claim');
INSERT INTO `PROTOCOL_MAPPER_CONFIG` (`PROTOCOL_MAPPER_ID`, `VALUE`, `NAME`) VALUES('ab322c0f-9d46-44f1-ba45-5e30b1881c91', 'true', 'access.token.claim');
INSERT INTO `PROTOCOL_MAPPER_CONFIG` (`PROTOCOL_MAPPER_ID`, `VALUE`, `NAME`) VALUES('ab322c0f-9d46-44f1-ba45-5e30b1881c91', 'true', 'id.token.claim');
INSERT INTO `PROTOCOL_MAPPER_CONFIG` (`PROTOCOL_MAPPER_ID`, `VALUE`, `NAME`) VALUES('ab322c0f-9d46-44f1-ba45-5e30b1881c91', 'true', 'userinfo.token.claim');
INSERT INTO `PROTOCOL_MAPPER_CONFIG` (`PROTOCOL_MAPPER_ID`, `VALUE`, `NAME`) VALUES('ae12e7c5-a406-492c-99e0-1a00857f5d01', 'Role', 'attribute.name');
INSERT INTO `PROTOCOL_MAPPER_CONFIG` (`PROTOCOL_MAPPER_ID`, `VALUE`, `NAME`) VALUES('ae12e7c5-a406-492c-99e0-1a00857f5d01', 'Basic', 'attribute.nameformat');
INSERT INTO `PROTOCOL_MAPPER_CONFIG` (`PROTOCOL_MAPPER_ID`, `VALUE`, `NAME`) VALUES('ae12e7c5-a406-492c-99e0-1a00857f5d01', 'false', 'single');
INSERT INTO `PROTOCOL_MAPPER_CONFIG` (`PROTOCOL_MAPPER_ID`, `VALUE`, `NAME`) VALUES('afe77fc6-3980-4b87-aab7-e0da9ffe3396', 'true', 'access.token.claim');
INSERT INTO `PROTOCOL_MAPPER_CONFIG` (`PROTOCOL_MAPPER_ID`, `VALUE`, `NAME`) VALUES('afe77fc6-3980-4b87-aab7-e0da9ffe3396', 'preferred_username', 'claim.name');
INSERT INTO `PROTOCOL_MAPPER_CONFIG` (`PROTOCOL_MAPPER_ID`, `VALUE`, `NAME`) VALUES('afe77fc6-3980-4b87-aab7-e0da9ffe3396', 'true', 'id.token.claim');
INSERT INTO `PROTOCOL_MAPPER_CONFIG` (`PROTOCOL_MAPPER_ID`, `VALUE`, `NAME`) VALUES('afe77fc6-3980-4b87-aab7-e0da9ffe3396', 'String', 'jsonType.label');
INSERT INTO `PROTOCOL_MAPPER_CONFIG` (`PROTOCOL_MAPPER_ID`, `VALUE`, `NAME`) VALUES('afe77fc6-3980-4b87-aab7-e0da9ffe3396', 'username', 'user.attribute');
INSERT INTO `PROTOCOL_MAPPER_CONFIG` (`PROTOCOL_MAPPER_ID`, `VALUE`, `NAME`) VALUES('afe77fc6-3980-4b87-aab7-e0da9ffe3396', 'true', 'userinfo.token.claim');
INSERT INTO `PROTOCOL_MAPPER_CONFIG` (`PROTOCOL_MAPPER_ID`, `VALUE`, `NAME`) VALUES('b0ddb558-d580-4df0-92e7-29f3bf1a20ef', 'true', 'access.token.claim');
INSERT INTO `PROTOCOL_MAPPER_CONFIG` (`PROTOCOL_MAPPER_ID`, `VALUE`, `NAME`) VALUES('b0ddb558-d580-4df0-92e7-29f3bf1a20ef', 'preferred_username', 'claim.name');
INSERT INTO `PROTOCOL_MAPPER_CONFIG` (`PROTOCOL_MAPPER_ID`, `VALUE`, `NAME`) VALUES('b0ddb558-d580-4df0-92e7-29f3bf1a20ef', 'true', 'id.token.claim');
INSERT INTO `PROTOCOL_MAPPER_CONFIG` (`PROTOCOL_MAPPER_ID`, `VALUE`, `NAME`) VALUES('b0ddb558-d580-4df0-92e7-29f3bf1a20ef', 'String', 'jsonType.label');
INSERT INTO `PROTOCOL_MAPPER_CONFIG` (`PROTOCOL_MAPPER_ID`, `VALUE`, `NAME`) VALUES('b0ddb558-d580-4df0-92e7-29f3bf1a20ef', 'username', 'user.attribute');
INSERT INTO `PROTOCOL_MAPPER_CONFIG` (`PROTOCOL_MAPPER_ID`, `VALUE`, `NAME`) VALUES('b0ddb558-d580-4df0-92e7-29f3bf1a20ef', 'true', 'userinfo.token.claim');
INSERT INTO `PROTOCOL_MAPPER_CONFIG` (`PROTOCOL_MAPPER_ID`, `VALUE`, `NAME`) VALUES('b22b86a0-e36d-4d3a-b9a7-2f4b6e3c63a7', 'true', 'access.token.claim');
INSERT INTO `PROTOCOL_MAPPER_CONFIG` (`PROTOCOL_MAPPER_ID`, `VALUE`, `NAME`) VALUES('b22b86a0-e36d-4d3a-b9a7-2f4b6e3c63a7', 'locale', 'claim.name');
INSERT INTO `PROTOCOL_MAPPER_CONFIG` (`PROTOCOL_MAPPER_ID`, `VALUE`, `NAME`) VALUES('b22b86a0-e36d-4d3a-b9a7-2f4b6e3c63a7', 'true', 'id.token.claim');
INSERT INTO `PROTOCOL_MAPPER_CONFIG` (`PROTOCOL_MAPPER_ID`, `VALUE`, `NAME`) VALUES('b22b86a0-e36d-4d3a-b9a7-2f4b6e3c63a7', 'String', 'jsonType.label');
INSERT INTO `PROTOCOL_MAPPER_CONFIG` (`PROTOCOL_MAPPER_ID`, `VALUE`, `NAME`) VALUES('b22b86a0-e36d-4d3a-b9a7-2f4b6e3c63a7', 'locale', 'user.attribute');
INSERT INTO `PROTOCOL_MAPPER_CONFIG` (`PROTOCOL_MAPPER_ID`, `VALUE`, `NAME`) VALUES('b22b86a0-e36d-4d3a-b9a7-2f4b6e3c63a7', 'true', 'userinfo.token.claim');
INSERT INTO `PROTOCOL_MAPPER_CONFIG` (`PROTOCOL_MAPPER_ID`, `VALUE`, `NAME`) VALUES('b59729ed-3475-45a6-8299-4443ade28bb0', 'true', 'access.token.claim');
INSERT INTO `PROTOCOL_MAPPER_CONFIG` (`PROTOCOL_MAPPER_ID`, `VALUE`, `NAME`) VALUES('b59729ed-3475-45a6-8299-4443ade28bb0', 'true', 'id.token.claim');
INSERT INTO `PROTOCOL_MAPPER_CONFIG` (`PROTOCOL_MAPPER_ID`, `VALUE`, `NAME`) VALUES('b5a4bc6f-12f7-4e4e-a4da-d31df560c835', 'true', 'access.token.claim');
INSERT INTO `PROTOCOL_MAPPER_CONFIG` (`PROTOCOL_MAPPER_ID`, `VALUE`, `NAME`) VALUES('b5a4bc6f-12f7-4e4e-a4da-d31df560c835', 'phone_number', 'claim.name');
INSERT INTO `PROTOCOL_MAPPER_CONFIG` (`PROTOCOL_MAPPER_ID`, `VALUE`, `NAME`) VALUES('b5a4bc6f-12f7-4e4e-a4da-d31df560c835', 'true', 'id.token.claim');
INSERT INTO `PROTOCOL_MAPPER_CONFIG` (`PROTOCOL_MAPPER_ID`, `VALUE`, `NAME`) VALUES('b5a4bc6f-12f7-4e4e-a4da-d31df560c835', 'String', 'jsonType.label');
INSERT INTO `PROTOCOL_MAPPER_CONFIG` (`PROTOCOL_MAPPER_ID`, `VALUE`, `NAME`) VALUES('b5a4bc6f-12f7-4e4e-a4da-d31df560c835', 'phoneNumber', 'user.attribute');
INSERT INTO `PROTOCOL_MAPPER_CONFIG` (`PROTOCOL_MAPPER_ID`, `VALUE`, `NAME`) VALUES('b5a4bc6f-12f7-4e4e-a4da-d31df560c835', 'true', 'userinfo.token.claim');
INSERT INTO `PROTOCOL_MAPPER_CONFIG` (`PROTOCOL_MAPPER_ID`, `VALUE`, `NAME`) VALUES('cb26643d-d3c7-4f78-bc05-adf358ca99d6', 'true', 'access.token.claim');
INSERT INTO `PROTOCOL_MAPPER_CONFIG` (`PROTOCOL_MAPPER_ID`, `VALUE`, `NAME`) VALUES('cb26643d-d3c7-4f78-bc05-adf358ca99d6', 'middle_name', 'claim.name');
INSERT INTO `PROTOCOL_MAPPER_CONFIG` (`PROTOCOL_MAPPER_ID`, `VALUE`, `NAME`) VALUES('cb26643d-d3c7-4f78-bc05-adf358ca99d6', 'true', 'id.token.claim');
INSERT INTO `PROTOCOL_MAPPER_CONFIG` (`PROTOCOL_MAPPER_ID`, `VALUE`, `NAME`) VALUES('cb26643d-d3c7-4f78-bc05-adf358ca99d6', 'String', 'jsonType.label');
INSERT INTO `PROTOCOL_MAPPER_CONFIG` (`PROTOCOL_MAPPER_ID`, `VALUE`, `NAME`) VALUES('cb26643d-d3c7-4f78-bc05-adf358ca99d6', 'middleName', 'user.attribute');
INSERT INTO `PROTOCOL_MAPPER_CONFIG` (`PROTOCOL_MAPPER_ID`, `VALUE`, `NAME`) VALUES('cb26643d-d3c7-4f78-bc05-adf358ca99d6', 'true', 'userinfo.token.claim');
INSERT INTO `PROTOCOL_MAPPER_CONFIG` (`PROTOCOL_MAPPER_ID`, `VALUE`, `NAME`) VALUES('d274b875-bfc8-455b-a82f-c3fa520dd870', 'true', 'access.token.claim');
INSERT INTO `PROTOCOL_MAPPER_CONFIG` (`PROTOCOL_MAPPER_ID`, `VALUE`, `NAME`) VALUES('d274b875-bfc8-455b-a82f-c3fa520dd870', 'email_verified', 'claim.name');
INSERT INTO `PROTOCOL_MAPPER_CONFIG` (`PROTOCOL_MAPPER_ID`, `VALUE`, `NAME`) VALUES('d274b875-bfc8-455b-a82f-c3fa520dd870', 'true', 'id.token.claim');
INSERT INTO `PROTOCOL_MAPPER_CONFIG` (`PROTOCOL_MAPPER_ID`, `VALUE`, `NAME`) VALUES('d274b875-bfc8-455b-a82f-c3fa520dd870', 'boolean', 'jsonType.label');
INSERT INTO `PROTOCOL_MAPPER_CONFIG` (`PROTOCOL_MAPPER_ID`, `VALUE`, `NAME`) VALUES('d274b875-bfc8-455b-a82f-c3fa520dd870', 'emailVerified', 'user.attribute');
INSERT INTO `PROTOCOL_MAPPER_CONFIG` (`PROTOCOL_MAPPER_ID`, `VALUE`, `NAME`) VALUES('d274b875-bfc8-455b-a82f-c3fa520dd870', 'true', 'userinfo.token.claim');
INSERT INTO `PROTOCOL_MAPPER_CONFIG` (`PROTOCOL_MAPPER_ID`, `VALUE`, `NAME`) VALUES('d317dc58-4bf0-46f1-8f0f-4ac5fd38a7cb', 'Role', 'attribute.name');
INSERT INTO `PROTOCOL_MAPPER_CONFIG` (`PROTOCOL_MAPPER_ID`, `VALUE`, `NAME`) VALUES('d317dc58-4bf0-46f1-8f0f-4ac5fd38a7cb', 'Basic', 'attribute.nameformat');
INSERT INTO `PROTOCOL_MAPPER_CONFIG` (`PROTOCOL_MAPPER_ID`, `VALUE`, `NAME`) VALUES('d317dc58-4bf0-46f1-8f0f-4ac5fd38a7cb', 'false', 'single');
INSERT INTO `PROTOCOL_MAPPER_CONFIG` (`PROTOCOL_MAPPER_ID`, `VALUE`, `NAME`) VALUES('dc622909-c5d6-4357-814d-7b9f4cdd5fa5', 'true', 'access.token.claim');
INSERT INTO `PROTOCOL_MAPPER_CONFIG` (`PROTOCOL_MAPPER_ID`, `VALUE`, `NAME`) VALUES('dc622909-c5d6-4357-814d-7b9f4cdd5fa5', 'locale', 'claim.name');
INSERT INTO `PROTOCOL_MAPPER_CONFIG` (`PROTOCOL_MAPPER_ID`, `VALUE`, `NAME`) VALUES('dc622909-c5d6-4357-814d-7b9f4cdd5fa5', 'true', 'id.token.claim');
INSERT INTO `PROTOCOL_MAPPER_CONFIG` (`PROTOCOL_MAPPER_ID`, `VALUE`, `NAME`) VALUES('dc622909-c5d6-4357-814d-7b9f4cdd5fa5', 'String', 'jsonType.label');
INSERT INTO `PROTOCOL_MAPPER_CONFIG` (`PROTOCOL_MAPPER_ID`, `VALUE`, `NAME`) VALUES('dc622909-c5d6-4357-814d-7b9f4cdd5fa5', 'locale', 'user.attribute');
INSERT INTO `PROTOCOL_MAPPER_CONFIG` (`PROTOCOL_MAPPER_ID`, `VALUE`, `NAME`) VALUES('dc622909-c5d6-4357-814d-7b9f4cdd5fa5', 'true', 'userinfo.token.claim');
INSERT INTO `PROTOCOL_MAPPER_CONFIG` (`PROTOCOL_MAPPER_ID`, `VALUE`, `NAME`) VALUES('dffe56a5-fb2a-418f-8909-870fb61ef1db', 'true', 'access.token.claim');
INSERT INTO `PROTOCOL_MAPPER_CONFIG` (`PROTOCOL_MAPPER_ID`, `VALUE`, `NAME`) VALUES('dffe56a5-fb2a-418f-8909-870fb61ef1db', 'zoneinfo', 'claim.name');
INSERT INTO `PROTOCOL_MAPPER_CONFIG` (`PROTOCOL_MAPPER_ID`, `VALUE`, `NAME`) VALUES('dffe56a5-fb2a-418f-8909-870fb61ef1db', 'true', 'id.token.claim');
INSERT INTO `PROTOCOL_MAPPER_CONFIG` (`PROTOCOL_MAPPER_ID`, `VALUE`, `NAME`) VALUES('dffe56a5-fb2a-418f-8909-870fb61ef1db', 'String', 'jsonType.label');
INSERT INTO `PROTOCOL_MAPPER_CONFIG` (`PROTOCOL_MAPPER_ID`, `VALUE`, `NAME`) VALUES('dffe56a5-fb2a-418f-8909-870fb61ef1db', 'zoneinfo', 'user.attribute');
INSERT INTO `PROTOCOL_MAPPER_CONFIG` (`PROTOCOL_MAPPER_ID`, `VALUE`, `NAME`) VALUES('dffe56a5-fb2a-418f-8909-870fb61ef1db', 'true', 'userinfo.token.claim');
INSERT INTO `PROTOCOL_MAPPER_CONFIG` (`PROTOCOL_MAPPER_ID`, `VALUE`, `NAME`) VALUES('e2f4826d-9802-4869-8373-f6eacbf73ecc', 'true', 'access.token.claim');
INSERT INTO `PROTOCOL_MAPPER_CONFIG` (`PROTOCOL_MAPPER_ID`, `VALUE`, `NAME`) VALUES('e2f4826d-9802-4869-8373-f6eacbf73ecc', 'phone_number_verified', 'claim.name');
INSERT INTO `PROTOCOL_MAPPER_CONFIG` (`PROTOCOL_MAPPER_ID`, `VALUE`, `NAME`) VALUES('e2f4826d-9802-4869-8373-f6eacbf73ecc', 'true', 'id.token.claim');
INSERT INTO `PROTOCOL_MAPPER_CONFIG` (`PROTOCOL_MAPPER_ID`, `VALUE`, `NAME`) VALUES('e2f4826d-9802-4869-8373-f6eacbf73ecc', 'boolean', 'jsonType.label');
INSERT INTO `PROTOCOL_MAPPER_CONFIG` (`PROTOCOL_MAPPER_ID`, `VALUE`, `NAME`) VALUES('e2f4826d-9802-4869-8373-f6eacbf73ecc', 'phoneNumberVerified', 'user.attribute');
INSERT INTO `PROTOCOL_MAPPER_CONFIG` (`PROTOCOL_MAPPER_ID`, `VALUE`, `NAME`) VALUES('e2f4826d-9802-4869-8373-f6eacbf73ecc', 'true', 'userinfo.token.claim');
INSERT INTO `PROTOCOL_MAPPER_CONFIG` (`PROTOCOL_MAPPER_ID`, `VALUE`, `NAME`) VALUES('e395edf0-bff8-46ef-bdbe-94c7a754c156', 'true', 'access.token.claim');
INSERT INTO `PROTOCOL_MAPPER_CONFIG` (`PROTOCOL_MAPPER_ID`, `VALUE`, `NAME`) VALUES('e395edf0-bff8-46ef-bdbe-94c7a754c156', 'email', 'claim.name');
INSERT INTO `PROTOCOL_MAPPER_CONFIG` (`PROTOCOL_MAPPER_ID`, `VALUE`, `NAME`) VALUES('e395edf0-bff8-46ef-bdbe-94c7a754c156', 'true', 'id.token.claim');
INSERT INTO `PROTOCOL_MAPPER_CONFIG` (`PROTOCOL_MAPPER_ID`, `VALUE`, `NAME`) VALUES('e395edf0-bff8-46ef-bdbe-94c7a754c156', 'String', 'jsonType.label');
INSERT INTO `PROTOCOL_MAPPER_CONFIG` (`PROTOCOL_MAPPER_ID`, `VALUE`, `NAME`) VALUES('e395edf0-bff8-46ef-bdbe-94c7a754c156', 'email', 'user.attribute');
INSERT INTO `PROTOCOL_MAPPER_CONFIG` (`PROTOCOL_MAPPER_ID`, `VALUE`, `NAME`) VALUES('e395edf0-bff8-46ef-bdbe-94c7a754c156', 'true', 'userinfo.token.claim');
INSERT INTO `PROTOCOL_MAPPER_CONFIG` (`PROTOCOL_MAPPER_ID`, `VALUE`, `NAME`) VALUES('e772ed20-3cba-4de5-9f39-316b3a781aea', 'true', 'access.token.claim');
INSERT INTO `PROTOCOL_MAPPER_CONFIG` (`PROTOCOL_MAPPER_ID`, `VALUE`, `NAME`) VALUES('e772ed20-3cba-4de5-9f39-316b3a781aea', 'updated_at', 'claim.name');
INSERT INTO `PROTOCOL_MAPPER_CONFIG` (`PROTOCOL_MAPPER_ID`, `VALUE`, `NAME`) VALUES('e772ed20-3cba-4de5-9f39-316b3a781aea', 'true', 'id.token.claim');
INSERT INTO `PROTOCOL_MAPPER_CONFIG` (`PROTOCOL_MAPPER_ID`, `VALUE`, `NAME`) VALUES('e772ed20-3cba-4de5-9f39-316b3a781aea', 'long', 'jsonType.label');
INSERT INTO `PROTOCOL_MAPPER_CONFIG` (`PROTOCOL_MAPPER_ID`, `VALUE`, `NAME`) VALUES('e772ed20-3cba-4de5-9f39-316b3a781aea', 'updatedAt', 'user.attribute');
INSERT INTO `PROTOCOL_MAPPER_CONFIG` (`PROTOCOL_MAPPER_ID`, `VALUE`, `NAME`) VALUES('e772ed20-3cba-4de5-9f39-316b3a781aea', 'true', 'userinfo.token.claim');
INSERT INTO `PROTOCOL_MAPPER_CONFIG` (`PROTOCOL_MAPPER_ID`, `VALUE`, `NAME`) VALUES('ecfa8741-0097-4c42-9588-693be64f3e6d', 'true', 'access.token.claim');
INSERT INTO `PROTOCOL_MAPPER_CONFIG` (`PROTOCOL_MAPPER_ID`, `VALUE`, `NAME`) VALUES('ecfa8741-0097-4c42-9588-693be64f3e6d', 'nickname', 'claim.name');
INSERT INTO `PROTOCOL_MAPPER_CONFIG` (`PROTOCOL_MAPPER_ID`, `VALUE`, `NAME`) VALUES('ecfa8741-0097-4c42-9588-693be64f3e6d', 'true', 'id.token.claim');
INSERT INTO `PROTOCOL_MAPPER_CONFIG` (`PROTOCOL_MAPPER_ID`, `VALUE`, `NAME`) VALUES('ecfa8741-0097-4c42-9588-693be64f3e6d', 'String', 'jsonType.label');
INSERT INTO `PROTOCOL_MAPPER_CONFIG` (`PROTOCOL_MAPPER_ID`, `VALUE`, `NAME`) VALUES('ecfa8741-0097-4c42-9588-693be64f3e6d', 'nickname', 'user.attribute');
INSERT INTO `PROTOCOL_MAPPER_CONFIG` (`PROTOCOL_MAPPER_ID`, `VALUE`, `NAME`) VALUES('ecfa8741-0097-4c42-9588-693be64f3e6d', 'true', 'userinfo.token.claim');
INSERT INTO `PROTOCOL_MAPPER_CONFIG` (`PROTOCOL_MAPPER_ID`, `VALUE`, `NAME`) VALUES('f379cd2a-07cc-4d1a-942d-272371f5689b', 'true', 'access.token.claim');
INSERT INTO `PROTOCOL_MAPPER_CONFIG` (`PROTOCOL_MAPPER_ID`, `VALUE`, `NAME`) VALUES('f379cd2a-07cc-4d1a-942d-272371f5689b', 'email_verified', 'claim.name');
INSERT INTO `PROTOCOL_MAPPER_CONFIG` (`PROTOCOL_MAPPER_ID`, `VALUE`, `NAME`) VALUES('f379cd2a-07cc-4d1a-942d-272371f5689b', 'true', 'id.token.claim');
INSERT INTO `PROTOCOL_MAPPER_CONFIG` (`PROTOCOL_MAPPER_ID`, `VALUE`, `NAME`) VALUES('f379cd2a-07cc-4d1a-942d-272371f5689b', 'boolean', 'jsonType.label');
INSERT INTO `PROTOCOL_MAPPER_CONFIG` (`PROTOCOL_MAPPER_ID`, `VALUE`, `NAME`) VALUES('f379cd2a-07cc-4d1a-942d-272371f5689b', 'emailVerified', 'user.attribute');
INSERT INTO `PROTOCOL_MAPPER_CONFIG` (`PROTOCOL_MAPPER_ID`, `VALUE`, `NAME`) VALUES('f379cd2a-07cc-4d1a-942d-272371f5689b', 'true', 'userinfo.token.claim');
INSERT INTO `PROTOCOL_MAPPER_CONFIG` (`PROTOCOL_MAPPER_ID`, `VALUE`, `NAME`) VALUES('f6b97336-ac79-469c-8f8e-165aa391cdb6', 'true', 'access.token.claim');
INSERT INTO `PROTOCOL_MAPPER_CONFIG` (`PROTOCOL_MAPPER_ID`, `VALUE`, `NAME`) VALUES('f6b97336-ac79-469c-8f8e-165aa391cdb6', 'gender', 'claim.name');
INSERT INTO `PROTOCOL_MAPPER_CONFIG` (`PROTOCOL_MAPPER_ID`, `VALUE`, `NAME`) VALUES('f6b97336-ac79-469c-8f8e-165aa391cdb6', 'true', 'id.token.claim');
INSERT INTO `PROTOCOL_MAPPER_CONFIG` (`PROTOCOL_MAPPER_ID`, `VALUE`, `NAME`) VALUES('f6b97336-ac79-469c-8f8e-165aa391cdb6', 'String', 'jsonType.label');
INSERT INTO `PROTOCOL_MAPPER_CONFIG` (`PROTOCOL_MAPPER_ID`, `VALUE`, `NAME`) VALUES('f6b97336-ac79-469c-8f8e-165aa391cdb6', 'gender', 'user.attribute');
INSERT INTO `PROTOCOL_MAPPER_CONFIG` (`PROTOCOL_MAPPER_ID`, `VALUE`, `NAME`) VALUES('f6b97336-ac79-469c-8f8e-165aa391cdb6', 'true', 'userinfo.token.claim');
INSERT INTO `PROTOCOL_MAPPER_CONFIG` (`PROTOCOL_MAPPER_ID`, `VALUE`, `NAME`) VALUES('ff3bea9a-981e-442c-8ccf-2aa7a78e84a8', 'true', 'access.token.claim');
INSERT INTO `PROTOCOL_MAPPER_CONFIG` (`PROTOCOL_MAPPER_ID`, `VALUE`, `NAME`) VALUES('ff3bea9a-981e-442c-8ccf-2aa7a78e84a8', 'phone_number_verified', 'claim.name');
INSERT INTO `PROTOCOL_MAPPER_CONFIG` (`PROTOCOL_MAPPER_ID`, `VALUE`, `NAME`) VALUES('ff3bea9a-981e-442c-8ccf-2aa7a78e84a8', 'true', 'id.token.claim');
INSERT INTO `PROTOCOL_MAPPER_CONFIG` (`PROTOCOL_MAPPER_ID`, `VALUE`, `NAME`) VALUES('ff3bea9a-981e-442c-8ccf-2aa7a78e84a8', 'boolean', 'jsonType.label');
INSERT INTO `PROTOCOL_MAPPER_CONFIG` (`PROTOCOL_MAPPER_ID`, `VALUE`, `NAME`) VALUES('ff3bea9a-981e-442c-8ccf-2aa7a78e84a8', 'phoneNumberVerified', 'user.attribute');
INSERT INTO `PROTOCOL_MAPPER_CONFIG` (`PROTOCOL_MAPPER_ID`, `VALUE`, `NAME`) VALUES('ff3bea9a-981e-442c-8ccf-2aa7a78e84a8', 'true', 'userinfo.token.claim');

DROP TABLE IF EXISTS `REALM`;
CREATE TABLE `REALM` (
  `ID` varchar(36) NOT NULL,
  `ACCESS_CODE_LIFESPAN` int(11) DEFAULT NULL,
  `USER_ACTION_LIFESPAN` int(11) DEFAULT NULL,
  `ACCESS_TOKEN_LIFESPAN` int(11) DEFAULT NULL,
  `ACCOUNT_THEME` varchar(255) DEFAULT NULL,
  `ADMIN_THEME` varchar(255) DEFAULT NULL,
  `EMAIL_THEME` varchar(255) DEFAULT NULL,
  `ENABLED` bit(1) NOT NULL DEFAULT b'0',
  `EVENTS_ENABLED` bit(1) NOT NULL DEFAULT b'0',
  `EVENTS_EXPIRATION` bigint(20) DEFAULT NULL,
  `LOGIN_THEME` varchar(255) DEFAULT NULL,
  `NAME` varchar(255) DEFAULT NULL,
  `NOT_BEFORE` int(11) DEFAULT NULL,
  `PASSWORD_POLICY` text DEFAULT NULL,
  `REGISTRATION_ALLOWED` bit(1) NOT NULL DEFAULT b'0',
  `REMEMBER_ME` bit(1) NOT NULL DEFAULT b'0',
  `RESET_PASSWORD_ALLOWED` bit(1) NOT NULL DEFAULT b'0',
  `SOCIAL` bit(1) NOT NULL DEFAULT b'0',
  `SSL_REQUIRED` varchar(255) DEFAULT NULL,
  `SSO_IDLE_TIMEOUT` int(11) DEFAULT NULL,
  `SSO_MAX_LIFESPAN` int(11) DEFAULT NULL,
  `UPDATE_PROFILE_ON_SOC_LOGIN` bit(1) NOT NULL DEFAULT b'0',
  `VERIFY_EMAIL` bit(1) NOT NULL DEFAULT b'0',
  `MASTER_ADMIN_CLIENT` varchar(36) DEFAULT NULL,
  `LOGIN_LIFESPAN` int(11) DEFAULT NULL,
  `INTERNATIONALIZATION_ENABLED` bit(1) NOT NULL DEFAULT b'0',
  `DEFAULT_LOCALE` varchar(255) DEFAULT NULL,
  `REG_EMAIL_AS_USERNAME` bit(1) NOT NULL DEFAULT b'0',
  `ADMIN_EVENTS_ENABLED` bit(1) NOT NULL DEFAULT b'0',
  `ADMIN_EVENTS_DETAILS_ENABLED` bit(1) NOT NULL DEFAULT b'0',
  `EDIT_USERNAME_ALLOWED` bit(1) NOT NULL DEFAULT b'0',
  `OTP_POLICY_COUNTER` int(11) DEFAULT 0,
  `OTP_POLICY_WINDOW` int(11) DEFAULT 1,
  `OTP_POLICY_PERIOD` int(11) DEFAULT 30,
  `OTP_POLICY_DIGITS` int(11) DEFAULT 6,
  `OTP_POLICY_ALG` varchar(36) DEFAULT 'HmacSHA1',
  `OTP_POLICY_TYPE` varchar(36) DEFAULT 'totp',
  `BROWSER_FLOW` varchar(36) DEFAULT NULL,
  `REGISTRATION_FLOW` varchar(36) DEFAULT NULL,
  `DIRECT_GRANT_FLOW` varchar(36) DEFAULT NULL,
  `RESET_CREDENTIALS_FLOW` varchar(36) DEFAULT NULL,
  `CLIENT_AUTH_FLOW` varchar(36) DEFAULT NULL,
  `OFFLINE_SESSION_IDLE_TIMEOUT` int(11) DEFAULT 0,
  `REVOKE_REFRESH_TOKEN` bit(1) NOT NULL DEFAULT b'0',
  `ACCESS_TOKEN_LIFE_IMPLICIT` int(11) DEFAULT 0,
  `LOGIN_WITH_EMAIL_ALLOWED` bit(1) NOT NULL DEFAULT b'1',
  `DUPLICATE_EMAILS_ALLOWED` bit(1) NOT NULL DEFAULT b'0',
  `DOCKER_AUTH_FLOW` varchar(36) DEFAULT NULL,
  `REFRESH_TOKEN_MAX_REUSE` int(11) DEFAULT 0,
  `ALLOW_USER_MANAGED_ACCESS` bit(1) NOT NULL DEFAULT b'0',
  `SSO_MAX_LIFESPAN_REMEMBER_ME` int(11) NOT NULL,
  `SSO_IDLE_TIMEOUT_REMEMBER_ME` int(11) NOT NULL,
  `DEFAULT_ROLE` varchar(255) DEFAULT NULL
) ENGINE=InnoDB DEFAULT CHARSET=utf8mb4 COLLATE=utf8mb4_general_ci;

INSERT INTO `REALM` (`ID`, `ACCESS_CODE_LIFESPAN`, `USER_ACTION_LIFESPAN`, `ACCESS_TOKEN_LIFESPAN`, `ACCOUNT_THEME`, `ADMIN_THEME`, `EMAIL_THEME`, `ENABLED`, `EVENTS_ENABLED`, `EVENTS_EXPIRATION`, `LOGIN_THEME`, `NAME`, `NOT_BEFORE`, `PASSWORD_POLICY`, `REGISTRATION_ALLOWED`, `REMEMBER_ME`, `RESET_PASSWORD_ALLOWED`, `SOCIAL`, `SSL_REQUIRED`, `SSO_IDLE_TIMEOUT`, `SSO_MAX_LIFESPAN`, `UPDATE_PROFILE_ON_SOC_LOGIN`, `VERIFY_EMAIL`, `MASTER_ADMIN_CLIENT`, `LOGIN_LIFESPAN`, `INTERNATIONALIZATION_ENABLED`, `DEFAULT_LOCALE`, `REG_EMAIL_AS_USERNAME`, `ADMIN_EVENTS_ENABLED`, `ADMIN_EVENTS_DETAILS_ENABLED`, `EDIT_USERNAME_ALLOWED`, `OTP_POLICY_COUNTER`, `OTP_POLICY_WINDOW`, `OTP_POLICY_PERIOD`, `OTP_POLICY_DIGITS`, `OTP_POLICY_ALG`, `OTP_POLICY_TYPE`, `BROWSER_FLOW`, `REGISTRATION_FLOW`, `DIRECT_GRANT_FLOW`, `RESET_CREDENTIALS_FLOW`, `CLIENT_AUTH_FLOW`, `OFFLINE_SESSION_IDLE_TIMEOUT`, `REVOKE_REFRESH_TOKEN`, `ACCESS_TOKEN_LIFE_IMPLICIT`, `LOGIN_WITH_EMAIL_ALLOWED`, `DUPLICATE_EMAILS_ALLOWED`, `DOCKER_AUTH_FLOW`, `REFRESH_TOKEN_MAX_REUSE`, `ALLOW_USER_MANAGED_ACCESS`, `SSO_MAX_LIFESPAN_REMEMBER_ME`, `SSO_IDLE_TIMEOUT_REMEMBER_ME`, `DEFAULT_ROLE`) VALUES('ca5abdd7-1552-4581-bbd5-442181834c09', 60, 300, 60, NULL, NULL, NULL, b'1', b'0', 0, NULL, 'master', 0, NULL, b'0', b'0', b'0', b'0', 'EXTERNAL', 1800, 36000, b'0', b'0', '52b6c78a-99f1-44eb-9265-853f866e524e', 1800, b'0', NULL, b'0', b'0', b'0', b'0', 0, 1, 30, 6, 'HmacSHA1', 'totp', 'b23d9149-407d-4d29-befb-94914a0ff9f8', 'b3ea4296-9f25-47fa-9dc5-b19f5d9985e2', '3720c703-ecb7-4c1f-86df-cd5820490ca2', '128d97f9-9bbe-4f66-92bd-3a47d7f8cd1d', '7992de89-cc18-43e9-96e1-b116080a9124', 2592000, b'0', 900, b'1', b'0', '64a0b0c1-f0c3-4346-9cb3-408f57ca7279', 0, b'0', 0, 0, '3e8b7e8d-d494-447c-95f4-fa45bda1b2ce');
INSERT INTO `REALM` (`ID`, `ACCESS_CODE_LIFESPAN`, `USER_ACTION_LIFESPAN`, `ACCESS_TOKEN_LIFESPAN`, `ACCOUNT_THEME`, `ADMIN_THEME`, `EMAIL_THEME`, `ENABLED`, `EVENTS_ENABLED`, `EVENTS_EXPIRATION`, `LOGIN_THEME`, `NAME`, `NOT_BEFORE`, `PASSWORD_POLICY`, `REGISTRATION_ALLOWED`, `REMEMBER_ME`, `RESET_PASSWORD_ALLOWED`, `SOCIAL`, `SSL_REQUIRED`, `SSO_IDLE_TIMEOUT`, `SSO_MAX_LIFESPAN`, `UPDATE_PROFILE_ON_SOC_LOGIN`, `VERIFY_EMAIL`, `MASTER_ADMIN_CLIENT`, `LOGIN_LIFESPAN`, `INTERNATIONALIZATION_ENABLED`, `DEFAULT_LOCALE`, `REG_EMAIL_AS_USERNAME`, `ADMIN_EVENTS_ENABLED`, `ADMIN_EVENTS_DETAILS_ENABLED`, `EDIT_USERNAME_ALLOWED`, `OTP_POLICY_COUNTER`, `OTP_POLICY_WINDOW`, `OTP_POLICY_PERIOD`, `OTP_POLICY_DIGITS`, `OTP_POLICY_ALG`, `OTP_POLICY_TYPE`, `BROWSER_FLOW`, `REGISTRATION_FLOW`, `DIRECT_GRANT_FLOW`, `RESET_CREDENTIALS_FLOW`, `CLIENT_AUTH_FLOW`, `OFFLINE_SESSION_IDLE_TIMEOUT`, `REVOKE_REFRESH_TOKEN`, `ACCESS_TOKEN_LIFE_IMPLICIT`, `LOGIN_WITH_EMAIL_ALLOWED`, `DUPLICATE_EMAILS_ALLOWED`, `DOCKER_AUTH_FLOW`, `REFRESH_TOKEN_MAX_REUSE`, `ALLOW_USER_MANAGED_ACCESS`, `SSO_MAX_LIFESPAN_REMEMBER_ME`, `SSO_IDLE_TIMEOUT_REMEMBER_ME`, `DEFAULT_ROLE`) VALUES('fa2d39cd-24de-4543-8c1d-b35954a7576e', 60, 300, 300, NULL, NULL, NULL, b'1', b'0', 0, NULL, 'primary', 0, NULL, b'1', b'0', b'1', b'0', 'EXTERNAL', 1800, 36000, b'0', b'0', 'b476c4c6-59a9-4f12-97b2-a9bfc0d4f0e2', 1800, b'0', NULL, b'0', b'0', b'0', b'0', 0, 1, 30, 6, 'HmacSHA1', 'totp', 'a300a91b-903a-4c72-85c1-83b92c2420f4', 'dc9739c5-6bf8-4d67-a9a2-1c6a054a1afd', 'b27b1f4f-b9a6-4245-9310-e3cece42b9b1', '23f83e7c-6560-4a9a-b81a-38c51a5d811a', '7d785043-9e2f-4fd5-b49e-77c217e99895', 2592000, b'0', 900, b'1', b'0', '3ea74b9d-207a-4455-b00f-bb6eb2693bfe', 0, b'0', 0, 0, 'aeeac8b8-c7e2-487f-8b0e-b09105a7e9bf');

DROP TABLE IF EXISTS `REALM_ATTRIBUTE`;
CREATE TABLE `REALM_ATTRIBUTE` (
  `NAME` varchar(255) NOT NULL,
  `REALM_ID` varchar(36) NOT NULL,
  `VALUE` longtext CHARACTER SET utf8mb3 COLLATE utf8mb3_general_ci DEFAULT NULL
) ENGINE=InnoDB DEFAULT CHARSET=utf8mb4 COLLATE=utf8mb4_general_ci;

INSERT INTO `REALM_ATTRIBUTE` (`NAME`, `REALM_ID`, `VALUE`) VALUES('actionTokenGeneratedByAdminLifespan', 'ca5abdd7-1552-4581-bbd5-442181834c09', '43200');
INSERT INTO `REALM_ATTRIBUTE` (`NAME`, `REALM_ID`, `VALUE`) VALUES('actionTokenGeneratedByAdminLifespan', 'fa2d39cd-24de-4543-8c1d-b35954a7576e', '43200');
INSERT INTO `REALM_ATTRIBUTE` (`NAME`, `REALM_ID`, `VALUE`) VALUES('actionTokenGeneratedByUserLifespan', 'ca5abdd7-1552-4581-bbd5-442181834c09', '300');
INSERT INTO `REALM_ATTRIBUTE` (`NAME`, `REALM_ID`, `VALUE`) VALUES('actionTokenGeneratedByUserLifespan', 'fa2d39cd-24de-4543-8c1d-b35954a7576e', '300');
INSERT INTO `REALM_ATTRIBUTE` (`NAME`, `REALM_ID`, `VALUE`) VALUES('bruteForceProtected', 'ca5abdd7-1552-4581-bbd5-442181834c09', 'false');
INSERT INTO `REALM_ATTRIBUTE` (`NAME`, `REALM_ID`, `VALUE`) VALUES('bruteForceProtected', 'fa2d39cd-24de-4543-8c1d-b35954a7576e', 'false');
INSERT INTO `REALM_ATTRIBUTE` (`NAME`, `REALM_ID`, `VALUE`) VALUES('cibaAuthRequestedUserHint', 'ca5abdd7-1552-4581-bbd5-442181834c09', 'login_hint');
INSERT INTO `REALM_ATTRIBUTE` (`NAME`, `REALM_ID`, `VALUE`) VALUES('cibaAuthRequestedUserHint', 'fa2d39cd-24de-4543-8c1d-b35954a7576e', 'login_hint');
INSERT INTO `REALM_ATTRIBUTE` (`NAME`, `REALM_ID`, `VALUE`) VALUES('cibaBackchannelTokenDeliveryMode', 'ca5abdd7-1552-4581-bbd5-442181834c09', 'poll');
INSERT INTO `REALM_ATTRIBUTE` (`NAME`, `REALM_ID`, `VALUE`) VALUES('cibaBackchannelTokenDeliveryMode', 'fa2d39cd-24de-4543-8c1d-b35954a7576e', 'poll');
INSERT INTO `REALM_ATTRIBUTE` (`NAME`, `REALM_ID`, `VALUE`) VALUES('cibaExpiresIn', 'ca5abdd7-1552-4581-bbd5-442181834c09', '120');
INSERT INTO `REALM_ATTRIBUTE` (`NAME`, `REALM_ID`, `VALUE`) VALUES('cibaExpiresIn', 'fa2d39cd-24de-4543-8c1d-b35954a7576e', '120');
INSERT INTO `REALM_ATTRIBUTE` (`NAME`, `REALM_ID`, `VALUE`) VALUES('cibaInterval', 'ca5abdd7-1552-4581-bbd5-442181834c09', '5');
INSERT INTO `REALM_ATTRIBUTE` (`NAME`, `REALM_ID`, `VALUE`) VALUES('cibaInterval', 'fa2d39cd-24de-4543-8c1d-b35954a7576e', '5');
INSERT INTO `REALM_ATTRIBUTE` (`NAME`, `REALM_ID`, `VALUE`) VALUES('client-policies.policies', 'ca5abdd7-1552-4581-bbd5-442181834c09', '{\"policies\":[]}');
INSERT INTO `REALM_ATTRIBUTE` (`NAME`, `REALM_ID`, `VALUE`) VALUES('client-policies.policies', 'fa2d39cd-24de-4543-8c1d-b35954a7576e', '{\"policies\":[]}');
INSERT INTO `REALM_ATTRIBUTE` (`NAME`, `REALM_ID`, `VALUE`) VALUES('client-policies.profiles', 'ca5abdd7-1552-4581-bbd5-442181834c09', '{\"profiles\":[]}');
INSERT INTO `REALM_ATTRIBUTE` (`NAME`, `REALM_ID`, `VALUE`) VALUES('client-policies.profiles', 'fa2d39cd-24de-4543-8c1d-b35954a7576e', '{\"profiles\":[]}');
INSERT INTO `REALM_ATTRIBUTE` (`NAME`, `REALM_ID`, `VALUE`) VALUES('clientOfflineSessionIdleTimeout', 'ca5abdd7-1552-4581-bbd5-442181834c09', '0');
INSERT INTO `REALM_ATTRIBUTE` (`NAME`, `REALM_ID`, `VALUE`) VALUES('clientOfflineSessionIdleTimeout', 'fa2d39cd-24de-4543-8c1d-b35954a7576e', '0');
INSERT INTO `REALM_ATTRIBUTE` (`NAME`, `REALM_ID`, `VALUE`) VALUES('clientOfflineSessionMaxLifespan', 'ca5abdd7-1552-4581-bbd5-442181834c09', '0');
INSERT INTO `REALM_ATTRIBUTE` (`NAME`, `REALM_ID`, `VALUE`) VALUES('clientOfflineSessionMaxLifespan', 'fa2d39cd-24de-4543-8c1d-b35954a7576e', '0');
INSERT INTO `REALM_ATTRIBUTE` (`NAME`, `REALM_ID`, `VALUE`) VALUES('clientSessionIdleTimeout', 'ca5abdd7-1552-4581-bbd5-442181834c09', '0');
INSERT INTO `REALM_ATTRIBUTE` (`NAME`, `REALM_ID`, `VALUE`) VALUES('clientSessionIdleTimeout', 'fa2d39cd-24de-4543-8c1d-b35954a7576e', '0');
INSERT INTO `REALM_ATTRIBUTE` (`NAME`, `REALM_ID`, `VALUE`) VALUES('clientSessionMaxLifespan', 'ca5abdd7-1552-4581-bbd5-442181834c09', '0');
INSERT INTO `REALM_ATTRIBUTE` (`NAME`, `REALM_ID`, `VALUE`) VALUES('clientSessionMaxLifespan', 'fa2d39cd-24de-4543-8c1d-b35954a7576e', '0');
INSERT INTO `REALM_ATTRIBUTE` (`NAME`, `REALM_ID`, `VALUE`) VALUES('defaultSignatureAlgorithm', 'ca5abdd7-1552-4581-bbd5-442181834c09', 'RS256');
INSERT INTO `REALM_ATTRIBUTE` (`NAME`, `REALM_ID`, `VALUE`) VALUES('defaultSignatureAlgorithm', 'fa2d39cd-24de-4543-8c1d-b35954a7576e', 'RS256');
INSERT INTO `REALM_ATTRIBUTE` (`NAME`, `REALM_ID`, `VALUE`) VALUES('displayName', 'ca5abdd7-1552-4581-bbd5-442181834c09', 'Keycloak');
INSERT INTO `REALM_ATTRIBUTE` (`NAME`, `REALM_ID`, `VALUE`) VALUES('displayNameHtml', 'ca5abdd7-1552-4581-bbd5-442181834c09', '<div class=\"kc-logo-text\"><span>Keycloak</span></div>');
INSERT INTO `REALM_ATTRIBUTE` (`NAME`, `REALM_ID`, `VALUE`) VALUES('failureFactor', 'ca5abdd7-1552-4581-bbd5-442181834c09', '30');
INSERT INTO `REALM_ATTRIBUTE` (`NAME`, `REALM_ID`, `VALUE`) VALUES('failureFactor', 'fa2d39cd-24de-4543-8c1d-b35954a7576e', '30');
INSERT INTO `REALM_ATTRIBUTE` (`NAME`, `REALM_ID`, `VALUE`) VALUES('maxDeltaTimeSeconds', 'ca5abdd7-1552-4581-bbd5-442181834c09', '43200');
INSERT INTO `REALM_ATTRIBUTE` (`NAME`, `REALM_ID`, `VALUE`) VALUES('maxDeltaTimeSeconds', 'fa2d39cd-24de-4543-8c1d-b35954a7576e', '43200');
INSERT INTO `REALM_ATTRIBUTE` (`NAME`, `REALM_ID`, `VALUE`) VALUES('maxFailureWaitSeconds', 'ca5abdd7-1552-4581-bbd5-442181834c09', '900');
INSERT INTO `REALM_ATTRIBUTE` (`NAME`, `REALM_ID`, `VALUE`) VALUES('maxFailureWaitSeconds', 'fa2d39cd-24de-4543-8c1d-b35954a7576e', '900');
INSERT INTO `REALM_ATTRIBUTE` (`NAME`, `REALM_ID`, `VALUE`) VALUES('minimumQuickLoginWaitSeconds', 'ca5abdd7-1552-4581-bbd5-442181834c09', '60');
INSERT INTO `REALM_ATTRIBUTE` (`NAME`, `REALM_ID`, `VALUE`) VALUES('minimumQuickLoginWaitSeconds', 'fa2d39cd-24de-4543-8c1d-b35954a7576e', '60');
INSERT INTO `REALM_ATTRIBUTE` (`NAME`, `REALM_ID`, `VALUE`) VALUES('oauth2DeviceCodeLifespan', 'ca5abdd7-1552-4581-bbd5-442181834c09', '600');
INSERT INTO `REALM_ATTRIBUTE` (`NAME`, `REALM_ID`, `VALUE`) VALUES('oauth2DeviceCodeLifespan', 'fa2d39cd-24de-4543-8c1d-b35954a7576e', '600');
INSERT INTO `REALM_ATTRIBUTE` (`NAME`, `REALM_ID`, `VALUE`) VALUES('oauth2DevicePollingInterval', 'ca5abdd7-1552-4581-bbd5-442181834c09', '5');
INSERT INTO `REALM_ATTRIBUTE` (`NAME`, `REALM_ID`, `VALUE`) VALUES('oauth2DevicePollingInterval', 'fa2d39cd-24de-4543-8c1d-b35954a7576e', '5');
INSERT INTO `REALM_ATTRIBUTE` (`NAME`, `REALM_ID`, `VALUE`) VALUES('offlineSessionMaxLifespan', 'ca5abdd7-1552-4581-bbd5-442181834c09', '5184000');
INSERT INTO `REALM_ATTRIBUTE` (`NAME`, `REALM_ID`, `VALUE`) VALUES('offlineSessionMaxLifespan', 'fa2d39cd-24de-4543-8c1d-b35954a7576e', '5184000');
INSERT INTO `REALM_ATTRIBUTE` (`NAME`, `REALM_ID`, `VALUE`) VALUES('offlineSessionMaxLifespanEnabled', 'ca5abdd7-1552-4581-bbd5-442181834c09', 'false');
INSERT INTO `REALM_ATTRIBUTE` (`NAME`, `REALM_ID`, `VALUE`) VALUES('offlineSessionMaxLifespanEnabled', 'fa2d39cd-24de-4543-8c1d-b35954a7576e', 'false');
INSERT INTO `REALM_ATTRIBUTE` (`NAME`, `REALM_ID`, `VALUE`) VALUES('parRequestUriLifespan', 'ca5abdd7-1552-4581-bbd5-442181834c09', '60');
INSERT INTO `REALM_ATTRIBUTE` (`NAME`, `REALM_ID`, `VALUE`) VALUES('parRequestUriLifespan', 'fa2d39cd-24de-4543-8c1d-b35954a7576e', '60');
INSERT INTO `REALM_ATTRIBUTE` (`NAME`, `REALM_ID`, `VALUE`) VALUES('permanentLockout', 'ca5abdd7-1552-4581-bbd5-442181834c09', 'false');
INSERT INTO `REALM_ATTRIBUTE` (`NAME`, `REALM_ID`, `VALUE`) VALUES('permanentLockout', 'fa2d39cd-24de-4543-8c1d-b35954a7576e', 'false');
INSERT INTO `REALM_ATTRIBUTE` (`NAME`, `REALM_ID`, `VALUE`) VALUES('quickLoginCheckMilliSeconds', 'ca5abdd7-1552-4581-bbd5-442181834c09', '1000');
INSERT INTO `REALM_ATTRIBUTE` (`NAME`, `REALM_ID`, `VALUE`) VALUES('quickLoginCheckMilliSeconds', 'fa2d39cd-24de-4543-8c1d-b35954a7576e', '1000');
INSERT INTO `REALM_ATTRIBUTE` (`NAME`, `REALM_ID`, `VALUE`) VALUES('realmReusableOtpCode', 'ca5abdd7-1552-4581-bbd5-442181834c09', 'false');
INSERT INTO `REALM_ATTRIBUTE` (`NAME`, `REALM_ID`, `VALUE`) VALUES('realmReusableOtpCode', 'fa2d39cd-24de-4543-8c1d-b35954a7576e', 'false');
INSERT INTO `REALM_ATTRIBUTE` (`NAME`, `REALM_ID`, `VALUE`) VALUES('waitIncrementSeconds', 'ca5abdd7-1552-4581-bbd5-442181834c09', '60');
INSERT INTO `REALM_ATTRIBUTE` (`NAME`, `REALM_ID`, `VALUE`) VALUES('waitIncrementSeconds', 'fa2d39cd-24de-4543-8c1d-b35954a7576e', '60');
INSERT INTO `REALM_ATTRIBUTE` (`NAME`, `REALM_ID`, `VALUE`) VALUES('webAuthnPolicyAttestationConveyancePreference', 'ca5abdd7-1552-4581-bbd5-442181834c09', 'not specified');
INSERT INTO `REALM_ATTRIBUTE` (`NAME`, `REALM_ID`, `VALUE`) VALUES('webAuthnPolicyAttestationConveyancePreference', 'fa2d39cd-24de-4543-8c1d-b35954a7576e', 'not specified');
INSERT INTO `REALM_ATTRIBUTE` (`NAME`, `REALM_ID`, `VALUE`) VALUES('webAuthnPolicyAttestationConveyancePreferencePasswordless', 'ca5abdd7-1552-4581-bbd5-442181834c09', 'not specified');
INSERT INTO `REALM_ATTRIBUTE` (`NAME`, `REALM_ID`, `VALUE`) VALUES('webAuthnPolicyAttestationConveyancePreferencePasswordless', 'fa2d39cd-24de-4543-8c1d-b35954a7576e', 'not specified');
INSERT INTO `REALM_ATTRIBUTE` (`NAME`, `REALM_ID`, `VALUE`) VALUES('webAuthnPolicyAuthenticatorAttachment', 'ca5abdd7-1552-4581-bbd5-442181834c09', 'not specified');
INSERT INTO `REALM_ATTRIBUTE` (`NAME`, `REALM_ID`, `VALUE`) VALUES('webAuthnPolicyAuthenticatorAttachment', 'fa2d39cd-24de-4543-8c1d-b35954a7576e', 'not specified');
INSERT INTO `REALM_ATTRIBUTE` (`NAME`, `REALM_ID`, `VALUE`) VALUES('webAuthnPolicyAuthenticatorAttachmentPasswordless', 'ca5abdd7-1552-4581-bbd5-442181834c09', 'not specified');
INSERT INTO `REALM_ATTRIBUTE` (`NAME`, `REALM_ID`, `VALUE`) VALUES('webAuthnPolicyAuthenticatorAttachmentPasswordless', 'fa2d39cd-24de-4543-8c1d-b35954a7576e', 'not specified');
INSERT INTO `REALM_ATTRIBUTE` (`NAME`, `REALM_ID`, `VALUE`) VALUES('webAuthnPolicyAvoidSameAuthenticatorRegister', 'ca5abdd7-1552-4581-bbd5-442181834c09', 'false');
INSERT INTO `REALM_ATTRIBUTE` (`NAME`, `REALM_ID`, `VALUE`) VALUES('webAuthnPolicyAvoidSameAuthenticatorRegister', 'fa2d39cd-24de-4543-8c1d-b35954a7576e', 'false');
INSERT INTO `REALM_ATTRIBUTE` (`NAME`, `REALM_ID`, `VALUE`) VALUES('webAuthnPolicyAvoidSameAuthenticatorRegisterPasswordless', 'ca5abdd7-1552-4581-bbd5-442181834c09', 'false');
INSERT INTO `REALM_ATTRIBUTE` (`NAME`, `REALM_ID`, `VALUE`) VALUES('webAuthnPolicyAvoidSameAuthenticatorRegisterPasswordless', 'fa2d39cd-24de-4543-8c1d-b35954a7576e', 'false');
INSERT INTO `REALM_ATTRIBUTE` (`NAME`, `REALM_ID`, `VALUE`) VALUES('webAuthnPolicyCreateTimeout', 'ca5abdd7-1552-4581-bbd5-442181834c09', '0');
INSERT INTO `REALM_ATTRIBUTE` (`NAME`, `REALM_ID`, `VALUE`) VALUES('webAuthnPolicyCreateTimeout', 'fa2d39cd-24de-4543-8c1d-b35954a7576e', '0');
INSERT INTO `REALM_ATTRIBUTE` (`NAME`, `REALM_ID`, `VALUE`) VALUES('webAuthnPolicyCreateTimeoutPasswordless', 'ca5abdd7-1552-4581-bbd5-442181834c09', '0');
INSERT INTO `REALM_ATTRIBUTE` (`NAME`, `REALM_ID`, `VALUE`) VALUES('webAuthnPolicyCreateTimeoutPasswordless', 'fa2d39cd-24de-4543-8c1d-b35954a7576e', '0');
INSERT INTO `REALM_ATTRIBUTE` (`NAME`, `REALM_ID`, `VALUE`) VALUES('webAuthnPolicyRequireResidentKey', 'ca5abdd7-1552-4581-bbd5-442181834c09', 'not specified');
INSERT INTO `REALM_ATTRIBUTE` (`NAME`, `REALM_ID`, `VALUE`) VALUES('webAuthnPolicyRequireResidentKey', 'fa2d39cd-24de-4543-8c1d-b35954a7576e', 'not specified');
INSERT INTO `REALM_ATTRIBUTE` (`NAME`, `REALM_ID`, `VALUE`) VALUES('webAuthnPolicyRequireResidentKeyPasswordless', 'ca5abdd7-1552-4581-bbd5-442181834c09', 'not specified');
INSERT INTO `REALM_ATTRIBUTE` (`NAME`, `REALM_ID`, `VALUE`) VALUES('webAuthnPolicyRequireResidentKeyPasswordless', 'fa2d39cd-24de-4543-8c1d-b35954a7576e', 'not specified');
INSERT INTO `REALM_ATTRIBUTE` (`NAME`, `REALM_ID`, `VALUE`) VALUES('webAuthnPolicyRpEntityName', 'ca5abdd7-1552-4581-bbd5-442181834c09', 'keycloak');
INSERT INTO `REALM_ATTRIBUTE` (`NAME`, `REALM_ID`, `VALUE`) VALUES('webAuthnPolicyRpEntityName', 'fa2d39cd-24de-4543-8c1d-b35954a7576e', 'keycloak');
INSERT INTO `REALM_ATTRIBUTE` (`NAME`, `REALM_ID`, `VALUE`) VALUES('webAuthnPolicyRpEntityNamePasswordless', 'ca5abdd7-1552-4581-bbd5-442181834c09', 'keycloak');
INSERT INTO `REALM_ATTRIBUTE` (`NAME`, `REALM_ID`, `VALUE`) VALUES('webAuthnPolicyRpEntityNamePasswordless', 'fa2d39cd-24de-4543-8c1d-b35954a7576e', 'keycloak');
INSERT INTO `REALM_ATTRIBUTE` (`NAME`, `REALM_ID`, `VALUE`) VALUES('webAuthnPolicyRpId', 'ca5abdd7-1552-4581-bbd5-442181834c09', '');
INSERT INTO `REALM_ATTRIBUTE` (`NAME`, `REALM_ID`, `VALUE`) VALUES('webAuthnPolicyRpId', 'fa2d39cd-24de-4543-8c1d-b35954a7576e', '');
INSERT INTO `REALM_ATTRIBUTE` (`NAME`, `REALM_ID`, `VALUE`) VALUES('webAuthnPolicyRpIdPasswordless', 'ca5abdd7-1552-4581-bbd5-442181834c09', '');
INSERT INTO `REALM_ATTRIBUTE` (`NAME`, `REALM_ID`, `VALUE`) VALUES('webAuthnPolicyRpIdPasswordless', 'fa2d39cd-24de-4543-8c1d-b35954a7576e', '');
INSERT INTO `REALM_ATTRIBUTE` (`NAME`, `REALM_ID`, `VALUE`) VALUES('webAuthnPolicySignatureAlgorithms', 'ca5abdd7-1552-4581-bbd5-442181834c09', 'ES256');
INSERT INTO `REALM_ATTRIBUTE` (`NAME`, `REALM_ID`, `VALUE`) VALUES('webAuthnPolicySignatureAlgorithms', 'fa2d39cd-24de-4543-8c1d-b35954a7576e', 'ES256');
INSERT INTO `REALM_ATTRIBUTE` (`NAME`, `REALM_ID`, `VALUE`) VALUES('webAuthnPolicySignatureAlgorithmsPasswordless', 'ca5abdd7-1552-4581-bbd5-442181834c09', 'ES256');
INSERT INTO `REALM_ATTRIBUTE` (`NAME`, `REALM_ID`, `VALUE`) VALUES('webAuthnPolicySignatureAlgorithmsPasswordless', 'fa2d39cd-24de-4543-8c1d-b35954a7576e', 'ES256');
INSERT INTO `REALM_ATTRIBUTE` (`NAME`, `REALM_ID`, `VALUE`) VALUES('webAuthnPolicyUserVerificationRequirement', 'ca5abdd7-1552-4581-bbd5-442181834c09', 'not specified');
INSERT INTO `REALM_ATTRIBUTE` (`NAME`, `REALM_ID`, `VALUE`) VALUES('webAuthnPolicyUserVerificationRequirement', 'fa2d39cd-24de-4543-8c1d-b35954a7576e', 'not specified');
INSERT INTO `REALM_ATTRIBUTE` (`NAME`, `REALM_ID`, `VALUE`) VALUES('webAuthnPolicyUserVerificationRequirementPasswordless', 'ca5abdd7-1552-4581-bbd5-442181834c09', 'not specified');
INSERT INTO `REALM_ATTRIBUTE` (`NAME`, `REALM_ID`, `VALUE`) VALUES('webAuthnPolicyUserVerificationRequirementPasswordless', 'fa2d39cd-24de-4543-8c1d-b35954a7576e', 'not specified');
INSERT INTO `REALM_ATTRIBUTE` (`NAME`, `REALM_ID`, `VALUE`) VALUES('_browser_header.contentSecurityPolicy', 'ca5abdd7-1552-4581-bbd5-442181834c09', 'frame-src \'self\'; frame-ancestors \'self\'; object-src \'none\';');
INSERT INTO `REALM_ATTRIBUTE` (`NAME`, `REALM_ID`, `VALUE`) VALUES('_browser_header.contentSecurityPolicy', 'fa2d39cd-24de-4543-8c1d-b35954a7576e', 'frame-src \'self\'; frame-ancestors \'self\'; object-src \'none\';');
INSERT INTO `REALM_ATTRIBUTE` (`NAME`, `REALM_ID`, `VALUE`) VALUES('_browser_header.contentSecurityPolicyReportOnly', 'ca5abdd7-1552-4581-bbd5-442181834c09', '');
INSERT INTO `REALM_ATTRIBUTE` (`NAME`, `REALM_ID`, `VALUE`) VALUES('_browser_header.contentSecurityPolicyReportOnly', 'fa2d39cd-24de-4543-8c1d-b35954a7576e', '');
INSERT INTO `REALM_ATTRIBUTE` (`NAME`, `REALM_ID`, `VALUE`) VALUES('_browser_header.strictTransportSecurity', 'ca5abdd7-1552-4581-bbd5-442181834c09', 'max-age=31536000; includeSubDomains');
INSERT INTO `REALM_ATTRIBUTE` (`NAME`, `REALM_ID`, `VALUE`) VALUES('_browser_header.strictTransportSecurity', 'fa2d39cd-24de-4543-8c1d-b35954a7576e', 'max-age=31536000; includeSubDomains');
INSERT INTO `REALM_ATTRIBUTE` (`NAME`, `REALM_ID`, `VALUE`) VALUES('_browser_header.xContentTypeOptions', 'ca5abdd7-1552-4581-bbd5-442181834c09', 'nosniff');
INSERT INTO `REALM_ATTRIBUTE` (`NAME`, `REALM_ID`, `VALUE`) VALUES('_browser_header.xContentTypeOptions', 'fa2d39cd-24de-4543-8c1d-b35954a7576e', 'nosniff');
INSERT INTO `REALM_ATTRIBUTE` (`NAME`, `REALM_ID`, `VALUE`) VALUES('_browser_header.xFrameOptions', 'ca5abdd7-1552-4581-bbd5-442181834c09', 'SAMEORIGIN');
INSERT INTO `REALM_ATTRIBUTE` (`NAME`, `REALM_ID`, `VALUE`) VALUES('_browser_header.xFrameOptions', 'fa2d39cd-24de-4543-8c1d-b35954a7576e', 'SAMEORIGIN');
INSERT INTO `REALM_ATTRIBUTE` (`NAME`, `REALM_ID`, `VALUE`) VALUES('_browser_header.xRobotsTag', 'ca5abdd7-1552-4581-bbd5-442181834c09', 'none');
INSERT INTO `REALM_ATTRIBUTE` (`NAME`, `REALM_ID`, `VALUE`) VALUES('_browser_header.xRobotsTag', 'fa2d39cd-24de-4543-8c1d-b35954a7576e', 'none');
INSERT INTO `REALM_ATTRIBUTE` (`NAME`, `REALM_ID`, `VALUE`) VALUES('_browser_header.xXSSProtection', 'ca5abdd7-1552-4581-bbd5-442181834c09', '1; mode=block');
INSERT INTO `REALM_ATTRIBUTE` (`NAME`, `REALM_ID`, `VALUE`) VALUES('_browser_header.xXSSProtection', 'fa2d39cd-24de-4543-8c1d-b35954a7576e', '1; mode=block');

DROP TABLE IF EXISTS `REALM_DEFAULT_GROUPS`;
CREATE TABLE `REALM_DEFAULT_GROUPS` (
  `REALM_ID` varchar(36) NOT NULL,
  `GROUP_ID` varchar(36) NOT NULL
) ENGINE=InnoDB DEFAULT CHARSET=utf8mb4 COLLATE=utf8mb4_general_ci;

DROP TABLE IF EXISTS `REALM_ENABLED_EVENT_TYPES`;
CREATE TABLE `REALM_ENABLED_EVENT_TYPES` (
  `REALM_ID` varchar(36) NOT NULL,
  `VALUE` varchar(255) NOT NULL
) ENGINE=InnoDB DEFAULT CHARSET=utf8mb4 COLLATE=utf8mb4_general_ci;

DROP TABLE IF EXISTS `REALM_EVENTS_LISTENERS`;
CREATE TABLE `REALM_EVENTS_LISTENERS` (
  `REALM_ID` varchar(36) NOT NULL,
  `VALUE` varchar(255) NOT NULL
) ENGINE=InnoDB DEFAULT CHARSET=utf8mb4 COLLATE=utf8mb4_general_ci;

INSERT INTO `REALM_EVENTS_LISTENERS` (`REALM_ID`, `VALUE`) VALUES('ca5abdd7-1552-4581-bbd5-442181834c09', 'jboss-logging');
INSERT INTO `REALM_EVENTS_LISTENERS` (`REALM_ID`, `VALUE`) VALUES('fa2d39cd-24de-4543-8c1d-b35954a7576e', 'jboss-logging');

DROP TABLE IF EXISTS `REALM_LOCALIZATIONS`;
CREATE TABLE `REALM_LOCALIZATIONS` (
  `REALM_ID` varchar(255) NOT NULL,
  `LOCALE` varchar(255) NOT NULL,
  `TEXTS` longtext CHARACTER SET utf8mb3 COLLATE utf8mb3_general_ci NOT NULL
) ENGINE=InnoDB DEFAULT CHARSET=utf8mb4 COLLATE=utf8mb4_general_ci;

DROP TABLE IF EXISTS `REALM_REQUIRED_CREDENTIAL`;
CREATE TABLE `REALM_REQUIRED_CREDENTIAL` (
  `TYPE` varchar(255) NOT NULL,
  `FORM_LABEL` varchar(255) DEFAULT NULL,
  `INPUT` bit(1) NOT NULL DEFAULT b'0',
  `SECRET` bit(1) NOT NULL DEFAULT b'0',
  `REALM_ID` varchar(36) NOT NULL
) ENGINE=InnoDB DEFAULT CHARSET=utf8mb4 COLLATE=utf8mb4_general_ci;

INSERT INTO `REALM_REQUIRED_CREDENTIAL` (`TYPE`, `FORM_LABEL`, `INPUT`, `SECRET`, `REALM_ID`) VALUES('password', 'password', b'1', b'1', 'ca5abdd7-1552-4581-bbd5-442181834c09');
INSERT INTO `REALM_REQUIRED_CREDENTIAL` (`TYPE`, `FORM_LABEL`, `INPUT`, `SECRET`, `REALM_ID`) VALUES('password', 'password', b'1', b'1', 'fa2d39cd-24de-4543-8c1d-b35954a7576e');

DROP TABLE IF EXISTS `REALM_SMTP_CONFIG`;
CREATE TABLE `REALM_SMTP_CONFIG` (
  `REALM_ID` varchar(36) NOT NULL,
  `VALUE` varchar(255) DEFAULT NULL,
  `NAME` varchar(255) NOT NULL
) ENGINE=InnoDB DEFAULT CHARSET=utf8mb4 COLLATE=utf8mb4_general_ci;

INSERT INTO `REALM_SMTP_CONFIG` (`REALM_ID`, `VALUE`, `NAME`) VALUES('ca5abdd7-1552-4581-bbd5-442181834c09', '', 'auth');
INSERT INTO `REALM_SMTP_CONFIG` (`REALM_ID`, `VALUE`, `NAME`) VALUES('ca5abdd7-1552-4581-bbd5-442181834c09', '', 'envelopeFrom');
INSERT INTO `REALM_SMTP_CONFIG` (`REALM_ID`, `VALUE`, `NAME`) VALUES('ca5abdd7-1552-4581-bbd5-442181834c09', 'master.keycloak@example.com', 'from');
INSERT INTO `REALM_SMTP_CONFIG` (`REALM_ID`, `VALUE`, `NAME`) VALUES('ca5abdd7-1552-4581-bbd5-442181834c09', 'Master SSO', 'fromDisplayName');
INSERT INTO `REALM_SMTP_CONFIG` (`REALM_ID`, `VALUE`, `NAME`) VALUES('ca5abdd7-1552-4581-bbd5-442181834c09', 'mailhog', 'host');
INSERT INTO `REALM_SMTP_CONFIG` (`REALM_ID`, `VALUE`, `NAME`) VALUES('ca5abdd7-1552-4581-bbd5-442181834c09', '1025', 'port');
INSERT INTO `REALM_SMTP_CONFIG` (`REALM_ID`, `VALUE`, `NAME`) VALUES('ca5abdd7-1552-4581-bbd5-442181834c09', 'master.keycloak@example.com', 'replyTo');
INSERT INTO `REALM_SMTP_CONFIG` (`REALM_ID`, `VALUE`, `NAME`) VALUES('ca5abdd7-1552-4581-bbd5-442181834c09', 'Master SSO', 'replyToDisplayName');
INSERT INTO `REALM_SMTP_CONFIG` (`REALM_ID`, `VALUE`, `NAME`) VALUES('ca5abdd7-1552-4581-bbd5-442181834c09', 'false', 'ssl');
INSERT INTO `REALM_SMTP_CONFIG` (`REALM_ID`, `VALUE`, `NAME`) VALUES('ca5abdd7-1552-4581-bbd5-442181834c09', 'false', 'starttls');
INSERT INTO `REALM_SMTP_CONFIG` (`REALM_ID`, `VALUE`, `NAME`) VALUES('fa2d39cd-24de-4543-8c1d-b35954a7576e', '', 'auth');
INSERT INTO `REALM_SMTP_CONFIG` (`REALM_ID`, `VALUE`, `NAME`) VALUES('fa2d39cd-24de-4543-8c1d-b35954a7576e', '', 'envelopeFrom');
INSERT INTO `REALM_SMTP_CONFIG` (`REALM_ID`, `VALUE`, `NAME`) VALUES('fa2d39cd-24de-4543-8c1d-b35954a7576e', 'primary.keycloak@example.com', 'from');
INSERT INTO `REALM_SMTP_CONFIG` (`REALM_ID`, `VALUE`, `NAME`) VALUES('fa2d39cd-24de-4543-8c1d-b35954a7576e', 'Primary SSO', 'fromDisplayName');
INSERT INTO `REALM_SMTP_CONFIG` (`REALM_ID`, `VALUE`, `NAME`) VALUES('fa2d39cd-24de-4543-8c1d-b35954a7576e', 'mailhog', 'host');
INSERT INTO `REALM_SMTP_CONFIG` (`REALM_ID`, `VALUE`, `NAME`) VALUES('fa2d39cd-24de-4543-8c1d-b35954a7576e', '1025', 'port');
INSERT INTO `REALM_SMTP_CONFIG` (`REALM_ID`, `VALUE`, `NAME`) VALUES('fa2d39cd-24de-4543-8c1d-b35954a7576e', 'primary.keycloak@example.com', 'replyTo');
INSERT INTO `REALM_SMTP_CONFIG` (`REALM_ID`, `VALUE`, `NAME`) VALUES('fa2d39cd-24de-4543-8c1d-b35954a7576e', 'Primary SSO', 'replyToDisplayName');
INSERT INTO `REALM_SMTP_CONFIG` (`REALM_ID`, `VALUE`, `NAME`) VALUES('fa2d39cd-24de-4543-8c1d-b35954a7576e', 'false', 'ssl');
INSERT INTO `REALM_SMTP_CONFIG` (`REALM_ID`, `VALUE`, `NAME`) VALUES('fa2d39cd-24de-4543-8c1d-b35954a7576e', 'false', 'starttls');

DROP TABLE IF EXISTS `REALM_SUPPORTED_LOCALES`;
CREATE TABLE `REALM_SUPPORTED_LOCALES` (
  `REALM_ID` varchar(36) NOT NULL,
  `VALUE` varchar(255) NOT NULL
) ENGINE=InnoDB DEFAULT CHARSET=utf8mb4 COLLATE=utf8mb4_general_ci;

DROP TABLE IF EXISTS `REDIRECT_URIS`;
CREATE TABLE `REDIRECT_URIS` (
  `CLIENT_ID` varchar(36) NOT NULL,
  `VALUE` varchar(255) NOT NULL
) ENGINE=InnoDB DEFAULT CHARSET=utf8mb4 COLLATE=utf8mb4_general_ci;

INSERT INTO `REDIRECT_URIS` (`CLIENT_ID`, `VALUE`) VALUES('2055e995-b383-4cf5-9e2d-d102aeca1a24', '/admin/master/console/*');
INSERT INTO `REDIRECT_URIS` (`CLIENT_ID`, `VALUE`) VALUES('3cebacfc-b1d9-4ada-909e-e8634caf12b9', '/admin/primary/console/*');
INSERT INTO `REDIRECT_URIS` (`CLIENT_ID`, `VALUE`) VALUES('7ce8f350-b98b-41fc-bc1b-a1d1d3ba1adb', '/realms/master/account/*');
INSERT INTO `REDIRECT_URIS` (`CLIENT_ID`, `VALUE`) VALUES('8bf34cfa-4a11-4eda-8803-6ca132b5e9a2', '/realms/primary/account/*');
INSERT INTO `REDIRECT_URIS` (`CLIENT_ID`, `VALUE`) VALUES('b3ba5987-e40e-4f72-b0bd-453ed3d987ef', '/realms/primary/account/*');
INSERT INTO `REDIRECT_URIS` (`CLIENT_ID`, `VALUE`) VALUES('e4100cfe-9ccb-4c70-8d7e-5fd21a08e97b', '/realms/master/account/*');

DROP TABLE IF EXISTS `REQUIRED_ACTION_CONFIG`;
CREATE TABLE `REQUIRED_ACTION_CONFIG` (
  `REQUIRED_ACTION_ID` varchar(36) NOT NULL,
  `VALUE` longtext DEFAULT NULL,
  `NAME` varchar(255) NOT NULL
) ENGINE=InnoDB DEFAULT CHARSET=utf8mb4 COLLATE=utf8mb4_general_ci;

DROP TABLE IF EXISTS `REQUIRED_ACTION_PROVIDER`;
CREATE TABLE `REQUIRED_ACTION_PROVIDER` (
  `ID` varchar(36) NOT NULL,
  `ALIAS` varchar(255) DEFAULT NULL,
  `NAME` varchar(255) DEFAULT NULL,
  `REALM_ID` varchar(36) DEFAULT NULL,
  `ENABLED` bit(1) NOT NULL DEFAULT b'0',
  `DEFAULT_ACTION` bit(1) NOT NULL DEFAULT b'0',
  `PROVIDER_ID` varchar(255) DEFAULT NULL,
  `PRIORITY` int(11) DEFAULT NULL
) ENGINE=InnoDB DEFAULT CHARSET=utf8mb4 COLLATE=utf8mb4_general_ci;

INSERT INTO `REQUIRED_ACTION_PROVIDER` (`ID`, `ALIAS`, `NAME`, `REALM_ID`, `ENABLED`, `DEFAULT_ACTION`, `PROVIDER_ID`, `PRIORITY`) VALUES('0881a4dc-bc8e-47d5-ae1d-19def1b7d9ef', 'CONFIGURE_TOTP', 'Configure OTP', 'fa2d39cd-24de-4543-8c1d-b35954a7576e', b'1', b'0', 'CONFIGURE_TOTP', 10);
INSERT INTO `REQUIRED_ACTION_PROVIDER` (`ID`, `ALIAS`, `NAME`, `REALM_ID`, `ENABLED`, `DEFAULT_ACTION`, `PROVIDER_ID`, `PRIORITY`) VALUES('1ca84bba-9039-4b3d-8a0f-1ae287894f59', 'delete_account', 'Delete Account', 'fa2d39cd-24de-4543-8c1d-b35954a7576e', b'0', b'0', 'delete_account', 60);
INSERT INTO `REQUIRED_ACTION_PROVIDER` (`ID`, `ALIAS`, `NAME`, `REALM_ID`, `ENABLED`, `DEFAULT_ACTION`, `PROVIDER_ID`, `PRIORITY`) VALUES('1e0bb0a5-f31d-437b-ae0d-4b3633ecf2be', 'webauthn-register-passwordless', 'Webauthn Register Passwordless', 'fa2d39cd-24de-4543-8c1d-b35954a7576e', b'1', b'0', 'webauthn-register-passwordless', 80);
INSERT INTO `REQUIRED_ACTION_PROVIDER` (`ID`, `ALIAS`, `NAME`, `REALM_ID`, `ENABLED`, `DEFAULT_ACTION`, `PROVIDER_ID`, `PRIORITY`) VALUES('31603ef3-b3c1-4906-bb19-19c9e73cf793', 'update_user_locale', 'Update User Locale', 'ca5abdd7-1552-4581-bbd5-442181834c09', b'1', b'0', 'update_user_locale', 1000);
INSERT INTO `REQUIRED_ACTION_PROVIDER` (`ID`, `ALIAS`, `NAME`, `REALM_ID`, `ENABLED`, `DEFAULT_ACTION`, `PROVIDER_ID`, `PRIORITY`) VALUES('39e667ff-9bee-4b14-8f4f-e57116d2d161', 'delete_account', 'Delete Account', 'ca5abdd7-1552-4581-bbd5-442181834c09', b'0', b'0', 'delete_account', 60);
INSERT INTO `REQUIRED_ACTION_PROVIDER` (`ID`, `ALIAS`, `NAME`, `REALM_ID`, `ENABLED`, `DEFAULT_ACTION`, `PROVIDER_ID`, `PRIORITY`) VALUES('4760fe5d-6754-4d5d-b8dd-1a57f5a41dd2', 'webauthn-register-passwordless', 'Webauthn Register Passwordless', 'ca5abdd7-1552-4581-bbd5-442181834c09', b'1', b'0', 'webauthn-register-passwordless', 80);
INSERT INTO `REQUIRED_ACTION_PROVIDER` (`ID`, `ALIAS`, `NAME`, `REALM_ID`, `ENABLED`, `DEFAULT_ACTION`, `PROVIDER_ID`, `PRIORITY`) VALUES('4f0e84ea-7b55-47c3-89ab-f9f66dd6c4a7', 'TERMS_AND_CONDITIONS', 'Terms and Conditions', 'ca5abdd7-1552-4581-bbd5-442181834c09', b'0', b'0', 'TERMS_AND_CONDITIONS', 20);
INSERT INTO `REQUIRED_ACTION_PROVIDER` (`ID`, `ALIAS`, `NAME`, `REALM_ID`, `ENABLED`, `DEFAULT_ACTION`, `PROVIDER_ID`, `PRIORITY`) VALUES('51c089cf-4105-4860-8c3f-eefc087bbeec', 'update_user_locale', 'Update User Locale', 'fa2d39cd-24de-4543-8c1d-b35954a7576e', b'1', b'0', 'update_user_locale', 1000);
INSERT INTO `REQUIRED_ACTION_PROVIDER` (`ID`, `ALIAS`, `NAME`, `REALM_ID`, `ENABLED`, `DEFAULT_ACTION`, `PROVIDER_ID`, `PRIORITY`) VALUES('5528ccc1-a8cb-4d61-8e52-7e1a9dcd1b72', 'UPDATE_PROFILE', 'Update Profile', 'ca5abdd7-1552-4581-bbd5-442181834c09', b'1', b'0', 'UPDATE_PROFILE', 40);
INSERT INTO `REQUIRED_ACTION_PROVIDER` (`ID`, `ALIAS`, `NAME`, `REALM_ID`, `ENABLED`, `DEFAULT_ACTION`, `PROVIDER_ID`, `PRIORITY`) VALUES('5551d910-f309-460a-969d-429c59698f37', 'UPDATE_PASSWORD', 'Update Password', 'fa2d39cd-24de-4543-8c1d-b35954a7576e', b'1', b'0', 'UPDATE_PASSWORD', 30);
INSERT INTO `REQUIRED_ACTION_PROVIDER` (`ID`, `ALIAS`, `NAME`, `REALM_ID`, `ENABLED`, `DEFAULT_ACTION`, `PROVIDER_ID`, `PRIORITY`) VALUES('6738c73d-8613-4a48-96e2-988fba3df967', 'VERIFY_EMAIL', 'Verify Email', 'fa2d39cd-24de-4543-8c1d-b35954a7576e', b'1', b'0', 'VERIFY_EMAIL', 50);
INSERT INTO `REQUIRED_ACTION_PROVIDER` (`ID`, `ALIAS`, `NAME`, `REALM_ID`, `ENABLED`, `DEFAULT_ACTION`, `PROVIDER_ID`, `PRIORITY`) VALUES('8464098b-d278-405b-a25a-5a42a81c4d72', 'CONFIGURE_TOTP', 'Configure OTP', 'ca5abdd7-1552-4581-bbd5-442181834c09', b'1', b'0', 'CONFIGURE_TOTP', 10);
INSERT INTO `REQUIRED_ACTION_PROVIDER` (`ID`, `ALIAS`, `NAME`, `REALM_ID`, `ENABLED`, `DEFAULT_ACTION`, `PROVIDER_ID`, `PRIORITY`) VALUES('92f3e50d-a4df-4fc5-8815-aa9eb4b53586', 'webauthn-register', 'Webauthn Register', 'ca5abdd7-1552-4581-bbd5-442181834c09', b'1', b'0', 'webauthn-register', 70);
INSERT INTO `REQUIRED_ACTION_PROVIDER` (`ID`, `ALIAS`, `NAME`, `REALM_ID`, `ENABLED`, `DEFAULT_ACTION`, `PROVIDER_ID`, `PRIORITY`) VALUES('9edad250-6394-4369-8f12-b396c193d3f7', 'TERMS_AND_CONDITIONS', 'Terms and Conditions', 'fa2d39cd-24de-4543-8c1d-b35954a7576e', b'0', b'0', 'TERMS_AND_CONDITIONS', 20);
INSERT INTO `REQUIRED_ACTION_PROVIDER` (`ID`, `ALIAS`, `NAME`, `REALM_ID`, `ENABLED`, `DEFAULT_ACTION`, `PROVIDER_ID`, `PRIORITY`) VALUES('b0011e80-a8e2-4709-88ba-10eb72a06549', 'UPDATE_PROFILE', 'Update Profile', 'fa2d39cd-24de-4543-8c1d-b35954a7576e', b'1', b'0', 'UPDATE_PROFILE', 40);
INSERT INTO `REQUIRED_ACTION_PROVIDER` (`ID`, `ALIAS`, `NAME`, `REALM_ID`, `ENABLED`, `DEFAULT_ACTION`, `PROVIDER_ID`, `PRIORITY`) VALUES('bca8f6f7-5f1a-4ab7-bef8-b4aadc02921a', 'webauthn-register', 'Webauthn Register', 'fa2d39cd-24de-4543-8c1d-b35954a7576e', b'1', b'0', 'webauthn-register', 70);
INSERT INTO `REQUIRED_ACTION_PROVIDER` (`ID`, `ALIAS`, `NAME`, `REALM_ID`, `ENABLED`, `DEFAULT_ACTION`, `PROVIDER_ID`, `PRIORITY`) VALUES('e0cf1207-5fb2-45e1-8702-a5779bf3da67', 'VERIFY_EMAIL', 'Verify Email', 'ca5abdd7-1552-4581-bbd5-442181834c09', b'1', b'0', 'VERIFY_EMAIL', 50);
INSERT INTO `REQUIRED_ACTION_PROVIDER` (`ID`, `ALIAS`, `NAME`, `REALM_ID`, `ENABLED`, `DEFAULT_ACTION`, `PROVIDER_ID`, `PRIORITY`) VALUES('f67eb0f9-449b-408f-957d-6f3b07ad00e8', 'UPDATE_PASSWORD', 'Update Password', 'ca5abdd7-1552-4581-bbd5-442181834c09', b'1', b'0', 'UPDATE_PASSWORD', 30);

DROP TABLE IF EXISTS `RESOURCE_ATTRIBUTE`;
CREATE TABLE `RESOURCE_ATTRIBUTE` (
  `ID` varchar(36) NOT NULL DEFAULT 'sybase-needs-something-here',
  `NAME` varchar(255) NOT NULL,
  `VALUE` varchar(255) DEFAULT NULL,
  `RESOURCE_ID` varchar(36) NOT NULL
) ENGINE=InnoDB DEFAULT CHARSET=utf8mb4 COLLATE=utf8mb4_general_ci;

DROP TABLE IF EXISTS `RESOURCE_POLICY`;
CREATE TABLE `RESOURCE_POLICY` (
  `RESOURCE_ID` varchar(36) NOT NULL,
  `POLICY_ID` varchar(36) NOT NULL
) ENGINE=InnoDB DEFAULT CHARSET=utf8mb4 COLLATE=utf8mb4_general_ci;

DROP TABLE IF EXISTS `RESOURCE_SCOPE`;
CREATE TABLE `RESOURCE_SCOPE` (
  `RESOURCE_ID` varchar(36) NOT NULL,
  `SCOPE_ID` varchar(36) NOT NULL
) ENGINE=InnoDB DEFAULT CHARSET=utf8mb4 COLLATE=utf8mb4_general_ci;

DROP TABLE IF EXISTS `RESOURCE_SERVER`;
CREATE TABLE `RESOURCE_SERVER` (
  `ID` varchar(36) NOT NULL,
  `ALLOW_RS_REMOTE_MGMT` bit(1) NOT NULL DEFAULT b'0',
  `POLICY_ENFORCE_MODE` varchar(15) NOT NULL,
  `DECISION_STRATEGY` tinyint(4) NOT NULL DEFAULT 1
) ENGINE=InnoDB DEFAULT CHARSET=utf8mb4 COLLATE=utf8mb4_general_ci;

DROP TABLE IF EXISTS `RESOURCE_SERVER_PERM_TICKET`;
CREATE TABLE `RESOURCE_SERVER_PERM_TICKET` (
  `ID` varchar(36) NOT NULL,
  `OWNER` varchar(255) DEFAULT NULL,
  `REQUESTER` varchar(255) DEFAULT NULL,
  `CREATED_TIMESTAMP` bigint(20) NOT NULL,
  `GRANTED_TIMESTAMP` bigint(20) DEFAULT NULL,
  `RESOURCE_ID` varchar(36) NOT NULL,
  `SCOPE_ID` varchar(36) DEFAULT NULL,
  `RESOURCE_SERVER_ID` varchar(36) NOT NULL,
  `POLICY_ID` varchar(36) DEFAULT NULL
) ENGINE=InnoDB DEFAULT CHARSET=utf8mb4 COLLATE=utf8mb4_general_ci;

DROP TABLE IF EXISTS `RESOURCE_SERVER_POLICY`;
CREATE TABLE `RESOURCE_SERVER_POLICY` (
  `ID` varchar(36) NOT NULL,
  `NAME` varchar(255) NOT NULL,
  `DESCRIPTION` varchar(255) CHARACTER SET utf8mb3 COLLATE utf8mb3_general_ci DEFAULT NULL,
  `TYPE` varchar(255) NOT NULL,
  `DECISION_STRATEGY` varchar(20) DEFAULT NULL,
  `LOGIC` varchar(20) DEFAULT NULL,
  `RESOURCE_SERVER_ID` varchar(36) DEFAULT NULL,
  `OWNER` varchar(255) DEFAULT NULL
) ENGINE=InnoDB DEFAULT CHARSET=utf8mb4 COLLATE=utf8mb4_general_ci;

DROP TABLE IF EXISTS `RESOURCE_SERVER_RESOURCE`;
CREATE TABLE `RESOURCE_SERVER_RESOURCE` (
  `ID` varchar(36) NOT NULL,
  `NAME` varchar(255) NOT NULL,
  `TYPE` varchar(255) DEFAULT NULL,
  `ICON_URI` varchar(255) DEFAULT NULL,
  `OWNER` varchar(255) DEFAULT NULL,
  `RESOURCE_SERVER_ID` varchar(36) DEFAULT NULL,
  `OWNER_MANAGED_ACCESS` bit(1) NOT NULL DEFAULT b'0',
  `DISPLAY_NAME` varchar(255) DEFAULT NULL
) ENGINE=InnoDB DEFAULT CHARSET=utf8mb4 COLLATE=utf8mb4_general_ci;

DROP TABLE IF EXISTS `RESOURCE_SERVER_SCOPE`;
CREATE TABLE `RESOURCE_SERVER_SCOPE` (
  `ID` varchar(36) NOT NULL,
  `NAME` varchar(255) NOT NULL,
  `ICON_URI` varchar(255) DEFAULT NULL,
  `RESOURCE_SERVER_ID` varchar(36) DEFAULT NULL,
  `DISPLAY_NAME` varchar(255) DEFAULT NULL
) ENGINE=InnoDB DEFAULT CHARSET=utf8mb4 COLLATE=utf8mb4_general_ci;

DROP TABLE IF EXISTS `RESOURCE_URIS`;
CREATE TABLE `RESOURCE_URIS` (
  `RESOURCE_ID` varchar(36) NOT NULL,
  `VALUE` varchar(255) NOT NULL
) ENGINE=InnoDB DEFAULT CHARSET=utf8mb4 COLLATE=utf8mb4_general_ci;

DROP TABLE IF EXISTS `ROLE_ATTRIBUTE`;
CREATE TABLE `ROLE_ATTRIBUTE` (
  `ID` varchar(36) NOT NULL,
  `ROLE_ID` varchar(36) NOT NULL,
  `NAME` varchar(255) NOT NULL,
  `VALUE` varchar(255) CHARACTER SET utf8mb3 COLLATE utf8mb3_general_ci DEFAULT NULL
) ENGINE=InnoDB DEFAULT CHARSET=utf8mb4 COLLATE=utf8mb4_general_ci;

DROP TABLE IF EXISTS `SCOPE_MAPPING`;
CREATE TABLE `SCOPE_MAPPING` (
  `CLIENT_ID` varchar(36) NOT NULL,
  `ROLE_ID` varchar(36) NOT NULL
) ENGINE=InnoDB DEFAULT CHARSET=utf8mb4 COLLATE=utf8mb4_general_ci;

INSERT INTO `SCOPE_MAPPING` (`CLIENT_ID`, `ROLE_ID`) VALUES('b3ba5987-e40e-4f72-b0bd-453ed3d987ef', '1808c172-3a37-4114-84cb-c78d9314d57a');
INSERT INTO `SCOPE_MAPPING` (`CLIENT_ID`, `ROLE_ID`) VALUES('b3ba5987-e40e-4f72-b0bd-453ed3d987ef', 'da2cf578-0bc0-4025-8357-2daf3188c4e0');
INSERT INTO `SCOPE_MAPPING` (`CLIENT_ID`, `ROLE_ID`) VALUES('e4100cfe-9ccb-4c70-8d7e-5fd21a08e97b', 'a8d6d250-7580-4aa7-aa9d-75f36e9995ee');
INSERT INTO `SCOPE_MAPPING` (`CLIENT_ID`, `ROLE_ID`) VALUES('e4100cfe-9ccb-4c70-8d7e-5fd21a08e97b', 'e8be201a-8353-4e66-8fed-d5d0bf0d93c4');

DROP TABLE IF EXISTS `SCOPE_POLICY`;
CREATE TABLE `SCOPE_POLICY` (
  `SCOPE_ID` varchar(36) NOT NULL,
  `POLICY_ID` varchar(36) NOT NULL
) ENGINE=InnoDB DEFAULT CHARSET=utf8mb4 COLLATE=utf8mb4_general_ci;

DROP TABLE IF EXISTS `USERNAME_LOGIN_FAILURE`;
CREATE TABLE `USERNAME_LOGIN_FAILURE` (
  `REALM_ID` varchar(36) NOT NULL,
  `USERNAME` varchar(255) CHARACTER SET utf8mb3 COLLATE utf8mb3_general_ci NOT NULL,
  `FAILED_LOGIN_NOT_BEFORE` int(11) DEFAULT NULL,
  `LAST_FAILURE` bigint(20) DEFAULT NULL,
  `LAST_IP_FAILURE` varchar(255) DEFAULT NULL,
  `NUM_FAILURES` int(11) DEFAULT NULL
) ENGINE=InnoDB DEFAULT CHARSET=utf8mb4 COLLATE=utf8mb4_general_ci;

DROP TABLE IF EXISTS `USER_ATTRIBUTE`;
CREATE TABLE `USER_ATTRIBUTE` (
  `NAME` varchar(255) NOT NULL,
  `VALUE` varchar(255) CHARACTER SET utf8mb3 COLLATE utf8mb3_general_ci DEFAULT NULL,
  `USER_ID` varchar(36) NOT NULL,
  `ID` varchar(36) NOT NULL DEFAULT 'sybase-needs-something-here'
) ENGINE=InnoDB DEFAULT CHARSET=utf8mb4 COLLATE=utf8mb4_general_ci;

DROP TABLE IF EXISTS `USER_CONSENT`;
CREATE TABLE `USER_CONSENT` (
  `ID` varchar(36) NOT NULL,
  `CLIENT_ID` varchar(255) DEFAULT NULL,
  `USER_ID` varchar(36) NOT NULL,
  `CREATED_DATE` bigint(20) DEFAULT NULL,
  `LAST_UPDATED_DATE` bigint(20) DEFAULT NULL,
  `CLIENT_STORAGE_PROVIDER` varchar(36) DEFAULT NULL,
  `EXTERNAL_CLIENT_ID` varchar(255) DEFAULT NULL
) ENGINE=InnoDB DEFAULT CHARSET=utf8mb4 COLLATE=utf8mb4_general_ci;

DROP TABLE IF EXISTS `USER_CONSENT_CLIENT_SCOPE`;
CREATE TABLE `USER_CONSENT_CLIENT_SCOPE` (
  `USER_CONSENT_ID` varchar(36) NOT NULL,
  `SCOPE_ID` varchar(36) NOT NULL
) ENGINE=InnoDB DEFAULT CHARSET=utf8mb4 COLLATE=utf8mb4_general_ci;

DROP TABLE IF EXISTS `USER_ENTITY`;
CREATE TABLE `USER_ENTITY` (
  `ID` varchar(36) NOT NULL,
  `EMAIL` varchar(255) DEFAULT NULL,
  `EMAIL_CONSTRAINT` varchar(255) DEFAULT NULL,
  `EMAIL_VERIFIED` bit(1) NOT NULL DEFAULT b'0',
  `ENABLED` bit(1) NOT NULL DEFAULT b'0',
  `FEDERATION_LINK` varchar(255) DEFAULT NULL,
  `FIRST_NAME` varchar(255) CHARACTER SET utf8mb3 COLLATE utf8mb3_general_ci DEFAULT NULL,
  `LAST_NAME` varchar(255) CHARACTER SET utf8mb3 COLLATE utf8mb3_general_ci DEFAULT NULL,
  `REALM_ID` varchar(255) DEFAULT NULL,
  `USERNAME` varchar(255) CHARACTER SET utf8mb3 COLLATE utf8mb3_general_ci DEFAULT NULL,
  `CREATED_TIMESTAMP` bigint(20) DEFAULT NULL,
  `SERVICE_ACCOUNT_CLIENT_LINK` varchar(255) DEFAULT NULL,
  `NOT_BEFORE` int(11) NOT NULL DEFAULT 0
) ENGINE=InnoDB DEFAULT CHARSET=utf8mb4 COLLATE=utf8mb4_general_ci;

INSERT INTO `USER_ENTITY` (`ID`, `EMAIL`, `EMAIL_CONSTRAINT`, `EMAIL_VERIFIED`, `ENABLED`, `FEDERATION_LINK`, `FIRST_NAME`, `LAST_NAME`, `REALM_ID`, `USERNAME`, `CREATED_TIMESTAMP`, `SERVICE_ACCOUNT_CLIENT_LINK`, `NOT_BEFORE`) VALUES('35d4a48c-3f69-4b64-822f-ccc2d86e9d9e', 'admin@example.com', 'admin@example.com', b'0', b'1', NULL, '', '', 'ca5abdd7-1552-4581-bbd5-442181834c09', 'admin', 1678038793036, NULL, 0);
INSERT INTO `USER_ENTITY` (`ID`, `EMAIL`, `EMAIL_CONSTRAINT`, `EMAIL_VERIFIED`, `ENABLED`, `FEDERATION_LINK`, `FIRST_NAME`, `LAST_NAME`, `REALM_ID`, `USERNAME`, `CREATED_TIMESTAMP`, `SERVICE_ACCOUNT_CLIENT_LINK`, `NOT_BEFORE`) VALUES('438336e2-6965-4900-8c84-9aadfe655dd3', 'obiwan.kenobi@empire.example.com', 'obiwan.kenobi@empire.example.com', b'1', b'1', NULL, 'Obi-Wan', 'Kenobi', 'fa2d39cd-24de-4543-8c1d-b35954a7576e', 'obiwan.kenobi', 1678046985585, NULL, 0);
INSERT INTO `USER_ENTITY` (`ID`, `EMAIL`, `EMAIL_CONSTRAINT`, `EMAIL_VERIFIED`, `ENABLED`, `FEDERATION_LINK`, `FIRST_NAME`, `LAST_NAME`, `REALM_ID`, `USERNAME`, `CREATED_TIMESTAMP`, `SERVICE_ACCOUNT_CLIENT_LINK`, `NOT_BEFORE`) VALUES('f1faaef8-f755-4024-ac61-5292932e0353', 'sheev.palpatine@empire.example.com', 'sheev.palpatine@empire.example.com', b'1', b'1', NULL, 'Sheev', 'Palpatine', 'fa2d39cd-24de-4543-8c1d-b35954a7576e', 'sheev.palpatine', 1678046920480, NULL, 0);

DROP TABLE IF EXISTS `USER_FEDERATION_CONFIG`;
CREATE TABLE `USER_FEDERATION_CONFIG` (
  `USER_FEDERATION_PROVIDER_ID` varchar(36) NOT NULL,
  `VALUE` varchar(255) DEFAULT NULL,
  `NAME` varchar(255) NOT NULL
) ENGINE=InnoDB DEFAULT CHARSET=utf8mb4 COLLATE=utf8mb4_general_ci;

DROP TABLE IF EXISTS `USER_FEDERATION_MAPPER`;
CREATE TABLE `USER_FEDERATION_MAPPER` (
  `ID` varchar(36) NOT NULL,
  `NAME` varchar(255) NOT NULL,
  `FEDERATION_PROVIDER_ID` varchar(36) NOT NULL,
  `FEDERATION_MAPPER_TYPE` varchar(255) NOT NULL,
  `REALM_ID` varchar(36) NOT NULL
) ENGINE=InnoDB DEFAULT CHARSET=utf8mb4 COLLATE=utf8mb4_general_ci;

DROP TABLE IF EXISTS `USER_FEDERATION_MAPPER_CONFIG`;
CREATE TABLE `USER_FEDERATION_MAPPER_CONFIG` (
  `USER_FEDERATION_MAPPER_ID` varchar(36) NOT NULL,
  `VALUE` varchar(255) DEFAULT NULL,
  `NAME` varchar(255) NOT NULL
) ENGINE=InnoDB DEFAULT CHARSET=utf8mb4 COLLATE=utf8mb4_general_ci;

DROP TABLE IF EXISTS `USER_FEDERATION_PROVIDER`;
CREATE TABLE `USER_FEDERATION_PROVIDER` (
  `ID` varchar(36) NOT NULL,
  `CHANGED_SYNC_PERIOD` int(11) DEFAULT NULL,
  `DISPLAY_NAME` varchar(255) DEFAULT NULL,
  `FULL_SYNC_PERIOD` int(11) DEFAULT NULL,
  `LAST_SYNC` int(11) DEFAULT NULL,
  `PRIORITY` int(11) DEFAULT NULL,
  `PROVIDER_NAME` varchar(255) DEFAULT NULL,
  `REALM_ID` varchar(36) DEFAULT NULL
) ENGINE=InnoDB DEFAULT CHARSET=utf8mb4 COLLATE=utf8mb4_general_ci;

DROP TABLE IF EXISTS `USER_GROUP_MEMBERSHIP`;
CREATE TABLE `USER_GROUP_MEMBERSHIP` (
  `GROUP_ID` varchar(36) NOT NULL,
  `USER_ID` varchar(36) NOT NULL
) ENGINE=InnoDB DEFAULT CHARSET=utf8mb4 COLLATE=utf8mb4_general_ci;

DROP TABLE IF EXISTS `USER_REQUIRED_ACTION`;
CREATE TABLE `USER_REQUIRED_ACTION` (
  `USER_ID` varchar(36) NOT NULL,
  `REQUIRED_ACTION` varchar(255) NOT NULL DEFAULT ' '
) ENGINE=InnoDB DEFAULT CHARSET=utf8mb4 COLLATE=utf8mb4_general_ci;

DROP TABLE IF EXISTS `USER_ROLE_MAPPING`;
CREATE TABLE `USER_ROLE_MAPPING` (
  `ROLE_ID` varchar(255) NOT NULL,
  `USER_ID` varchar(36) NOT NULL
) ENGINE=InnoDB DEFAULT CHARSET=utf8mb4 COLLATE=utf8mb4_general_ci;

INSERT INTO `USER_ROLE_MAPPING` (`ROLE_ID`, `USER_ID`) VALUES('00466978-6fa5-40b7-ad56-42b0d3223195', '35d4a48c-3f69-4b64-822f-ccc2d86e9d9e');
INSERT INTO `USER_ROLE_MAPPING` (`ROLE_ID`, `USER_ID`) VALUES('073089fe-3ddf-4c5a-883c-87a0114902a7', '35d4a48c-3f69-4b64-822f-ccc2d86e9d9e');
INSERT INTO `USER_ROLE_MAPPING` (`ROLE_ID`, `USER_ID`) VALUES('0ef7f6f2-84bb-481c-82b9-82caa21989b1', '35d4a48c-3f69-4b64-822f-ccc2d86e9d9e');
INSERT INTO `USER_ROLE_MAPPING` (`ROLE_ID`, `USER_ID`) VALUES('1588d8b0-7d46-4057-9c90-798ca5505d1e', '35d4a48c-3f69-4b64-822f-ccc2d86e9d9e');
INSERT INTO `USER_ROLE_MAPPING` (`ROLE_ID`, `USER_ID`) VALUES('1fa6bf1a-3f0c-4776-b2b2-96b8761d9b7c', '35d4a48c-3f69-4b64-822f-ccc2d86e9d9e');
INSERT INTO `USER_ROLE_MAPPING` (`ROLE_ID`, `USER_ID`) VALUES('37aa88b9-0cc1-49ec-8074-974a1908e121', '35d4a48c-3f69-4b64-822f-ccc2d86e9d9e');
INSERT INTO `USER_ROLE_MAPPING` (`ROLE_ID`, `USER_ID`) VALUES('3e8b7e8d-d494-447c-95f4-fa45bda1b2ce', '35d4a48c-3f69-4b64-822f-ccc2d86e9d9e');
INSERT INTO `USER_ROLE_MAPPING` (`ROLE_ID`, `USER_ID`) VALUES('45b2b5ec-d70b-4ba7-9e72-6f4f45fd0563', '35d4a48c-3f69-4b64-822f-ccc2d86e9d9e');
INSERT INTO `USER_ROLE_MAPPING` (`ROLE_ID`, `USER_ID`) VALUES('7f0df21a-ce43-4959-a27b-4ef922da2930', '35d4a48c-3f69-4b64-822f-ccc2d86e9d9e');
INSERT INTO `USER_ROLE_MAPPING` (`ROLE_ID`, `USER_ID`) VALUES('81243b25-4fa8-4b11-8003-d58bbc1f05d9', '35d4a48c-3f69-4b64-822f-ccc2d86e9d9e');
INSERT INTO `USER_ROLE_MAPPING` (`ROLE_ID`, `USER_ID`) VALUES('86ee486d-ae61-40a8-86cd-3d4f938bf0da', '35d4a48c-3f69-4b64-822f-ccc2d86e9d9e');
INSERT INTO `USER_ROLE_MAPPING` (`ROLE_ID`, `USER_ID`) VALUES('8b2129f4-2e0f-47c3-95fb-f23b83fd1649', '35d4a48c-3f69-4b64-822f-ccc2d86e9d9e');
INSERT INTO `USER_ROLE_MAPPING` (`ROLE_ID`, `USER_ID`) VALUES('a57f7b5b-fc96-4dd9-944e-41dd9faa8977', '35d4a48c-3f69-4b64-822f-ccc2d86e9d9e');
INSERT INTO `USER_ROLE_MAPPING` (`ROLE_ID`, `USER_ID`) VALUES('ad8bc753-173b-4d95-9494-46d230b1efba', '35d4a48c-3f69-4b64-822f-ccc2d86e9d9e');
INSERT INTO `USER_ROLE_MAPPING` (`ROLE_ID`, `USER_ID`) VALUES('aeeac8b8-c7e2-487f-8b0e-b09105a7e9bf', '438336e2-6965-4900-8c84-9aadfe655dd3');
INSERT INTO `USER_ROLE_MAPPING` (`ROLE_ID`, `USER_ID`) VALUES('aeeac8b8-c7e2-487f-8b0e-b09105a7e9bf', 'f1faaef8-f755-4024-ac61-5292932e0353');
INSERT INTO `USER_ROLE_MAPPING` (`ROLE_ID`, `USER_ID`) VALUES('d349ca00-e086-4070-9c9a-b4eca54c2a72', '35d4a48c-3f69-4b64-822f-ccc2d86e9d9e');
INSERT INTO `USER_ROLE_MAPPING` (`ROLE_ID`, `USER_ID`) VALUES('dcfa0df2-051d-45b7-a63b-6c0fc86995fd', '35d4a48c-3f69-4b64-822f-ccc2d86e9d9e');
INSERT INTO `USER_ROLE_MAPPING` (`ROLE_ID`, `USER_ID`) VALUES('e3aa1c6c-ce5d-4a12-9da2-4eb5f87ebe5f', '35d4a48c-3f69-4b64-822f-ccc2d86e9d9e');
INSERT INTO `USER_ROLE_MAPPING` (`ROLE_ID`, `USER_ID`) VALUES('ec3165d6-9c2b-48a5-9ccf-e438f6e9843b', '35d4a48c-3f69-4b64-822f-ccc2d86e9d9e');
INSERT INTO `USER_ROLE_MAPPING` (`ROLE_ID`, `USER_ID`) VALUES('f4252f1b-43c9-4344-9d4c-1249f30e550d', '35d4a48c-3f69-4b64-822f-ccc2d86e9d9e');

DROP TABLE IF EXISTS `USER_SESSION`;
CREATE TABLE `USER_SESSION` (
  `ID` varchar(36) NOT NULL,
  `AUTH_METHOD` varchar(255) DEFAULT NULL,
  `IP_ADDRESS` varchar(255) DEFAULT NULL,
  `LAST_SESSION_REFRESH` int(11) DEFAULT NULL,
  `LOGIN_USERNAME` varchar(255) DEFAULT NULL,
  `REALM_ID` varchar(255) DEFAULT NULL,
  `REMEMBER_ME` bit(1) NOT NULL DEFAULT b'0',
  `STARTED` int(11) DEFAULT NULL,
  `USER_ID` varchar(255) DEFAULT NULL,
  `USER_SESSION_STATE` int(11) DEFAULT NULL,
  `BROKER_SESSION_ID` varchar(255) DEFAULT NULL,
  `BROKER_USER_ID` varchar(255) DEFAULT NULL
) ENGINE=InnoDB DEFAULT CHARSET=utf8mb4 COLLATE=utf8mb4_general_ci;

DROP TABLE IF EXISTS `USER_SESSION_NOTE`;
CREATE TABLE `USER_SESSION_NOTE` (
  `USER_SESSION` varchar(36) NOT NULL,
  `NAME` varchar(255) NOT NULL,
  `VALUE` text DEFAULT NULL
) ENGINE=InnoDB DEFAULT CHARSET=utf8mb4 COLLATE=utf8mb4_general_ci;

DROP TABLE IF EXISTS `WEB_ORIGINS`;
CREATE TABLE `WEB_ORIGINS` (
  `CLIENT_ID` varchar(36) NOT NULL,
  `VALUE` varchar(255) NOT NULL
) ENGINE=InnoDB DEFAULT CHARSET=utf8mb4 COLLATE=utf8mb4_general_ci;

INSERT INTO `WEB_ORIGINS` (`CLIENT_ID`, `VALUE`) VALUES('2055e995-b383-4cf5-9e2d-d102aeca1a24', '+');
INSERT INTO `WEB_ORIGINS` (`CLIENT_ID`, `VALUE`) VALUES('3cebacfc-b1d9-4ada-909e-e8634caf12b9', '+');


ALTER TABLE `ADMIN_EVENT_ENTITY`
  ADD PRIMARY KEY (`ID`),
  ADD KEY `IDX_ADMIN_EVENT_TIME` (`REALM_ID`,`ADMIN_EVENT_TIME`);

ALTER TABLE `ASSOCIATED_POLICY`
  ADD PRIMARY KEY (`POLICY_ID`,`ASSOCIATED_POLICY_ID`),
  ADD KEY `IDX_ASSOC_POL_ASSOC_POL_ID` (`ASSOCIATED_POLICY_ID`);

ALTER TABLE `AUTHENTICATION_EXECUTION`
  ADD PRIMARY KEY (`ID`),
  ADD KEY `IDX_AUTH_EXEC_REALM_FLOW` (`REALM_ID`,`FLOW_ID`),
  ADD KEY `IDX_AUTH_EXEC_FLOW` (`FLOW_ID`);

ALTER TABLE `AUTHENTICATION_FLOW`
  ADD PRIMARY KEY (`ID`),
  ADD KEY `IDX_AUTH_FLOW_REALM` (`REALM_ID`);

ALTER TABLE `AUTHENTICATOR_CONFIG`
  ADD PRIMARY KEY (`ID`),
  ADD KEY `IDX_AUTH_CONFIG_REALM` (`REALM_ID`);

ALTER TABLE `AUTHENTICATOR_CONFIG_ENTRY`
  ADD PRIMARY KEY (`AUTHENTICATOR_ID`,`NAME`);

ALTER TABLE `BROKER_LINK`
  ADD PRIMARY KEY (`IDENTITY_PROVIDER`,`USER_ID`);

ALTER TABLE `CLIENT`
  ADD PRIMARY KEY (`ID`),
  ADD UNIQUE KEY `UK_B71CJLBENV945RB6GCON438AT` (`REALM_ID`,`CLIENT_ID`),
  ADD KEY `IDX_CLIENT_ID` (`CLIENT_ID`);

ALTER TABLE `CLIENT_ATTRIBUTES`
  ADD PRIMARY KEY (`CLIENT_ID`,`NAME`),
  ADD KEY `IDX_CLIENT_ATT_BY_NAME_VALUE` (`NAME`);

ALTER TABLE `CLIENT_AUTH_FLOW_BINDINGS`
  ADD PRIMARY KEY (`CLIENT_ID`,`BINDING_NAME`);

ALTER TABLE `CLIENT_INITIAL_ACCESS`
  ADD PRIMARY KEY (`ID`),
  ADD KEY `IDX_CLIENT_INIT_ACC_REALM` (`REALM_ID`);

ALTER TABLE `CLIENT_NODE_REGISTRATIONS`
  ADD PRIMARY KEY (`CLIENT_ID`,`NAME`);

ALTER TABLE `CLIENT_SCOPE`
  ADD PRIMARY KEY (`ID`),
  ADD UNIQUE KEY `UK_CLI_SCOPE` (`REALM_ID`,`NAME`),
  ADD KEY `IDX_REALM_CLSCOPE` (`REALM_ID`);

ALTER TABLE `CLIENT_SCOPE_ATTRIBUTES`
  ADD PRIMARY KEY (`SCOPE_ID`,`NAME`),
  ADD KEY `IDX_CLSCOPE_ATTRS` (`SCOPE_ID`);

ALTER TABLE `CLIENT_SCOPE_CLIENT`
  ADD PRIMARY KEY (`CLIENT_ID`,`SCOPE_ID`),
  ADD KEY `IDX_CLSCOPE_CL` (`CLIENT_ID`),
  ADD KEY `IDX_CL_CLSCOPE` (`SCOPE_ID`);

ALTER TABLE `CLIENT_SCOPE_ROLE_MAPPING`
  ADD PRIMARY KEY (`SCOPE_ID`,`ROLE_ID`),
  ADD KEY `IDX_CLSCOPE_ROLE` (`SCOPE_ID`),
  ADD KEY `IDX_ROLE_CLSCOPE` (`ROLE_ID`);

ALTER TABLE `CLIENT_SESSION`
  ADD PRIMARY KEY (`ID`),
  ADD KEY `IDX_CLIENT_SESSION_SESSION` (`SESSION_ID`);

ALTER TABLE `CLIENT_SESSION_AUTH_STATUS`
  ADD PRIMARY KEY (`CLIENT_SESSION`,`AUTHENTICATOR`);

ALTER TABLE `CLIENT_SESSION_NOTE`
  ADD PRIMARY KEY (`CLIENT_SESSION`,`NAME`);

ALTER TABLE `CLIENT_SESSION_PROT_MAPPER`
  ADD PRIMARY KEY (`CLIENT_SESSION`,`PROTOCOL_MAPPER_ID`);

ALTER TABLE `CLIENT_SESSION_ROLE`
  ADD PRIMARY KEY (`CLIENT_SESSION`,`ROLE_ID`);

ALTER TABLE `CLIENT_USER_SESSION_NOTE`
  ADD PRIMARY KEY (`CLIENT_SESSION`,`NAME`);

ALTER TABLE `COMPONENT`
  ADD PRIMARY KEY (`ID`),
  ADD KEY `IDX_COMPONENT_REALM` (`REALM_ID`),
  ADD KEY `IDX_COMPONENT_PROVIDER_TYPE` (`PROVIDER_TYPE`);

ALTER TABLE `COMPONENT_CONFIG`
  ADD PRIMARY KEY (`ID`),
  ADD KEY `IDX_COMPO_CONFIG_COMPO` (`COMPONENT_ID`);

ALTER TABLE `COMPOSITE_ROLE`
  ADD PRIMARY KEY (`COMPOSITE`,`CHILD_ROLE`),
  ADD KEY `IDX_COMPOSITE` (`COMPOSITE`),
  ADD KEY `IDX_COMPOSITE_CHILD` (`CHILD_ROLE`);

ALTER TABLE `CREDENTIAL`
  ADD PRIMARY KEY (`ID`),
  ADD KEY `IDX_USER_CREDENTIAL` (`USER_ID`);

ALTER TABLE `DATABASECHANGELOGLOCK`
  ADD PRIMARY KEY (`ID`);

ALTER TABLE `DEFAULT_CLIENT_SCOPE`
  ADD PRIMARY KEY (`REALM_ID`,`SCOPE_ID`),
  ADD KEY `IDX_DEFCLS_REALM` (`REALM_ID`),
  ADD KEY `IDX_DEFCLS_SCOPE` (`SCOPE_ID`);

ALTER TABLE `EVENT_ENTITY`
  ADD PRIMARY KEY (`ID`),
  ADD KEY `IDX_EVENT_TIME` (`REALM_ID`,`EVENT_TIME`);

ALTER TABLE `FEDERATED_IDENTITY`
  ADD PRIMARY KEY (`IDENTITY_PROVIDER`,`USER_ID`),
  ADD KEY `IDX_FEDIDENTITY_USER` (`USER_ID`),
  ADD KEY `IDX_FEDIDENTITY_FEDUSER` (`FEDERATED_USER_ID`);

ALTER TABLE `FEDERATED_USER`
  ADD PRIMARY KEY (`ID`);

ALTER TABLE `FED_USER_ATTRIBUTE`
  ADD PRIMARY KEY (`ID`),
  ADD KEY `IDX_FU_ATTRIBUTE` (`USER_ID`,`REALM_ID`,`NAME`);

ALTER TABLE `FED_USER_CONSENT`
  ADD PRIMARY KEY (`ID`),
  ADD KEY `IDX_FU_CONSENT` (`USER_ID`,`CLIENT_ID`),
  ADD KEY `IDX_FU_CONSENT_RU` (`REALM_ID`,`USER_ID`),
  ADD KEY `IDX_FU_CNSNT_EXT` (`USER_ID`,`CLIENT_STORAGE_PROVIDER`,`EXTERNAL_CLIENT_ID`);

ALTER TABLE `FED_USER_CONSENT_CL_SCOPE`
  ADD PRIMARY KEY (`USER_CONSENT_ID`,`SCOPE_ID`);

ALTER TABLE `FED_USER_CREDENTIAL`
  ADD PRIMARY KEY (`ID`),
  ADD KEY `IDX_FU_CREDENTIAL` (`USER_ID`,`TYPE`),
  ADD KEY `IDX_FU_CREDENTIAL_RU` (`REALM_ID`,`USER_ID`);

ALTER TABLE `FED_USER_GROUP_MEMBERSHIP`
  ADD PRIMARY KEY (`GROUP_ID`,`USER_ID`),
  ADD KEY `IDX_FU_GROUP_MEMBERSHIP` (`USER_ID`,`GROUP_ID`),
  ADD KEY `IDX_FU_GROUP_MEMBERSHIP_RU` (`REALM_ID`,`USER_ID`);

ALTER TABLE `FED_USER_REQUIRED_ACTION`
  ADD PRIMARY KEY (`REQUIRED_ACTION`,`USER_ID`),
  ADD KEY `IDX_FU_REQUIRED_ACTION` (`USER_ID`,`REQUIRED_ACTION`),
  ADD KEY `IDX_FU_REQUIRED_ACTION_RU` (`REALM_ID`,`USER_ID`);

ALTER TABLE `FED_USER_ROLE_MAPPING`
  ADD PRIMARY KEY (`ROLE_ID`,`USER_ID`),
  ADD KEY `IDX_FU_ROLE_MAPPING` (`USER_ID`,`ROLE_ID`),
  ADD KEY `IDX_FU_ROLE_MAPPING_RU` (`REALM_ID`,`USER_ID`);

ALTER TABLE `GROUP_ATTRIBUTE`
  ADD PRIMARY KEY (`ID`),
  ADD KEY `IDX_GROUP_ATTR_GROUP` (`GROUP_ID`),
  ADD KEY `IDX_GROUP_ATT_BY_NAME_VALUE` (`NAME`,`VALUE`);

ALTER TABLE `GROUP_ROLE_MAPPING`
  ADD PRIMARY KEY (`ROLE_ID`,`GROUP_ID`),
  ADD KEY `IDX_GROUP_ROLE_MAPP_GROUP` (`GROUP_ID`);

ALTER TABLE `IDENTITY_PROVIDER`
  ADD PRIMARY KEY (`INTERNAL_ID`),
  ADD UNIQUE KEY `UK_2DAELWNIBJI49AVXSRTUF6XJ33` (`PROVIDER_ALIAS`,`REALM_ID`),
  ADD KEY `IDX_IDENT_PROV_REALM` (`REALM_ID`);

ALTER TABLE `IDENTITY_PROVIDER_CONFIG`
  ADD PRIMARY KEY (`IDENTITY_PROVIDER_ID`,`NAME`);

ALTER TABLE `IDENTITY_PROVIDER_MAPPER`
  ADD PRIMARY KEY (`ID`),
  ADD KEY `IDX_ID_PROV_MAPP_REALM` (`REALM_ID`);

ALTER TABLE `IDP_MAPPER_CONFIG`
  ADD PRIMARY KEY (`IDP_MAPPER_ID`,`NAME`);

ALTER TABLE `KEYCLOAK_GROUP`
  ADD PRIMARY KEY (`ID`),
  ADD UNIQUE KEY `SIBLING_NAMES` (`REALM_ID`,`PARENT_GROUP`,`NAME`);

ALTER TABLE `KEYCLOAK_ROLE`
  ADD PRIMARY KEY (`ID`),
  ADD UNIQUE KEY `UK_J3RWUVD56ONTGSUHOGM184WW2-2` (`NAME`,`CLIENT_REALM_CONSTRAINT`),
  ADD KEY `IDX_KEYCLOAK_ROLE_CLIENT` (`CLIENT`),
  ADD KEY `IDX_KEYCLOAK_ROLE_REALM` (`REALM`);

ALTER TABLE `MIGRATION_MODEL`
  ADD PRIMARY KEY (`ID`),
  ADD KEY `IDX_UPDATE_TIME` (`UPDATE_TIME`);

ALTER TABLE `OFFLINE_CLIENT_SESSION`
  ADD PRIMARY KEY (`USER_SESSION_ID`,`CLIENT_ID`,`CLIENT_STORAGE_PROVIDER`,`EXTERNAL_CLIENT_ID`,`OFFLINE_FLAG`),
  ADD KEY `IDX_US_SESS_ID_ON_CL_SESS` (`USER_SESSION_ID`),
  ADD KEY `IDX_OFFLINE_CSS_PRELOAD` (`CLIENT_ID`,`OFFLINE_FLAG`);

ALTER TABLE `OFFLINE_USER_SESSION`
  ADD PRIMARY KEY (`USER_SESSION_ID`,`OFFLINE_FLAG`),
  ADD KEY `IDX_OFFLINE_USS_CREATEDON` (`CREATED_ON`),
  ADD KEY `IDX_OFFLINE_USS_PRELOAD` (`OFFLINE_FLAG`,`CREATED_ON`,`USER_SESSION_ID`),
  ADD KEY `IDX_OFFLINE_USS_BY_USER` (`USER_ID`,`REALM_ID`,`OFFLINE_FLAG`),
  ADD KEY `IDX_OFFLINE_USS_BY_USERSESS` (`REALM_ID`,`OFFLINE_FLAG`,`USER_SESSION_ID`);

ALTER TABLE `POLICY_CONFIG`
  ADD PRIMARY KEY (`POLICY_ID`,`NAME`);

ALTER TABLE `PROTOCOL_MAPPER`
  ADD PRIMARY KEY (`ID`),
  ADD KEY `IDX_PROTOCOL_MAPPER_CLIENT` (`CLIENT_ID`),
  ADD KEY `IDX_CLSCOPE_PROTMAP` (`CLIENT_SCOPE_ID`);

ALTER TABLE `PROTOCOL_MAPPER_CONFIG`
  ADD PRIMARY KEY (`PROTOCOL_MAPPER_ID`,`NAME`);

ALTER TABLE `REALM`
  ADD PRIMARY KEY (`ID`),
  ADD UNIQUE KEY `UK_ORVSDMLA56612EAEFIQ6WL5OI` (`NAME`),
  ADD KEY `IDX_REALM_MASTER_ADM_CLI` (`MASTER_ADMIN_CLIENT`);

ALTER TABLE `REALM_ATTRIBUTE`
  ADD PRIMARY KEY (`NAME`,`REALM_ID`),
  ADD KEY `IDX_REALM_ATTR_REALM` (`REALM_ID`);

ALTER TABLE `REALM_DEFAULT_GROUPS`
  ADD PRIMARY KEY (`REALM_ID`,`GROUP_ID`),
  ADD UNIQUE KEY `CON_GROUP_ID_DEF_GROUPS` (`GROUP_ID`),
  ADD KEY `IDX_REALM_DEF_GRP_REALM` (`REALM_ID`);

ALTER TABLE `REALM_ENABLED_EVENT_TYPES`
  ADD PRIMARY KEY (`REALM_ID`,`VALUE`),
  ADD KEY `IDX_REALM_EVT_TYPES_REALM` (`REALM_ID`);

ALTER TABLE `REALM_EVENTS_LISTENERS`
  ADD PRIMARY KEY (`REALM_ID`,`VALUE`),
  ADD KEY `IDX_REALM_EVT_LIST_REALM` (`REALM_ID`);

ALTER TABLE `REALM_LOCALIZATIONS`
  ADD PRIMARY KEY (`REALM_ID`,`LOCALE`);

ALTER TABLE `REALM_REQUIRED_CREDENTIAL`
  ADD PRIMARY KEY (`REALM_ID`,`TYPE`);

ALTER TABLE `REALM_SMTP_CONFIG`
  ADD PRIMARY KEY (`REALM_ID`,`NAME`);

ALTER TABLE `REALM_SUPPORTED_LOCALES`
  ADD PRIMARY KEY (`REALM_ID`,`VALUE`),
  ADD KEY `IDX_REALM_SUPP_LOCAL_REALM` (`REALM_ID`);

ALTER TABLE `REDIRECT_URIS`
  ADD PRIMARY KEY (`CLIENT_ID`,`VALUE`),
  ADD KEY `IDX_REDIR_URI_CLIENT` (`CLIENT_ID`);

ALTER TABLE `REQUIRED_ACTION_CONFIG`
  ADD PRIMARY KEY (`REQUIRED_ACTION_ID`,`NAME`);

ALTER TABLE `REQUIRED_ACTION_PROVIDER`
  ADD PRIMARY KEY (`ID`),
  ADD KEY `IDX_REQ_ACT_PROV_REALM` (`REALM_ID`);

ALTER TABLE `RESOURCE_ATTRIBUTE`
  ADD PRIMARY KEY (`ID`),
  ADD KEY `FK_5HRM2VLF9QL5FU022KQEPOVBR` (`RESOURCE_ID`);

ALTER TABLE `RESOURCE_POLICY`
  ADD PRIMARY KEY (`RESOURCE_ID`,`POLICY_ID`),
  ADD KEY `IDX_RES_POLICY_POLICY` (`POLICY_ID`);

ALTER TABLE `RESOURCE_SCOPE`
  ADD PRIMARY KEY (`RESOURCE_ID`,`SCOPE_ID`),
  ADD KEY `IDX_RES_SCOPE_SCOPE` (`SCOPE_ID`);

ALTER TABLE `RESOURCE_SERVER`
  ADD PRIMARY KEY (`ID`);

ALTER TABLE `RESOURCE_SERVER_PERM_TICKET`
  ADD PRIMARY KEY (`ID`),
  ADD UNIQUE KEY `UK_FRSR6T700S9V50BU18WS5PMT` (`OWNER`,`REQUESTER`,`RESOURCE_SERVER_ID`,`RESOURCE_ID`,`SCOPE_ID`),
  ADD KEY `FK_FRSRHO213XCX4WNKOG82SSPMT` (`RESOURCE_SERVER_ID`),
  ADD KEY `FK_FRSRHO213XCX4WNKOG83SSPMT` (`RESOURCE_ID`),
  ADD KEY `FK_FRSRHO213XCX4WNKOG84SSPMT` (`SCOPE_ID`),
  ADD KEY `FK_FRSRPO2128CX4WNKOG82SSRFY` (`POLICY_ID`);

ALTER TABLE `RESOURCE_SERVER_POLICY`
  ADD PRIMARY KEY (`ID`),
  ADD UNIQUE KEY `UK_FRSRPT700S9V50BU18WS5HA6` (`NAME`,`RESOURCE_SERVER_ID`),
  ADD KEY `IDX_RES_SERV_POL_RES_SERV` (`RESOURCE_SERVER_ID`);

ALTER TABLE `RESOURCE_SERVER_RESOURCE`
  ADD PRIMARY KEY (`ID`),
  ADD UNIQUE KEY `UK_FRSR6T700S9V50BU18WS5HA6` (`NAME`,`OWNER`,`RESOURCE_SERVER_ID`),
  ADD KEY `IDX_RES_SRV_RES_RES_SRV` (`RESOURCE_SERVER_ID`);

ALTER TABLE `RESOURCE_SERVER_SCOPE`
  ADD PRIMARY KEY (`ID`),
  ADD UNIQUE KEY `UK_FRSRST700S9V50BU18WS5HA6` (`NAME`,`RESOURCE_SERVER_ID`),
  ADD KEY `IDX_RES_SRV_SCOPE_RES_SRV` (`RESOURCE_SERVER_ID`);

ALTER TABLE `RESOURCE_URIS`
  ADD PRIMARY KEY (`RESOURCE_ID`,`VALUE`);

ALTER TABLE `ROLE_ATTRIBUTE`
  ADD PRIMARY KEY (`ID`),
  ADD KEY `IDX_ROLE_ATTRIBUTE` (`ROLE_ID`);

ALTER TABLE `SCOPE_MAPPING`
  ADD PRIMARY KEY (`CLIENT_ID`,`ROLE_ID`),
  ADD KEY `IDX_SCOPE_MAPPING_ROLE` (`ROLE_ID`);

ALTER TABLE `SCOPE_POLICY`
  ADD PRIMARY KEY (`SCOPE_ID`,`POLICY_ID`),
  ADD KEY `IDX_SCOPE_POLICY_POLICY` (`POLICY_ID`);

ALTER TABLE `USERNAME_LOGIN_FAILURE`
  ADD PRIMARY KEY (`REALM_ID`,`USERNAME`);

ALTER TABLE `USER_ATTRIBUTE`
  ADD PRIMARY KEY (`ID`),
  ADD KEY `IDX_USER_ATTRIBUTE` (`USER_ID`),
  ADD KEY `IDX_USER_ATTRIBUTE_NAME` (`NAME`,`VALUE`);

ALTER TABLE `USER_CONSENT`
  ADD PRIMARY KEY (`ID`),
  ADD UNIQUE KEY `UK_JKUWUVD56ONTGSUHOGM8UEWRT` (`CLIENT_ID`,`CLIENT_STORAGE_PROVIDER`,`EXTERNAL_CLIENT_ID`,`USER_ID`),
  ADD KEY `IDX_USER_CONSENT` (`USER_ID`);

ALTER TABLE `USER_CONSENT_CLIENT_SCOPE`
  ADD PRIMARY KEY (`USER_CONSENT_ID`,`SCOPE_ID`),
  ADD KEY `IDX_USCONSENT_CLSCOPE` (`USER_CONSENT_ID`);

ALTER TABLE `USER_ENTITY`
  ADD PRIMARY KEY (`ID`),
  ADD UNIQUE KEY `UK_DYKN684SL8UP1CRFEI6ECKHD7` (`REALM_ID`,`EMAIL_CONSTRAINT`),
  ADD UNIQUE KEY `UK_RU8TT6T700S9V50BU18WS5HA6` (`REALM_ID`,`USERNAME`),
  ADD KEY `IDX_USER_EMAIL` (`EMAIL`),
  ADD KEY `IDX_USER_SERVICE_ACCOUNT` (`REALM_ID`,`SERVICE_ACCOUNT_CLIENT_LINK`);

ALTER TABLE `USER_FEDERATION_CONFIG`
  ADD PRIMARY KEY (`USER_FEDERATION_PROVIDER_ID`,`NAME`);

ALTER TABLE `USER_FEDERATION_MAPPER`
  ADD PRIMARY KEY (`ID`),
  ADD KEY `IDX_USR_FED_MAP_FED_PRV` (`FEDERATION_PROVIDER_ID`),
  ADD KEY `IDX_USR_FED_MAP_REALM` (`REALM_ID`);

ALTER TABLE `USER_FEDERATION_MAPPER_CONFIG`
  ADD PRIMARY KEY (`USER_FEDERATION_MAPPER_ID`,`NAME`);

ALTER TABLE `USER_FEDERATION_PROVIDER`
  ADD PRIMARY KEY (`ID`),
  ADD KEY `IDX_USR_FED_PRV_REALM` (`REALM_ID`);

ALTER TABLE `USER_GROUP_MEMBERSHIP`
  ADD PRIMARY KEY (`GROUP_ID`,`USER_ID`),
  ADD KEY `IDX_USER_GROUP_MAPPING` (`USER_ID`);

ALTER TABLE `USER_REQUIRED_ACTION`
  ADD PRIMARY KEY (`REQUIRED_ACTION`,`USER_ID`),
  ADD KEY `IDX_USER_REQACTIONS` (`USER_ID`);

ALTER TABLE `USER_ROLE_MAPPING`
  ADD PRIMARY KEY (`ROLE_ID`,`USER_ID`),
  ADD KEY `IDX_USER_ROLE_MAPPING` (`USER_ID`);

ALTER TABLE `USER_SESSION`
  ADD PRIMARY KEY (`ID`);

ALTER TABLE `USER_SESSION_NOTE`
  ADD PRIMARY KEY (`USER_SESSION`,`NAME`);

ALTER TABLE `WEB_ORIGINS`
  ADD PRIMARY KEY (`CLIENT_ID`,`VALUE`),
  ADD KEY `IDX_WEB_ORIG_CLIENT` (`CLIENT_ID`);


ALTER TABLE `ASSOCIATED_POLICY`
  ADD CONSTRAINT `FK_FRSR5S213XCX4WNKOG82SSRFY` FOREIGN KEY (`ASSOCIATED_POLICY_ID`) REFERENCES `RESOURCE_SERVER_POLICY` (`ID`),
  ADD CONSTRAINT `FK_FRSRPAS14XCX4WNKOG82SSRFY` FOREIGN KEY (`POLICY_ID`) REFERENCES `RESOURCE_SERVER_POLICY` (`ID`);

ALTER TABLE `AUTHENTICATION_EXECUTION`
  ADD CONSTRAINT `FK_AUTH_EXEC_FLOW` FOREIGN KEY (`FLOW_ID`) REFERENCES `AUTHENTICATION_FLOW` (`ID`),
  ADD CONSTRAINT `FK_AUTH_EXEC_REALM` FOREIGN KEY (`REALM_ID`) REFERENCES `REALM` (`ID`);

ALTER TABLE `AUTHENTICATION_FLOW`
  ADD CONSTRAINT `FK_AUTH_FLOW_REALM` FOREIGN KEY (`REALM_ID`) REFERENCES `REALM` (`ID`);

ALTER TABLE `AUTHENTICATOR_CONFIG`
  ADD CONSTRAINT `FK_AUTH_REALM` FOREIGN KEY (`REALM_ID`) REFERENCES `REALM` (`ID`);

ALTER TABLE `CLIENT_ATTRIBUTES`
  ADD CONSTRAINT `FK3C47C64BEACCA966` FOREIGN KEY (`CLIENT_ID`) REFERENCES `CLIENT` (`ID`);

ALTER TABLE `CLIENT_INITIAL_ACCESS`
  ADD CONSTRAINT `FK_CLIENT_INIT_ACC_REALM` FOREIGN KEY (`REALM_ID`) REFERENCES `REALM` (`ID`);

ALTER TABLE `CLIENT_NODE_REGISTRATIONS`
  ADD CONSTRAINT `FK4129723BA992F594` FOREIGN KEY (`CLIENT_ID`) REFERENCES `CLIENT` (`ID`);

ALTER TABLE `CLIENT_SCOPE_ATTRIBUTES`
  ADD CONSTRAINT `FK_CL_SCOPE_ATTR_SCOPE` FOREIGN KEY (`SCOPE_ID`) REFERENCES `CLIENT_SCOPE` (`ID`);

ALTER TABLE `CLIENT_SCOPE_ROLE_MAPPING`
  ADD CONSTRAINT `FK_CL_SCOPE_RM_SCOPE` FOREIGN KEY (`SCOPE_ID`) REFERENCES `CLIENT_SCOPE` (`ID`);

ALTER TABLE `CLIENT_SESSION`
  ADD CONSTRAINT `FK_B4AO2VCVAT6UKAU74WBWTFQO1` FOREIGN KEY (`SESSION_ID`) REFERENCES `USER_SESSION` (`ID`);

ALTER TABLE `CLIENT_SESSION_AUTH_STATUS`
  ADD CONSTRAINT `AUTH_STATUS_CONSTRAINT` FOREIGN KEY (`CLIENT_SESSION`) REFERENCES `CLIENT_SESSION` (`ID`);

ALTER TABLE `CLIENT_SESSION_NOTE`
  ADD CONSTRAINT `FK5EDFB00FF51C2736` FOREIGN KEY (`CLIENT_SESSION`) REFERENCES `CLIENT_SESSION` (`ID`);

ALTER TABLE `CLIENT_SESSION_PROT_MAPPER`
  ADD CONSTRAINT `FK_33A8SGQW18I532811V7O2DK89` FOREIGN KEY (`CLIENT_SESSION`) REFERENCES `CLIENT_SESSION` (`ID`);

ALTER TABLE `CLIENT_SESSION_ROLE`
  ADD CONSTRAINT `FK_11B7SGQW18I532811V7O2DV76` FOREIGN KEY (`CLIENT_SESSION`) REFERENCES `CLIENT_SESSION` (`ID`);

ALTER TABLE `CLIENT_USER_SESSION_NOTE`
  ADD CONSTRAINT `FK_CL_USR_SES_NOTE` FOREIGN KEY (`CLIENT_SESSION`) REFERENCES `CLIENT_SESSION` (`ID`);

ALTER TABLE `COMPONENT`
  ADD CONSTRAINT `FK_COMPONENT_REALM` FOREIGN KEY (`REALM_ID`) REFERENCES `REALM` (`ID`);

ALTER TABLE `COMPONENT_CONFIG`
  ADD CONSTRAINT `FK_COMPONENT_CONFIG` FOREIGN KEY (`COMPONENT_ID`) REFERENCES `COMPONENT` (`ID`);

ALTER TABLE `COMPOSITE_ROLE`
  ADD CONSTRAINT `FK_A63WVEKFTU8JO1PNJ81E7MCE2` FOREIGN KEY (`COMPOSITE`) REFERENCES `KEYCLOAK_ROLE` (`ID`),
  ADD CONSTRAINT `FK_GR7THLLB9LU8Q4VQA4524JJY8` FOREIGN KEY (`CHILD_ROLE`) REFERENCES `KEYCLOAK_ROLE` (`ID`);

ALTER TABLE `CREDENTIAL`
  ADD CONSTRAINT `FK_PFYR0GLASQYL0DEI3KL69R6V0` FOREIGN KEY (`USER_ID`) REFERENCES `USER_ENTITY` (`ID`);

ALTER TABLE `DEFAULT_CLIENT_SCOPE`
  ADD CONSTRAINT `FK_R_DEF_CLI_SCOPE_REALM` FOREIGN KEY (`REALM_ID`) REFERENCES `REALM` (`ID`);

ALTER TABLE `FEDERATED_IDENTITY`
  ADD CONSTRAINT `FK404288B92EF007A6` FOREIGN KEY (`USER_ID`) REFERENCES `USER_ENTITY` (`ID`);

ALTER TABLE `GROUP_ATTRIBUTE`
  ADD CONSTRAINT `FK_GROUP_ATTRIBUTE_GROUP` FOREIGN KEY (`GROUP_ID`) REFERENCES `KEYCLOAK_GROUP` (`ID`);

ALTER TABLE `GROUP_ROLE_MAPPING`
  ADD CONSTRAINT `FK_GROUP_ROLE_GROUP` FOREIGN KEY (`GROUP_ID`) REFERENCES `KEYCLOAK_GROUP` (`ID`);

ALTER TABLE `IDENTITY_PROVIDER`
  ADD CONSTRAINT `FK2B4EBC52AE5C3B34` FOREIGN KEY (`REALM_ID`) REFERENCES `REALM` (`ID`);

ALTER TABLE `IDENTITY_PROVIDER_CONFIG`
  ADD CONSTRAINT `FKDC4897CF864C4E43` FOREIGN KEY (`IDENTITY_PROVIDER_ID`) REFERENCES `IDENTITY_PROVIDER` (`INTERNAL_ID`);

ALTER TABLE `IDENTITY_PROVIDER_MAPPER`
  ADD CONSTRAINT `FK_IDPM_REALM` FOREIGN KEY (`REALM_ID`) REFERENCES `REALM` (`ID`);

ALTER TABLE `IDP_MAPPER_CONFIG`
  ADD CONSTRAINT `FK_IDPMCONFIG` FOREIGN KEY (`IDP_MAPPER_ID`) REFERENCES `IDENTITY_PROVIDER_MAPPER` (`ID`);

ALTER TABLE `KEYCLOAK_ROLE`
  ADD CONSTRAINT `FK_6VYQFE4CN4WLQ8R6KT5VDSJ5C` FOREIGN KEY (`REALM`) REFERENCES `REALM` (`ID`);

ALTER TABLE `POLICY_CONFIG`
  ADD CONSTRAINT `FKDC34197CF864C4E43` FOREIGN KEY (`POLICY_ID`) REFERENCES `RESOURCE_SERVER_POLICY` (`ID`);

ALTER TABLE `PROTOCOL_MAPPER`
  ADD CONSTRAINT `FK_CLI_SCOPE_MAPPER` FOREIGN KEY (`CLIENT_SCOPE_ID`) REFERENCES `CLIENT_SCOPE` (`ID`),
  ADD CONSTRAINT `FK_PCM_REALM` FOREIGN KEY (`CLIENT_ID`) REFERENCES `CLIENT` (`ID`);

ALTER TABLE `PROTOCOL_MAPPER_CONFIG`
  ADD CONSTRAINT `FK_PMCONFIG` FOREIGN KEY (`PROTOCOL_MAPPER_ID`) REFERENCES `PROTOCOL_MAPPER` (`ID`);

ALTER TABLE `REALM_ATTRIBUTE`
  ADD CONSTRAINT `FK_8SHXD6L3E9ATQUKACXGPFFPTW` FOREIGN KEY (`REALM_ID`) REFERENCES `REALM` (`ID`);

ALTER TABLE `REALM_DEFAULT_GROUPS`
  ADD CONSTRAINT `FK_DEF_GROUPS_REALM` FOREIGN KEY (`REALM_ID`) REFERENCES `REALM` (`ID`);

ALTER TABLE `REALM_ENABLED_EVENT_TYPES`
  ADD CONSTRAINT `FK_H846O4H0W8EPX5NWEDRF5Y69J` FOREIGN KEY (`REALM_ID`) REFERENCES `REALM` (`ID`);

ALTER TABLE `REALM_EVENTS_LISTENERS`
  ADD CONSTRAINT `FK_H846O4H0W8EPX5NXEV9F5Y69J` FOREIGN KEY (`REALM_ID`) REFERENCES `REALM` (`ID`);

ALTER TABLE `REALM_REQUIRED_CREDENTIAL`
  ADD CONSTRAINT `FK_5HG65LYBEVAVKQFKI3KPONH9V` FOREIGN KEY (`REALM_ID`) REFERENCES `REALM` (`ID`);

ALTER TABLE `REALM_SMTP_CONFIG`
  ADD CONSTRAINT `FK_70EJ8XDXGXD0B9HH6180IRR0O` FOREIGN KEY (`REALM_ID`) REFERENCES `REALM` (`ID`);

ALTER TABLE `REALM_SUPPORTED_LOCALES`
  ADD CONSTRAINT `FK_SUPPORTED_LOCALES_REALM` FOREIGN KEY (`REALM_ID`) REFERENCES `REALM` (`ID`);

ALTER TABLE `REDIRECT_URIS`
  ADD CONSTRAINT `FK_1BURS8PB4OUJ97H5WUPPAHV9F` FOREIGN KEY (`CLIENT_ID`) REFERENCES `CLIENT` (`ID`);

ALTER TABLE `REQUIRED_ACTION_PROVIDER`
  ADD CONSTRAINT `FK_REQ_ACT_REALM` FOREIGN KEY (`REALM_ID`) REFERENCES `REALM` (`ID`);

ALTER TABLE `RESOURCE_ATTRIBUTE`
  ADD CONSTRAINT `FK_5HRM2VLF9QL5FU022KQEPOVBR` FOREIGN KEY (`RESOURCE_ID`) REFERENCES `RESOURCE_SERVER_RESOURCE` (`ID`);

ALTER TABLE `RESOURCE_POLICY`
  ADD CONSTRAINT `FK_FRSRPOS53XCX4WNKOG82SSRFY` FOREIGN KEY (`RESOURCE_ID`) REFERENCES `RESOURCE_SERVER_RESOURCE` (`ID`),
  ADD CONSTRAINT `FK_FRSRPP213XCX4WNKOG82SSRFY` FOREIGN KEY (`POLICY_ID`) REFERENCES `RESOURCE_SERVER_POLICY` (`ID`);

ALTER TABLE `RESOURCE_SCOPE`
  ADD CONSTRAINT `FK_FRSRPOS13XCX4WNKOG82SSRFY` FOREIGN KEY (`RESOURCE_ID`) REFERENCES `RESOURCE_SERVER_RESOURCE` (`ID`),
  ADD CONSTRAINT `FK_FRSRPS213XCX4WNKOG82SSRFY` FOREIGN KEY (`SCOPE_ID`) REFERENCES `RESOURCE_SERVER_SCOPE` (`ID`);

ALTER TABLE `RESOURCE_SERVER_PERM_TICKET`
  ADD CONSTRAINT `FK_FRSRHO213XCX4WNKOG82SSPMT` FOREIGN KEY (`RESOURCE_SERVER_ID`) REFERENCES `RESOURCE_SERVER` (`ID`),
  ADD CONSTRAINT `FK_FRSRHO213XCX4WNKOG83SSPMT` FOREIGN KEY (`RESOURCE_ID`) REFERENCES `RESOURCE_SERVER_RESOURCE` (`ID`),
  ADD CONSTRAINT `FK_FRSRHO213XCX4WNKOG84SSPMT` FOREIGN KEY (`SCOPE_ID`) REFERENCES `RESOURCE_SERVER_SCOPE` (`ID`),
  ADD CONSTRAINT `FK_FRSRPO2128CX4WNKOG82SSRFY` FOREIGN KEY (`POLICY_ID`) REFERENCES `RESOURCE_SERVER_POLICY` (`ID`);

ALTER TABLE `RESOURCE_SERVER_POLICY`
  ADD CONSTRAINT `FK_FRSRPO213XCX4WNKOG82SSRFY` FOREIGN KEY (`RESOURCE_SERVER_ID`) REFERENCES `RESOURCE_SERVER` (`ID`);

ALTER TABLE `RESOURCE_SERVER_RESOURCE`
  ADD CONSTRAINT `FK_FRSRHO213XCX4WNKOG82SSRFY` FOREIGN KEY (`RESOURCE_SERVER_ID`) REFERENCES `RESOURCE_SERVER` (`ID`);

ALTER TABLE `RESOURCE_SERVER_SCOPE`
  ADD CONSTRAINT `FK_FRSRSO213XCX4WNKOG82SSRFY` FOREIGN KEY (`RESOURCE_SERVER_ID`) REFERENCES `RESOURCE_SERVER` (`ID`);

ALTER TABLE `RESOURCE_URIS`
  ADD CONSTRAINT `FK_RESOURCE_SERVER_URIS` FOREIGN KEY (`RESOURCE_ID`) REFERENCES `RESOURCE_SERVER_RESOURCE` (`ID`);

ALTER TABLE `ROLE_ATTRIBUTE`
  ADD CONSTRAINT `FK_ROLE_ATTRIBUTE_ID` FOREIGN KEY (`ROLE_ID`) REFERENCES `KEYCLOAK_ROLE` (`ID`);

ALTER TABLE `SCOPE_MAPPING`
  ADD CONSTRAINT `FK_OUSE064PLMLR732LXJCN1Q5F1` FOREIGN KEY (`CLIENT_ID`) REFERENCES `CLIENT` (`ID`);

ALTER TABLE `SCOPE_POLICY`
  ADD CONSTRAINT `FK_FRSRASP13XCX4WNKOG82SSRFY` FOREIGN KEY (`POLICY_ID`) REFERENCES `RESOURCE_SERVER_POLICY` (`ID`),
  ADD CONSTRAINT `FK_FRSRPASS3XCX4WNKOG82SSRFY` FOREIGN KEY (`SCOPE_ID`) REFERENCES `RESOURCE_SERVER_SCOPE` (`ID`);

ALTER TABLE `USER_ATTRIBUTE`
  ADD CONSTRAINT `FK_5HRM2VLF9QL5FU043KQEPOVBR` FOREIGN KEY (`USER_ID`) REFERENCES `USER_ENTITY` (`ID`);

ALTER TABLE `USER_CONSENT`
  ADD CONSTRAINT `FK_GRNTCSNT_USER` FOREIGN KEY (`USER_ID`) REFERENCES `USER_ENTITY` (`ID`);

ALTER TABLE `USER_CONSENT_CLIENT_SCOPE`
  ADD CONSTRAINT `FK_GRNTCSNT_CLSC_USC` FOREIGN KEY (`USER_CONSENT_ID`) REFERENCES `USER_CONSENT` (`ID`);

ALTER TABLE `USER_FEDERATION_CONFIG`
  ADD CONSTRAINT `FK_T13HPU1J94R2EBPEKR39X5EU5` FOREIGN KEY (`USER_FEDERATION_PROVIDER_ID`) REFERENCES `USER_FEDERATION_PROVIDER` (`ID`);

ALTER TABLE `USER_FEDERATION_MAPPER`
  ADD CONSTRAINT `FK_FEDMAPPERPM_FEDPRV` FOREIGN KEY (`FEDERATION_PROVIDER_ID`) REFERENCES `USER_FEDERATION_PROVIDER` (`ID`),
  ADD CONSTRAINT `FK_FEDMAPPERPM_REALM` FOREIGN KEY (`REALM_ID`) REFERENCES `REALM` (`ID`);

ALTER TABLE `USER_FEDERATION_MAPPER_CONFIG`
  ADD CONSTRAINT `FK_FEDMAPPER_CFG` FOREIGN KEY (`USER_FEDERATION_MAPPER_ID`) REFERENCES `USER_FEDERATION_MAPPER` (`ID`);

ALTER TABLE `USER_FEDERATION_PROVIDER`
  ADD CONSTRAINT `FK_1FJ32F6PTOLW2QY60CD8N01E8` FOREIGN KEY (`REALM_ID`) REFERENCES `REALM` (`ID`);

ALTER TABLE `USER_GROUP_MEMBERSHIP`
  ADD CONSTRAINT `FK_USER_GROUP_USER` FOREIGN KEY (`USER_ID`) REFERENCES `USER_ENTITY` (`ID`);

ALTER TABLE `USER_REQUIRED_ACTION`
  ADD CONSTRAINT `FK_6QJ3W1JW9CVAFHE19BWSIUVMD` FOREIGN KEY (`USER_ID`) REFERENCES `USER_ENTITY` (`ID`);

ALTER TABLE `USER_ROLE_MAPPING`
  ADD CONSTRAINT `FK_C4FQV34P1MBYLLOXANG7B1Q3L` FOREIGN KEY (`USER_ID`) REFERENCES `USER_ENTITY` (`ID`);

ALTER TABLE `USER_SESSION_NOTE`
  ADD CONSTRAINT `FK5EDFB00FF51D3472` FOREIGN KEY (`USER_SESSION`) REFERENCES `USER_SESSION` (`ID`);

ALTER TABLE `WEB_ORIGINS`
  ADD CONSTRAINT `FK_LOJPHO213XCX4WNKOG82SSRFY` FOREIGN KEY (`CLIENT_ID`) REFERENCES `CLIENT` (`ID`);
SET FOREIGN_KEY_CHECKS=1;
COMMIT;

/*!40101 SET CHARACTER_SET_CLIENT=@OLD_CHARACTER_SET_CLIENT */;
/*!40101 SET CHARACTER_SET_RESULTS=@OLD_CHARACTER_SET_RESULTS */;
/*!40101 SET COLLATION_CONNECTION=@OLD_COLLATION_CONNECTION */;
